key,field_ok,frac,prob,q0,q1,q2,q3,q4,q5,q6,q7,q8,s_support
patient00205/study1/view1_frontal.jpg,1,0.4571707546710968,0.012386877089738846,1.0,0.4571707546710968,0.20000000298023224,0.4711191654205322,0.29050031304359436,0.016236940398812294,-0.533855140209198,0.5312216281890869,0.24425838887691498,0.9960978
patient00293/study1/view1_frontal.jpg,1,0.30777662992477417,0.32561835646629333,1.0,0.30777662992477417,0.4000000059604645,0.48656174540519714,0.27095499634742737,0.015301193110644817,-0.534859299659729,0.5102267861366272,0.4225342869758606,0.9905329
patient00549/study1/view1_frontal.jpg,1,0.28720903396606445,0.05717175826430321,1.0,0.28720903396606445,0.4000000059604645,0.3793032765388489,0.2641812264919281,0.02233206480741501,-0.4450826346874237,0.05903133749961853,0.8723088502883911,0.87564105
patient00549/study2/view1_frontal.jpg,1,0.3269491493701935,0.0356605090200901,1.0,0.3269491493701935,0.6000000238418579,0.42040175199508667,0.27344441413879395,0.02068912424147129,-0.4585277736186981,0.24988989531993866,0.40556779503822327,0.9746037
patient00562/study1/view1_frontal.jpg,1,0.34275349974632263,0.044688478112220764,1.0,0.34275349974632263,0.4000000059604645,0.39079898595809937,0.26610779762268066,0.02691502310335636,-0.4054560661315918,0.12985984981060028,0.8128247857093811,0.93641293
patient00562/study2/view1_frontal.jpg,1,0.4031210243701935,0.7958308458328247,1.0,0.4031210243701935,0.20000000298023224,0.5155364274978638,0.3054552376270294,0.009745527058839798,-0.6112872362136841,0.6486363410949707,0.1970270872116089,0.997152
patient00562/study3/view1_frontal.jpg,1,0.33812978863716125,0.6900367736816406,1.0,0.33812978863716125,0.20000000298023224,0.483612060546875,0.28861910104751587,0.010716183111071587,-0.5948731303215027,0.5834420323371887,0.024339865893125534,0.9934691
patient00715/study1/view1_frontal.jpg,1,0.1388711780309677,0.19965218007564545,1.0,0.1388711780309677,0.4000000059604645,0.461689293384552,0.2822882831096649,0.01716793142259121,-0.4907390773296356,0.0058690388686954975,0.7755203247070312,0.6801793
patient00715/study2/view1_frontal.jpg,1,0.2056361585855484,0.07437832653522491,1.0,0.2056361585855484,0.20000000298023224,0.4378978908061981,0.27032506465911865,0.01184812095016241,-0.5666284561157227,0.0918455496430397,0.4434930980205536,0.81698537
patient00715/study3/view1_frontal.jpg,1,0.2746930718421936,0.11664216965436935,1.0,0.2746930718421936,0.800000011920929,0.40226152539253235,0.2623368799686432,0.015092531219124794,-0.5266591906547546,0.13474717736244202,0.6404986381530762,0.9552614
patient00715/study4/view1_frontal.jpg,1,0.29571905732154846,0.0667598769068718,1.0,0.29571905732154846,0.6000000238418579,0.435232937335968,0.2773517966270447,0.021708089858293533,-0.4550592005252838,0.19401755928993225,0.7950713038444519,0.9564982
patient00715/study5/view1_frontal.jpg,1,0.20653299987316132,0.08043186366558075,1.0,0.20653299987316132,0.20000000298023224,0.425442636013031,0.2626926004886627,0.017132602632045746,-0.4745709002017975,0.013035190291702747,0.556460976600647,0.72489995
patient00715/study6/view1_frontal.jpg,1,0.4836575388908386,0.21374472975730896,1.0,0.4836575388908386,0.20000000298023224,0.4679541289806366,0.29878732562065125,0.01340479589998722,-0.5555296540260315,0.6549880504608154,0.16433297097682953,0.9982742
patient00715/study7/view1_frontal.jpg,1,0.31084582209587097,0.0647868886590004,1.0,0.31084582209587097,0.800000011920929,0.40135473012924194,0.2654237449169159,0.018788406625390053,-0.47969257831573486,0.0669591873884201,0.9404971599578857,0.9474525
patient00760/study1/view1_frontal.jpg,1,0.2882852256298065,0.6498926877975464,1.0,0.2882852256298065,0.6000000238418579,0.47408387064933777,0.28006771206855774,0.009221486747264862,-0.6206652522087097,0.4458882808685303,0.10393937677145004,0.9905353
patient00760/study2/view1_frontal.jpg,1,0.31056681275367737,0.10053267329931259,1.0,0.31056681275367737,0.20000000298023224,0.4558809995651245,0.27205273509025574,0.011876681819558144,-0.5579826235771179,0.28939560055732727,0.27907559275627136,0.96414983
patient01595/study1/view1_frontal.jpg,1,0.17038026452064514,0.12193223834037781,1.0,0.17038026452064514,0.20000000298023224,0.4303377866744995,0.28198274970054626,0.02443697489798069,-0.42863723635673523,0.1333775371313095,0.7479290962219238,0.7585796
patient01595/study10/view1_frontal.jpg,1,0.3092913031578064,0.10734421014785767,1.0,0.3092913031578064,1.0,0.5039576292037964,0.29455849528312683,0.017511295154690742,-0.5077930688858032,0.2012082189321518,0.5072119235992432,0.9835607
patient01595/study11/view1_frontal.jpg,1,0.4806680381298065,0.6674781441688538,1.0,0.4806680381298065,0.20000000298023224,0.48737263679504395,0.2930655777454376,0.014446943067014217,-0.5330580472946167,0.440328449010849,0.6658679246902466,0.994736
patient01595/study12/view1_frontal.jpg,1,0.2842394709587097,0.13210418820381165,1.0,0.2842394709587097,0.20000000298023224,0.4717206358909607,0.29339465498924255,0.010341199114918709,-0.620660126209259,0.5496701598167419,0.08258721232414246,0.9884045
patient01595/study13/view1_frontal.jpg,1,0.15284200012683868,0.16993917524814606,1.0,0.15284200012683868,0.20000000298023224,0.3954196870326996,0.28899046778678894,0.01532647293061018,-0.4979049563407898,0.050055574625730515,0.560107946395874,0.6600212
patient01595/study14/view1_frontal.jpg,1,0.3401227593421936,0.5651420950889587,1.0,0.3401227593421936,0.6000000238418579,0.4597468972206116,0.3130452334880829,0.014214770868420601,-0.5148254632949829,0.48475292325019836,0.3824447989463806,0.99299663
patient01595/study15/view1_frontal.jpg,1,0.5752351880073547,0.651836633682251,1.0,0.5752351880073547,0.20000000298023224,0.6204773783683777,0.3179824948310852,0.01194766815751791,-0.569288432598114,0.7289769649505615,0.30308181047439575,0.9995278
patient01595/study16/view1_frontal.jpg,1,0.20896445214748383,0.03835778310894966,1.0,0.20896445214748383,0.20000000298023224,0.39040040969848633,0.26420870423316956,0.02063152752816677,-0.45409178733825684,0.08947339653968811,0.6265917420387268,0.7766649
patient01595/study17/view1_frontal.jpg,1,0.28192761540412903,0.55411297082901,1.0,0.28192761540412903,0.20000000298023224,0.4920673072338104,0.32529810070991516,0.012222124263644218,-0.5233009457588196,0.547774076461792,0.1333177387714386,0.9859703
patient01595/study18/view1_frontal.jpg,1,0.45119181275367737,0.2671626806259155,1.0,0.45119181275367737,0.6000000238418579,0.5233802795410156,0.2913435697555542,0.016145022585988045,-0.5026335716247559,0.6115128993988037,0.48874431848526,0.99854916
patient01595/study19/view1_frontal.jpg,1,0.522441029548645,0.2899082899093628,1.0,0.522441029548645,0.6000000238418579,0.5159339308738708,0.30676257610321045,0.01107914187014103,-0.5869036316871643,0.6431107521057129,0.2735447287559509,0.9993556
patient01595/study2/view1_frontal.jpg,1,0.3685028553009033,0.09753159433603287,1.0,0.3685028553009033,1.0,0.5043119192123413,0.29305776953697205,0.015310927294194698,-0.5274255275726318,0.29928329586982727,0.49181005358695984,0.9936237
patient01595/study20/view1_frontal.jpg,1,0.2709064185619354,0.047959089279174805,1.0,0.2709064185619354,0.20000000298023224,0.40867552161216736,0.2653459906578064,0.02639944851398468,-0.40205439925193787,0.1352342814207077,0.9495626091957092,0.8636619
patient01595/study21/view1_frontal.jpg,1,0.3118024468421936,0.24816884100437164,1.0,0.3118024468421936,0.800000011920929,0.48421719670295715,0.2916744351387024,0.02025729790329933,-0.46329963207244873,0.4819302558898926,0.3063524663448334,0.9937546
patient01595/study22/view1_frontal.jpg,1,0.18032525479793549,0.17424233257770538,1.0,0.18032525479793549,0.4000000059604645,0.40040308237075806,0.28369197249412537,0.010291768237948418,-0.5885399580001831,0.3983220160007477,0.4609769880771637,0.9536686
patient01595/study23/view1_frontal.jpg,1,0.3273676633834839,0.3335671126842499,1.0,0.3273676633834839,0.4000000059604645,0.4700389802455902,0.282802939414978,0.016866173595190048,-0.5153049230575562,0.6213529109954834,0.24394728243350983,0.9949502
patient01595/study24/view1_frontal.jpg,1,0.35612642765045166,0.22639885544776917,1.0,0.35612642765045166,0.4000000059604645,0.47731491923332214,0.29966312646865845,0.01869719661772251,-0.49190327525138855,0.45138585567474365,0.07262535393238068,0.9907266
patient01595/study25/view1_frontal.jpg,1,0.5032086968421936,0.5047969818115234,1.0,0.5032086968421936,0.4000000059604645,0.500452995300293,0.29764410853385925,0.015051905065774918,-0.5277267694473267,0.7218071222305298,0.411944717168808,0.9992028
patient01595/study3/view1_frontal.jpg,1,0.37109375,0.8441222906112671,1.0,0.37109375,0.4000000059604645,0.4692175090312958,0.28850650787353516,0.011501685716211796,-0.5723361968994141,0.7494195103645325,0.30381277203559875,0.99814796
patient01595/study4/view1_frontal.jpg,1,0.28517618775367737,0.2582618296146393,1.0,0.28517618775367737,1.0,0.4433746337890625,0.2963297963142395,0.012504959478974342,-0.5394749045372009,0.3979038596153259,0.12648582458496094,0.9921548
patient01595/study5/view1_frontal.jpg,1,0.24284517765045166,0.4275968372821808,1.0,0.24284517765045166,0.6000000238418579,0.46897414326667786,0.30684933066368103,0.011418037116527557,-0.5701477527618408,0.332570880651474,0.5590822100639343,0.9722201
patient01595/study6/view1_frontal.jpg,1,0.3212093412876129,0.6874736547470093,1.0,0.3212093412876129,0.20000000298023224,0.49031028151512146,0.2986798584461212,0.007075448986142874,-0.6655265092849731,0.5083568692207336,0.06887863576412201,0.99026275
patient01595/study7/view1_frontal.jpg,1,0.2961575388908386,0.15482072532176971,1.0,0.2961575388908386,0.20000000298023224,0.5310150980949402,0.2998131811618805,0.013951822184026241,-0.541022002696991,0.2030719518661499,0.354429692029953,0.94373137
patient01595/study9/view1_frontal.jpg,1,0.24053332209587097,0.27496814727783203,1.0,0.24053332209587097,0.20000000298023224,0.47540539503097534,0.28670117259025574,0.020833784714341164,-0.4719167649745941,0.26979386806488037,0.4583587050437927,0.92546284
patient02000/study1/view1_frontal.jpg,1,0.12075494229793549,0.1982618123292923,1.0,0.12075494229793549,0.20000000298023224,0.3651406764984131,0.28514599800109863,0.03136180341243744,-0.38734889030456543,0.04007101058959961,0.6918831467628479,0.53627896
patient02209/study1/view1_frontal.jpg,1,0.3599928319454193,0.039116714149713516,1.0,0.3599928319454193,0.800000011920929,0.48875465989112854,0.28561389446258545,0.01285421010106802,-0.5465538501739502,0.05792345479130745,0.7226824164390564,0.9701129
patient02209/study2/view1_frontal.jpg,1,0.2689931392669678,0.02421809732913971,1.0,0.2689931392669678,0.6000000238418579,0.435547798871994,0.2762933671474457,0.015217999927699566,-0.5251734256744385,0.1221795305609703,0.48111283779144287,0.9367123
patient02397/study1/view1_frontal.jpg,1,0.35598692297935486,0.6655626893043518,1.0,0.35598692297935486,1.0,0.42156100273132324,0.3061528503894806,0.013837079517543316,-0.5316759347915649,0.18431046605110168,0.28117242455482483,0.9862098
patient02397/study10/view1_frontal.jpg,1,0.13905054330825806,0.23002508282661438,1.0,0.13905054330825806,0.20000000298023224,0.4603128135204315,0.29153865575790405,0.01400200929492712,-0.5025026798248291,0.082555390894413,0.8740023970603943,0.6856833
patient02397/study11/view1_frontal.jpg,1,0.3199737071990967,0.47329485416412354,1.0,0.3199737071990967,0.6000000238418579,0.4303320348262787,0.29732996225357056,0.014541798271238804,-0.5175305008888245,0.13258467614650726,0.4004308879375458,0.95655656
patient02397/study2/view1_frontal.jpg,1,0.21785315871238708,0.2624567747116089,1.0,0.21785315871238708,0.20000000298023224,0.38301071524620056,0.2767206132411957,0.014009772799909115,-0.5007777214050293,0.08855100721120834,0.7721745371818542,0.7883269
patient02397/study3/view1_frontal.jpg,1,0.1237444207072258,0.3201000392436981,1.0,0.1237444207072258,0.20000000298023224,0.46401190757751465,0.29688772559165955,0.01742878556251526,-0.4752402901649475,0.03011636808514595,1.0,0.5866011
patient02397/study4/view1_frontal.jpg,1,0.13653938472270966,0.25402796268463135,1.0,0.13653938472270966,0.4000000059604645,0.4455481469631195,0.30681151151657104,0.02211047150194645,-0.44681277871131897,0.013078772462904453,0.3689016103744507,0.6692391
patient02397/study5/view1_frontal.jpg,1,0.21811224520206451,0.10363410413265228,1.0,0.21811224520206451,0.20000000298023224,0.4460757076740265,0.3053229749202728,0.027645347639918327,-0.4037964642047882,0.07190632075071335,0.2699204385280609,0.7774156
patient02397/study6/view1_frontal.jpg,1,0.13227438926696777,0.16283918917179108,1.0,0.13227438926696777,0.20000000298023224,0.46914905309677124,0.29872459173202515,0.014857901260256767,-0.5784861445426941,0.020860454067587852,0.49729466438293457,0.64736587
patient02397/study7/view1_frontal.jpg,1,0.3745017647743225,0.13754567503929138,1.0,0.3745017647743225,0.4000000059604645,0.42245009541511536,0.2780018150806427,0.021250857040286064,-0.4430035948753357,0.14839620888233185,0.6547983884811401,0.958402
patient02397/study8/view1_frontal.jpg,1,0.33737245202064514,0.03866063058376312,1.0,0.33737245202064514,0.6000000238418579,0.4489240050315857,0.2840508222579956,0.012641476467251778,-0.5635179877281189,0.06867747008800507,0.7445535659790039,0.9518989
patient02397/study9/view1_frontal.jpg,1,0.3362762928009033,0.33100152015686035,1.0,0.3362762928009033,0.4000000059604645,0.44501906633377075,0.31229308247566223,0.0145547641441226,-0.5196980834007263,0.2208842635154724,0.3677482008934021,0.9652736
patient02413/study1/view1_frontal.jpg,1,0.09022241830825806,0.16946814954280853,1.0,0.09022241830825806,0.20000000298023224,0.4101848900318146,0.30499398708343506,0.024471744894981384,-0.41147032380104065,0.0042439959943294525,0.4198705554008484,0.46608534
patient02649/study1/view1_frontal.jpg,1,0.11995774507522583,0.09764622151851654,1.0,0.11995774507522583,0.4000000059604645,0.4327351450920105,0.30968114733695984,0.0287861917167902,-0.3887265920639038,0.004061060957610607,0.7865668535232544,0.587805
patient03005/study1/view1_frontal.jpg,1,0.1432756632566452,0.19635553658008575,1.0,0.1432756632566452,0.20000000298023224,0.4382386803627014,0.305886447429657,0.024782702326774597,-0.42170146107673645,0.2389761358499527,0.2739471197128296,0.81492525
patient03005/study2/view1_frontal.jpg,1,0.22618383169174194,0.31859561800956726,1.0,0.22618383169174194,0.6000000238418579,0.4598155915737152,0.3061065971851349,0.018028419464826584,-0.449695885181427,0.23041801154613495,0.5558117628097534,0.94017774
patient03005/study3/view1_frontal.jpg,1,0.22241708636283875,0.06278477609157562,1.0,0.22241708636283875,0.4000000059604645,0.4175218939781189,0.29458633065223694,0.02615119330585003,-0.38022950291633606,0.04714670404791832,0.6781943440437317,0.79467994
patient03005/study4/view1_frontal.jpg,1,0.2209821492433548,0.41590508818626404,1.0,0.2209821492433548,0.20000000298023224,0.4652272164821625,0.3066306412220001,0.025097545236349106,-0.4196103513240814,0.3083787262439728,0.4699004888534546,0.91861767
patient03005/study5/view1_frontal.jpg,1,0.2523517310619354,0.7705600261688232,1.0,0.2523517310619354,0.6000000238418579,0.4672061502933502,0.3024912178516388,0.02203502506017685,-0.4402758777141571,0.38488906621932983,0.4263438582420349,0.9764138
patient03388/study1/view1_frontal.jpg,1,0.526387095451355,0.0653950572013855,1.0,0.526387095451355,0.6000000238418579,0.5145702362060547,0.2940501272678375,0.012313993647694588,-0.5730876326560974,0.364016056060791,0.2939721345901489,0.9976255
patient03388/study2/view1_frontal.jpg,1,0.4879424571990967,0.22359943389892578,1.0,0.4879424571990967,0.800000011920929,0.4768470823764801,0.28615105152130127,0.01407110970467329,-0.5413020253181458,0.4905850887298584,0.5317174792289734,0.9985483
patient03388/study3/view1_frontal.jpg,1,0.22720025479793549,0.11191707104444504,1.0,0.22720025479793549,0.4000000059604645,0.45512834191322327,0.3033495247364044,0.020855918526649475,-0.4580356180667877,0.012438754551112652,1.0,0.7912659
patient03833/study1/view1_frontal.jpg,1,0.4578085243701935,0.18360066413879395,1.0,0.4578085243701935,0.800000011920929,0.4307487905025482,0.29756876826286316,0.01755310595035553,-0.49947261810302734,0.25990188121795654,0.23162201046943665,0.9938599
patient03875/study1/view1_frontal.jpg,1,0.4661591053009033,0.1027170792222023,1.0,0.4661591053009033,0.20000000298023224,0.4900967478752136,0.2926870584487915,0.01043136976659298,-0.5889929533004761,0.44891974329948425,0.08503325283527374,0.99528545
patient04163/study1/view1_frontal.jpg,1,0.3766143321990967,0.05244474112987518,1.0,0.3766143321990967,0.800000011920929,0.40910857915878296,0.2935716509819031,0.012064284645020962,-0.5589565634727478,0.32477936148643494,0.3622550666332245,0.99184906
patient04819/study1/view1_frontal.jpg,1,0.38606107234954834,0.25571852922439575,1.0,0.38606107234954834,1.0,0.4328173100948334,0.27704089879989624,0.011618876829743385,-0.5561673045158386,0.32272133231163025,0.17157672345638275,0.99497175
patient04819/study2/view1_frontal.jpg,1,0.43480947613716125,0.2702259123325348,1.0,0.43480947613716125,0.6000000238418579,0.41238489747047424,0.305015504360199,0.022081159055233,-0.4406094551086426,0.359114408493042,0.49886608123779297,0.9925135
patient04899/study1/view1_frontal.jpg,1,0.14971300959587097,0.25094830989837646,1.0,0.14971300959587097,0.4000000059604645,0.46411681175231934,0.29268530011177063,0.017139283940196037,-0.46547818183898926,0.02304704487323761,0.5191231369972229,0.7135996
patient04899/study10/view1_frontal.jpg,1,0.47576531767845154,0.6550466418266296,1.0,0.47576531767845154,0.4000000059604645,0.3941032290458679,0.3247326612472534,0.01210763305425644,-0.5213457345962524,0.33611196279525757,0.32898783683776855,0.99216664
patient04899/study11/view1_frontal.jpg,1,0.20394212007522583,0.3158618211746216,1.0,0.20394212007522583,0.4000000059604645,0.36488214135169983,0.30698978900909424,0.01264394074678421,-0.5183640122413635,0.028315573930740356,0.12972906231880188,0.78380793
patient04899/study2/view1_frontal.jpg,1,0.41613519191741943,0.2707149386405945,1.0,0.41613519191741943,0.20000000298023224,0.42062774300575256,0.31712132692337036,0.011049005202949047,-0.5466778874397278,0.3650059700012207,0.17704243957996368,0.9868901
patient04899/study3/view1_frontal.jpg,1,0.21097736060619354,0.07767358422279358,1.0,0.21097736060619354,0.20000000298023224,0.435550719499588,0.3043056130409241,0.01858871802687645,-0.4722050130367279,0.25450992584228516,0.5143440961837769,0.8914039
patient04899/study4/view1_frontal.jpg,1,0.20645327866077423,0.1535273790359497,1.0,0.20645327866077423,0.4000000059604645,0.46808093786239624,0.3082725703716278,0.017759012058377266,-0.4778096675872803,0.1745004653930664,0.4706188142299652,0.8887637
patient04899/study5/view1_frontal.jpg,1,0.2260044664144516,0.1077379509806633,1.0,0.2260044664144516,0.20000000298023224,0.49457457661628723,0.3122083842754364,0.022300511598587036,-0.4274662435054779,0.00407317653298378,0.64382004737854,0.73751205
patient04899/study6/view1_frontal.jpg,1,0.15640944242477417,0.09081751108169556,1.0,0.15640944242477417,0.800000011920929,0.4202919900417328,0.26653027534484863,0.011827410198748112,-0.6098480820655823,0.2618332505226135,0.23471175134181976,0.95117486
patient04899/study7/view1_frontal.jpg,1,0.32489636540412903,0.194130539894104,1.0,0.32489636540412903,0.4000000059604645,0.39513152837753296,0.30973008275032043,0.020663883537054062,-0.4306766390800476,0.3333503007888794,0.23405863344669342,0.97303593
patient04899/study8/view1_frontal.jpg,1,0.12830835580825806,0.31254738569259644,1.0,0.12830835580825806,0.4000000059604645,0.4779939353466034,0.2866276502609253,0.014375098049640656,-0.4926782250404358,0.1971292942762375,0.1900111436843872,0.84674877
patient04899/study9/view1_frontal.jpg,1,0.2103794664144516,0.29362568259239197,1.0,0.2103794664144516,0.20000000298023224,0.45513543486595154,0.29575926065444946,0.015835078433156013,-0.49428239464759827,0.22432823479175568,0.5131292343139648,0.88474727
patient05062/study1/view1_frontal.jpg,1,0.19134646654129028,0.32031145691871643,1.0,0.19134646654129028,0.6000000238418579,0.46866536140441895,0.30495768785476685,0.016982199624180794,-0.4884917438030243,0.34150615334510803,0.3503175675868988,0.95791376
patient05062/study2/view1_frontal.jpg,1,0.49772799015045166,0.08290094137191772,1.0,0.49772799015045166,0.4000000059604645,0.5681348443031311,0.28990301489830017,0.01381493266671896,-0.5502331256866455,0.6022505760192871,0.34907639026641846,0.99876994
patient05062/study3/view1_frontal.jpg,1,0.3018175959587097,0.13531136512756348,1.0,0.3018175959587097,0.6000000238418579,0.49147897958755493,0.2906096279621124,0.016731519252061844,-0.5009092688560486,0.3855558931827545,0.47621750831604004,0.9859189
patient05062/study3/view2_frontal.jpg,1,0.3348214328289032,0.3624933362007141,1.0,0.3348214328289032,0.6000000238418579,0.5030979514122009,0.2931118905544281,0.01994548738002777,-0.4752689003944397,0.3678074777126312,0.5363526344299316,0.98773557
patient05508/study1/view1_frontal.jpg,1,0.23240195214748383,0.31598907709121704,1.0,0.23240195214748383,0.20000000298023224,0.42671507596969604,0.3315785825252533,0.009404071606695652,-0.635694146156311,0.1427556872367859,0.2966643273830414,0.87407964
patient05508/study10/view1_frontal.jpg,1,0.49005499482154846,0.7271011471748352,1.0,0.49005499482154846,1.0,0.5566971302032471,0.2905483841896057,0.012710921466350555,-0.5393992066383362,0.6545567512512207,0.3098921477794647,0.9996018
patient05508/study11/view1_frontal.jpg,1,0.19579081237316132,0.36790040135383606,1.0,0.19579081237316132,0.20000000298023224,0.3995310664176941,0.32278093695640564,0.013161559589207172,-0.5198366641998291,0.06699913740158081,0.41813015937805176,0.7457726
patient05508/study12/view1_frontal.jpg,1,0.36995774507522583,0.16718639433383942,1.0,0.36995774507522583,0.20000000298023224,0.5497187972068787,0.2914896309375763,0.011633114889264107,-0.5937185287475586,0.5726972818374634,0.4191250205039978,0.9948619
patient05508/study13/view1_frontal.jpg,1,0.3284637928009033,0.2542918622493744,1.0,0.3284637928009033,0.800000011920929,0.42525240778923035,0.3236308991909027,0.014655626378953457,-0.5026174187660217,0.20929597318172455,0.5631561279296875,0.9768436
patient05508/study14/view1_frontal.jpg,1,0.44152581691741943,0.664033055305481,1.0,0.44152581691741943,0.4000000059604645,0.544624924659729,0.2981517016887665,0.013979986310005188,-0.5412968397140503,0.7218559384346008,0.13951362669467926,0.99889153
patient05508/study15/view1_frontal.jpg,1,0.32752710580825806,0.392436146736145,1.0,0.32752710580825806,0.6000000238418579,0.4194051921367645,0.31813737750053406,0.017852475866675377,-0.47362300753593445,0.24128620326519012,0.5048516988754272,0.9716213
patient05508/study16/view1_frontal.jpg,1,0.3813377022743225,0.08188611268997192,1.0,0.3813377022743225,0.4000000059604645,0.5500520467758179,0.2934871017932892,0.01567826233804226,-0.5105671882629395,0.3005226254463196,0.5115488171577454,0.9857991
patient05508/study2/view1_frontal.jpg,1,0.5150071978569031,0.16817446053028107,1.0,0.5150071978569031,0.4000000059604645,0.5548194050788879,0.287448525428772,0.012295282445847988,-0.5832635164260864,0.43002891540527344,0.26114049553871155,0.9976494
patient05508/study3/view1_frontal.jpg,1,0.43118223547935486,0.15217731893062592,1.0,0.43118223547935486,0.20000000298023224,0.5296071767807007,0.3075482249259949,0.015196887776255608,-0.507889449596405,0.3245711922645569,0.04205514118075371,0.98819983
patient05508/study4/view1_frontal.jpg,1,0.37121331691741943,0.07705413550138474,1.0,0.37121331691741943,0.6000000238418579,0.5266962051391602,0.3097490668296814,0.014552413485944271,-0.5235907435417175,0.2854895293712616,0.16563253104686737,0.98808366
patient05508/study5/view1_frontal.jpg,1,0.5213648080825806,0.1903400719165802,1.0,0.5213648080825806,0.4000000059604645,0.5143882036209106,0.29664382338523865,0.013649172149598598,-0.5335133671760559,0.6655774116516113,0.07579560577869415,0.9991721
patient05508/study6/view1_frontal.jpg,1,0.5139309763908386,0.04424220323562622,1.0,0.5139309763908386,1.0,0.5578827857971191,0.3020291030406952,0.013996930792927742,-0.5399491786956787,0.6078503131866455,0.1024014875292778,0.99959284
patient05508/study7/view1_frontal.jpg,1,0.34044164419174194,0.3156169354915619,1.0,0.34044164419174194,0.6000000238418579,0.4729176461696625,0.3125685751438141,0.011032485403120518,-0.6134883165359497,0.2753639221191406,0.1700078547000885,0.9845707
patient05508/study8/view1_frontal.jpg,1,0.24087212979793549,0.2795671224594116,1.0,0.24087212979793549,0.20000000298023224,0.43487802147865295,0.31370148062705994,0.009962395764887333,-0.6055669188499451,0.107554592192173,0.07138064503669739,0.86718076
patient05508/study9/view1_frontal.jpg,1,0.23834103345870972,0.4269896149635315,1.0,0.23834103345870972,0.6000000238418579,0.38650834560394287,0.31655946373939514,0.012737707234919071,-0.5337581634521484,0.2253030240535736,0.5166582465171814,0.9424707
patient05724/study1/view1_frontal.jpg,1,0.28140944242477417,0.6803800463676453,1.0,0.28140944242477417,0.4000000059604645,0.4382559359073639,0.31662291288375854,0.016050035133957863,-0.5087395310401917,0.16697117686271667,0.6161038875579834,0.9288101
patient05724/study2/view1_frontal.jpg,1,0.3321109712123871,0.8558902144432068,1.0,0.3321109712123871,0.4000000059604645,0.4244115650653839,0.3144257068634033,0.015240009874105453,-0.5058798789978027,0.3442549407482147,0.30627429485321045,0.9787911
patient05727/study1/view1_frontal.jpg,1,0.35411351919174194,0.35664716362953186,1.0,0.35411351919174194,0.800000011920929,0.43916457891464233,0.3113647699356079,0.015589289367198944,-0.5213243365287781,0.17812563478946686,0.6094377040863037,0.9792986
patient06049/study1/view1_frontal.jpg,1,0.32684949040412903,0.27107489109039307,1.0,0.32684949040412903,0.4000000059604645,0.4691810607910156,0.3212839365005493,0.01253980491310358,-0.5303787589073181,0.20507963001728058,0.5167673230171204,0.9606316
patient06049/study2/view1_frontal.jpg,1,0.2599051296710968,0.3366476893424988,1.0,0.2599051296710968,0.20000000298023224,0.47868165373802185,0.31732213497161865,0.010491429828107357,-0.5436121821403503,0.05852065607905388,0.6818763613700867,0.84179735
patient06367/study1/view1_frontal.jpg,1,0.4784359037876129,0.800792932510376,1.0,0.4784359037876129,0.4000000059604645,0.4790830910205841,0.3198893070220947,0.014100673608481884,-0.5211161971092224,0.6419292092323303,0.23622015118598938,0.9985026
patient06367/study2/view1_frontal.jpg,1,0.32015305757522583,0.9941144585609436,1.0,0.32015305757522583,0.800000011920929,0.44730478525161743,0.24381116032600403,0.008770396001636982,-0.62775719165802,0.7055012583732605,0.2396346777677536,0.9984414
patient06715/study1/view1_frontal.jpg,1,0.37888631224632263,0.4793926477432251,1.0,0.37888631224632263,0.6000000238418579,0.4628218114376068,0.2504422068595886,0.008567663840949535,-0.6370970010757446,0.48352351784706116,0.5808088779449463,0.99594206
patient06771/study1/view1_frontal.jpg,1,0.18311543762683868,0.06028052791953087,1.0,0.18311543762683868,0.20000000298023224,0.3707355558872223,0.25464820861816406,0.01274141576141119,-0.5820446610450745,0.037627335637807846,0.3598906397819519,0.7321388
patient06771/study1/view2_frontal.jpg,1,0.38277265429496765,0.035025935620069504,1.0,0.38277265429496765,0.20000000298023224,0.3612935543060303,0.2557816505432129,0.012924016453325748,-0.5763301253318787,0.21301081776618958,0.43640854954719543,0.9657381
patient06873/study1/view1_frontal.jpg,1,0.28176817297935486,0.3140195608139038,1.0,0.28176817297935486,0.4000000059604645,0.3803350627422333,0.24860583245754242,0.009993688203394413,-0.5995126366615295,0.3125929534435272,0.38603582978248596,0.96920246
patient06873/study2/view1_frontal.jpg,1,0.3891103267669678,0.38244473934173584,1.0,0.3891103267669678,0.20000000298023224,0.4889255166053772,0.22077888250350952,0.009945083409547806,-0.6122812628746033,0.5137994885444641,0.2764160633087158,0.9944976
patient06873/study3/view1_frontal.jpg,1,0.3030731678009033,0.25219884514808655,1.0,0.3030731678009033,0.4000000059604645,0.49108925461769104,0.20331306755542755,0.011460531502962112,-0.574437141418457,0.32030826807022095,0.4853050708770752,0.97977656
patient06873/study4/view1_frontal.jpg,1,0.2689931392669678,0.19604112207889557,1.0,0.2689931392669678,0.4000000059604645,0.39827752113342285,0.26142892241477966,0.010264240205287933,-0.5895839333534241,0.2667389214038849,0.3740679919719696,0.958091
patient06873/study5/view1_frontal.jpg,1,0.39797911047935486,0.28476449847221375,1.0,0.39797911047935486,1.0,0.44613736867904663,0.2127372771501541,0.007804379798471928,-0.6688182353973389,0.4926433563232422,0.035764262080192566,0.99851686
patient06891/study1/view1_frontal.jpg,1,0.45232781767845154,0.108194500207901,1.0,0.45232781767845154,0.4000000059604645,0.3840198218822479,0.22556838393211365,0.013719531707465649,-0.5605462789535522,0.19047245383262634,0.7904693484306335,0.98374224
patient07065/study1/view1_frontal.jpg,1,0.35241949558258057,0.029276464134454727,1.0,0.35241949558258057,0.4000000059604645,0.40800249576568604,0.267406165599823,0.01988375000655651,-0.4731992483139038,0.07600609213113785,0.16647017002105713,0.9392501
patient07192/study1/view1_frontal.jpg,1,0.5282804369926453,0.025530800223350525,1.0,0.5282804369926453,0.20000000298023224,0.46654778718948364,0.23951496183872223,0.012901953421533108,-0.5745130777359009,0.5461376905441284,0.04628373309969902,0.9982267
patient08174/study1/view1_frontal.jpg,1,0.40244340896606445,0.45997291803359985,1.0,0.40244340896606445,0.4000000059604645,0.44356676936149597,0.2395627349615097,0.012334701605141163,-0.5674646496772766,0.6837191581726074,0.32595115900039673,0.9980673
patient08174/study2/view1_frontal.jpg,1,0.5060387253761292,0.2531869113445282,1.0,0.5060387253761292,0.4000000059604645,0.5255663990974426,0.29719147086143494,0.010936739854514599,-0.5801077485084534,0.4640030264854431,0.5497888922691345,0.997577
patient08174/study3/view1_frontal.jpg,1,0.3652941584587097,0.0703582614660263,1.0,0.3652941584587097,0.20000000298023224,0.4706878960132599,0.305339515209198,0.019683368504047394,-0.45498061180114746,0.3669640123844147,0.28585711121559143,0.9802648
patient08174/study4/view1_frontal.jpg,1,0.2786790430545807,0.6464123129844666,1.0,0.2786790430545807,0.4000000059604645,0.48505353927612305,0.29671385884284973,0.02032114937901497,-0.45602095127105713,0.4461440145969391,0.438140869140625,0.98126274
patient08174/study5/view1_frontal.jpg,1,0.3080357015132904,0.19000859558582306,1.0,0.3080357015132904,0.6000000238418579,0.46746423840522766,0.3089573383331299,0.022596850991249084,-0.4352736175060272,0.22107432782649994,0.5037832856178284,0.96569735
patient08829/study1/view1_frontal.jpg,1,0.3726084232330322,0.05363371595740318,1.0,0.3726084232330322,0.20000000298023224,0.4698968529701233,0.3045623302459717,0.021079935133457184,-0.44641950726509094,0.4757627844810486,0.2753126323223114,0.98869854
patient08829/study2/view1_frontal.jpg,1,0.3464205861091614,0.5214627385139465,1.0,0.3464205861091614,0.4000000059604645,0.4902588725090027,0.2915683388710022,0.016727428883314133,-0.4900378882884979,0.5329962372779846,0.2825360596179962,0.99321645
patient08952/study1/view1_frontal.jpg,1,0.36728715896606445,0.8668652176856995,1.0,0.36728715896606445,0.20000000298023224,0.4950392544269562,0.29928988218307495,0.017397144809365273,-0.49115902185440063,0.6366965174674988,0.4162044823169708,0.9950029
patient08952/study2/view1_frontal.jpg,1,0.3569834232330322,0.11942731589078903,1.0,0.3569834232330322,0.4000000059604645,0.4580003321170807,0.2746410071849823,0.020286399871110916,-0.4593826234340668,0.5216872096061707,0.22845302522182465,0.99297637
patient08952/study3/view1_frontal.jpg,1,0.35522958636283875,0.18609459698200226,1.0,0.35522958636283875,0.4000000059604645,0.45318859815597534,0.30397188663482666,0.01861521229147911,-0.4784999489784241,0.5612309575080872,0.19475440680980682,0.99392927
patient08952/study4/view1_frontal.jpg,1,0.4149593412876129,0.783078670501709,1.0,0.4149593412876129,1.0,0.55971360206604,0.2912672460079193,0.012088330462574959,-0.5547552704811096,0.641169011592865,0.25735336542129517,0.99926955
patient08952/study5/view1_frontal.jpg,1,0.5490074753761292,0.8283418416976929,1.0,0.5490074753761292,0.6000000238418579,0.5483490824699402,0.29482871294021606,0.014284311793744564,-0.5206314325332642,0.6731283068656921,0.20781971514225006,0.99954385
patient08952/study6/view1_frontal.jpg,1,0.4375797212123871,0.42564326524734497,1.0,0.4375797212123871,1.0,0.4906376898288727,0.2886016368865967,0.019935721531510353,-0.47249752283096313,0.4558192193508148,0.5671364665031433,0.99801767
patient08952/study7/view1_frontal.jpg,1,0.5216438174247742,0.8486881256103516,1.0,0.5216438174247742,0.4000000059604645,0.5291326642036438,0.28730493783950806,0.016351310536265373,-0.5045943856239319,0.7201260328292847,0.2585250735282898,0.9993456
patient09146/study1/view1_frontal.jpg,1,0.5902025103569031,0.12399278581142426,1.0,0.5902025103569031,0.4000000059604645,0.5086337924003601,0.29682594537734985,0.016042815521359444,-0.508101761341095,0.7632330060005188,0.1054888442158699,0.999678
patient09385/study1/view1_frontal.jpg,1,0.5509008169174194,0.743368923664093,1.0,0.5509008169174194,1.0,0.5077664256095886,0.3072243630886078,0.014916520565748215,-0.5182965993881226,0.7949388027191162,0.15389423072338104,0.9998559
patient09842/study1/view1_frontal.jpg,1,0.4050741493701935,0.06534259021282196,1.0,0.4050741493701935,0.6000000238418579,0.46385064721107483,0.30258265137672424,0.022517982870340347,-0.44029712677001953,0.5018121004104614,0.16018728911876678,0.9959086
patient09842/study2/view1_frontal.jpg,1,0.4223732352256775,0.39346274733543396,1.0,0.4223732352256775,0.20000000298023224,0.48196813464164734,0.31019145250320435,0.013365363702178001,-0.5419049263000488,0.5135257244110107,0.5582975745201111,0.9941356
patient09842/study2/view2_frontal.jpg,1,0.40280213952064514,0.10219878703355789,1.0,0.40280213952064514,0.6000000238418579,0.49438613653182983,0.3078025281429291,0.018609263002872467,-0.4753997027873993,0.2780296802520752,0.5004439949989319,0.9884134
patient09842/study3/view1_frontal.jpg,1,0.517000138759613,0.05205129459500313,1.0,0.517000138759613,1.0,0.4800705313682556,0.3057936728000641,0.018237629905343056,-0.4951900243759155,0.30379900336265564,0.14100401103496552,0.99789006
patient10001/study1/view1_frontal.jpg,1,0.30080118775367737,0.1610734909772873,1.0,0.30080118775367737,1.0,0.5038245320320129,0.3056257963180542,0.01570284552872181,-0.5004257559776306,0.4065845310688019,0.16801314055919647,0.9935262
patient10001/study10/view1_frontal.jpg,1,0.2744937837123871,0.04043441638350487,1.0,0.2744937837123871,0.800000011920929,0.4869968295097351,0.3165748417377472,0.016947871074080467,-0.49917012453079224,0.15276078879833221,0.2103586196899414,0.96218866
patient10001/study11/view1_frontal.jpg,1,0.44786351919174194,0.02749098837375641,1.0,0.44786351919174194,0.4000000059604645,0.49194225668907166,0.3098604083061218,0.019424766302108765,-0.45362019538879395,0.34331846237182617,0.12288734316825867,0.9918873
patient10001/study12/view1_frontal.jpg,1,0.36304208636283875,0.04708690568804741,1.0,0.36304208636283875,1.0,0.4940272271633148,0.30969762802124023,0.017016293480992317,-0.49786651134490967,0.2787277400493622,0.2742064893245697,0.99227035
patient10001/study13/view1_frontal.jpg,1,0.2515943944454193,0.1475403904914856,1.0,0.2515943944454193,0.4000000059604645,0.48265621066093445,0.3141986131668091,0.017755409702658653,-0.49140465259552,0.4701118767261505,0.07760819792747498,0.98090315
patient10001/study2/view1_frontal.jpg,1,0.26789700984954834,0.03715609386563301,1.0,0.26789700984954834,0.4000000059604645,0.5069923400878906,0.31127235293388367,0.015803208574652672,-0.5076162219047546,0.11019160598516464,0.4761713147163391,0.91292125
patient10001/study3/view1_frontal.jpg,1,0.2205038219690323,0.24963602423667908,1.0,0.2205038219690323,0.6000000238418579,0.4567070007324219,0.3075990080833435,0.012640627101063728,-0.5453451871871948,0.16933752596378326,0.39622315764427185,0.92904156
patient10001/study4/view1_frontal.jpg,1,0.44897958636283875,0.054558396339416504,1.0,0.44897958636283875,0.4000000059604645,0.4994429051876068,0.2910250127315521,0.01406283862888813,-0.53319251537323,0.5264541506767273,0.29194962978363037,0.9970431
patient10001/study5/view1_frontal.jpg,1,0.45428094267845154,0.062376175075769424,1.0,0.45428094267845154,0.800000011920929,0.4991016089916229,0.29923906922340393,0.016698354855179787,-0.4813365936279297,0.20972862839698792,0.1661040335893631,0.99279964
patient10001/study5/view2_frontal.jpg,1,0.44640862941741943,0.05612451583147049,1.0,0.44640862941741943,0.4000000059604645,0.49800989031791687,0.30581003427505493,0.013090657070279121,-0.5399177074432373,0.7819625735282898,0.07069768011569977,0.9991239
patient10001/study6/view1_frontal.jpg,1,0.24073262512683868,0.029225116595625877,1.0,0.24073262512683868,0.6000000238418579,0.47623419761657715,0.30956903100013733,0.014521325938403606,-0.5221808552742004,0.006353036966174841,0.7131069898605347,0.8693669
patient10001/study7/view1_frontal.jpg,1,0.44365832209587097,0.13493004441261292,1.0,0.44365832209587097,0.800000011920929,0.5302932858467102,0.29843685030937195,0.013525629416108131,-0.5460355877876282,0.4795592129230499,0.21585425734519958,0.9981211
patient10001/study8/view1_frontal.jpg,1,0.2569754421710968,0.08309197425842285,1.0,0.2569754421710968,0.6000000238418579,0.4757480323314667,0.30760303139686584,0.018344929441809654,-0.47903454303741455,0.14974673092365265,0.2897031307220459,0.9381145
patient10001/study9/view1_frontal.jpg,1,0.47108179330825806,0.051595207303762436,1.0,0.47108179330825806,0.800000011920929,0.5055503845214844,0.2800792157649994,0.014883601106703281,-0.5170373320579529,0.5870285034179688,0.6219433546066284,0.99897146
patient10340/study1/view1_frontal.jpg,1,0.3647361397743225,0.6389847993850708,1.0,0.3647361397743225,0.20000000298023224,0.5371522903442383,0.308556467294693,0.012469463981688023,-0.5595170259475708,0.6637132167816162,0.3625318109989166,0.9961981
patient10340/study2/view1_frontal.jpg,1,0.27144452929496765,0.666283905506134,1.0,0.27144452929496765,0.4000000059604645,0.4564649760723114,0.30490073561668396,0.012643344700336456,-0.5660223364830017,0.5420023202896118,0.31532609462738037,0.9886712
patient10340/study3/view1_frontal.jpg,1,0.2909359037876129,0.24816665053367615,1.0,0.2909359037876129,0.4000000059604645,0.4650166630744934,0.2930452525615692,0.015666332095861435,-0.5226143002510071,0.43894311785697937,0.25972479581832886,0.98388135
patient10340/study4/view1_frontal.jpg,1,0.33603715896606445,0.07642167061567307,1.0,0.33603715896606445,0.4000000059604645,0.5036280751228333,0.31175652146339417,0.02117129974067211,-0.47845104336738586,0.0638226717710495,0.9005890488624573,0.926499
patient10340/study5/view1_frontal.jpg,1,0.1793287694454193,0.2654421329498291,1.0,0.1793287694454193,0.20000000298023224,0.45599350333213806,0.31463125348091125,0.015333856455981731,-0.518458366394043,0.24872542917728424,0.18709024786949158,0.87789124
patient10340/study6/view1_frontal.jpg,1,0.28545519709587097,0.3288000822067261,1.0,0.28545519709587097,0.800000011920929,0.44650012254714966,0.3111502528190613,0.016467062756419182,-0.5082178711891174,0.35718995332717896,0.4573237895965576,0.98530024
patient10392/study1/view1_frontal.jpg,1,0.36100924015045166,0.028551878407597542,1.0,0.36100924015045166,0.6000000238418579,0.46265310049057007,0.3089413344860077,0.012151876464486122,-0.5903067588806152,0.27870747447013855,0.3856390714645386,0.9859242
patient10392/study2/view1_frontal.jpg,1,0.39957350492477417,0.19457560777664185,1.0,0.39957350492477417,0.20000000298023224,0.4939219355583191,0.3204245865345001,0.015274420380592346,-0.5327109098434448,0.4106574058532715,0.46972644329071045,0.9887024
patient10392/study2/view2_frontal.jpg,1,0.3751992881298065,0.16307710111141205,1.0,0.3751992881298065,0.4000000059604645,0.48495805263519287,0.30434462428092957,0.015216170810163021,-0.5240154266357422,0.30091166496276855,0.18919025361537933,0.9841679
patient10537/study1/view1_frontal.jpg,1,0.4755261540412903,0.7179048657417297,1.0,0.4755261540412903,0.6000000238418579,0.5009640455245972,0.30081480741500854,0.011033577844500542,-0.5854041576385498,0.8260678052902222,0.22456949949264526,0.99961025
patient10537/study10/view1_frontal.jpg,1,0.2598254084587097,0.7415435314178467,1.0,0.2598254084587097,0.800000011920929,0.39893442392349243,0.2679706811904907,0.014552031643688679,-0.5023916959762573,0.4029424786567688,0.4118173122406006,0.98545665
patient10537/study11/view1_frontal.jpg,1,0.34141820669174194,0.14934033155441284,1.0,0.34141820669174194,0.4000000059604645,0.3957211971282959,0.2570458948612213,0.013548116199672222,-0.5144883990287781,0.40248164534568787,0.026207957416772842,0.98648757
patient10537/study12/view1_frontal.jpg,1,0.32894212007522583,0.8533170223236084,1.0,0.32894212007522583,0.800000011920929,0.3920309543609619,0.2604709565639496,0.014083023183047771,-0.509667158126831,0.6393384337425232,0.2711407542228699,0.99729973
patient10537/study12/view2_frontal.jpg,1,0.2810307741165161,0.6933161616325378,1.0,0.2810307741165161,0.4000000059604645,0.37080052495002747,0.23808863759040833,0.011557750403881073,-0.5479257702827454,0.5012308955192566,0.33396872878074646,0.98637354
patient10537/study13/view1_frontal.jpg,1,0.2829440236091614,0.35309040546417236,1.0,0.2829440236091614,0.20000000298023224,0.3684755563735962,0.26431795954704285,0.014653392136096954,-0.4947570860385895,0.404900461435318,0.3727435767650604,0.96711224
patient10537/study14/view1_frontal.jpg,1,0.35243940353393555,0.6964699625968933,1.0,0.35243940353393555,0.6000000238418579,0.4359026253223419,0.27806058526039124,0.014338838867843151,-0.5132160186767578,0.6770310997962952,0.17844785749912262,0.9975732
patient10537/study2/view1_frontal.jpg,1,0.3051658272743225,0.09208005666732788,1.0,0.3051658272743225,1.0,0.43920695781707764,0.2820395231246948,0.013661771081387997,-0.5144538879394531,0.5988386273384094,0.06332102417945862,0.99739337
patient10537/study3/view1_frontal.jpg,1,0.3742227256298065,0.14122623205184937,1.0,0.3742227256298065,0.6000000238418579,0.4440728724002838,0.30328765511512756,0.015489432029426098,-0.5373159050941467,0.3161526322364807,0.08681099116802216,0.9888095
patient10537/study4/view1_frontal.jpg,1,0.33581793308258057,0.7883296608924866,1.0,0.33581793308258057,0.6000000238418579,0.4393819272518158,0.2817624807357788,0.01378333568572998,-0.5193939208984375,0.6708506941795349,0.2157381922006607,0.9971668
patient10537/study5/view1_frontal.jpg,1,0.3195950388908386,0.6361843943595886,1.0,0.3195950388908386,0.4000000059604645,0.440988153219223,0.27670320868492126,0.012464143335819244,-0.5301658511161804,0.7092052102088928,0.10613514482975006,0.9964754
patient10537/study6/view1_frontal.jpg,1,0.5636758804321289,0.2920425534248352,1.0,0.5636758804321289,1.0,0.5085158944129944,0.28718170523643494,0.013120568357408047,-0.5507534146308899,0.48594212532043457,0.557075023651123,0.9994369
patient10537/study7/view1_frontal.jpg,1,0.5831074714660645,0.1634136289358139,1.0,0.5831074714660645,0.20000000298023224,0.5137847065925598,0.29473331570625305,0.015140768140554428,-0.5269773602485657,0.8037292957305908,0.19100745022296906,0.9996227
patient10537/study8/view1_frontal.jpg,1,0.2884446680545807,0.8532323241233826,1.0,0.2884446680545807,0.4000000059604645,0.4381629526615143,0.2732373774051666,0.011856405064463615,-0.5355891585350037,0.6454479098320007,0.2495831698179245,0.99384826
patient10537/study9/view1_frontal.jpg,1,0.3208705484867096,0.6671380400657654,1.0,0.3208705484867096,0.800000011920929,0.37511172890663147,0.24098193645477295,0.01407313346862793,-0.5091714262962341,0.5468395352363586,0.3713744580745697,0.99547726
patient10657/study1/view1_frontal.jpg,1,0.3625039756298065,0.009404324926435947,1.0,0.3625039756298065,0.20000000298023224,0.3579465448856354,0.2598281800746918,0.017662692815065384,-0.497997909784317,0.131028950214386,0.07810688018798828,0.93864316
patient10657/study1/view2_frontal.jpg,1,0.37990275025367737,0.007773048244416714,1.0,0.37990275025367737,0.800000011920929,0.3641219139099121,0.26184120774269104,0.01835864596068859,-0.4898602366447449,0.10936763137578964,0.20224106311798096,0.9759237
patient10824/study1/view1_frontal.jpg,1,0.3478555381298065,0.07855679839849472,1.0,0.3478555381298065,0.800000011920929,0.4057096242904663,0.252542108297348,0.012357168830931187,-0.5581783056259155,0.42743128538131714,0.3742510676383972,0.99414635
patient10892/study1/view1_frontal.jpg,1,0.44262197613716125,0.060072652995586395,1.0,0.44262197613716125,0.4000000059604645,0.4081050753593445,0.2584633231163025,0.011781463399529457,-0.5530059337615967,0.2635224163532257,0.23880934715270996,0.9883819
patient10892/study2/view1_frontal.jpg,1,0.3876953125,0.08043719083070755,1.0,0.3876953125,0.20000000298023224,0.375243216753006,0.2522840201854706,0.012379066087305546,-0.5443475842475891,0.4314586818218231,0.37688493728637695,0.9880696
patient10892/study3/view1_frontal.jpg,1,0.2131696492433548,0.16518652439117432,1.0,0.2131696492433548,0.20000000298023224,0.48094308376312256,0.28922039270401,0.012236137874424458,-0.5400569438934326,0.0797206312417984,0.18236780166625977,0.8244472
patient10892/study4/view1_frontal.jpg,1,0.30492666363716125,0.10032889991998672,1.0,0.30492666363716125,0.20000000298023224,0.470800518989563,0.29224950075149536,0.016957813873887062,-0.48473304510116577,0.04957940801978111,0.15534661710262299,0.8820029
patient11285/study1/view1_frontal.jpg,1,0.22855548560619354,0.09560085088014603,1.0,0.22855548560619354,0.6000000238418579,0.44842296838760376,0.30567872524261475,0.014424571767449379,-0.5224884748458862,0.2464069128036499,0.36715689301490784,0.9508941
patient11307/study1/view1_frontal.jpg,1,0.2555006444454193,0.04538709297776222,1.0,0.2555006444454193,0.6000000238418579,0.4161786437034607,0.2857027053833008,0.014183453284204006,-0.5286206007003784,0.04368238523602486,0.2647402882575989,0.90066046
patient11773/study1/view1_frontal.jpg,1,0.29900750517845154,0.0687514916062355,1.0,0.29900750517845154,0.800000011920929,0.4653511047363281,0.2806999981403351,0.012598268687725067,-0.5489814877510071,0.3927246034145355,0.3640982210636139,0.9904385
patient11875/study1/view1_frontal.jpg,1,0.28101083636283875,0.03854302316904068,1.0,0.28101083636283875,0.800000011920929,0.4645661413669586,0.28622451424598694,0.013176469132304192,-0.524928629398346,0.08132509142160416,0.4032979905605316,0.95083123
patient11875/study2/view1_frontal.jpg,1,0.25029894709587097,0.09192108362913132,1.0,0.25029894709587097,0.20000000298023224,0.4146030843257904,0.28749775886535645,0.01520994771271944,-0.5124353766441345,0.2662339210510254,0.2109234482049942,0.9284087
patient12213/study1/view1_frontal.jpg,1,0.29424425959587097,0.057438455522060394,1.0,0.29424425959587097,0.4000000059604645,0.4648022949695587,0.2644840478897095,0.011435878463089466,-0.5717315673828125,0.1826845109462738,0.48933589458465576,0.95227224
patient12213/study2/view1_frontal.jpg,1,0.21863041818141937,0.3336784541606903,1.0,0.21863041818141937,0.6000000238418579,0.41636696457862854,0.29511573910713196,0.013247295282781124,-0.5323446989059448,0.25764480233192444,0.43335333466529846,0.9480392
patient12213/study3/view1_frontal.jpg,1,0.3623644709587097,0.04648377001285553,1.0,0.3623644709587097,0.6000000238418579,0.47224754095077515,0.265360563993454,0.01222873106598854,-0.5718516707420349,0.24711473286151886,0.2988094091415405,0.98511165
patient12332/study1/view1_frontal.jpg,1,0.35562819242477417,0.0660347193479538,1.0,0.35562819242477417,0.4000000059604645,0.4056030213832855,0.27390149235725403,0.015738530084490776,-0.5184599757194519,0.42770305275917053,0.1945529580116272,0.98886263
patient12557/study1/view1_frontal.jpg,1,0.2883051633834839,0.7353425025939941,1.0,0.2883051633834839,0.4000000059604645,0.46809014678001404,0.28365358710289,0.012829877436161041,-0.5530740022659302,0.6177962422370911,0.05830371752381325,0.99359727
patient12557/study2/view1_frontal.jpg,1,0.30010363459587097,0.8493852019309998,1.0,0.30010363459587097,1.0,0.49011704325675964,0.28872913122177124,0.013514106161892414,-0.5265586972236633,0.6331132650375366,0.23500332236289978,0.9978523
patient12557/study3/view1_frontal.jpg,1,0.3127591013908386,0.5053208470344543,1.0,0.3127591013908386,0.4000000059604645,0.4718181788921356,0.2819165885448456,0.014836941845715046,-0.512936532497406,0.5480223894119263,0.3225589096546173,0.9919052
patient12557/study4/view1_frontal.jpg,1,0.29384565353393555,0.16589634120464325,1.0,0.29384565353393555,0.800000011920929,0.4814905524253845,0.29063189029693604,0.01386271696537733,-0.5214589834213257,0.48201411962509155,0.19892069697380066,0.9934902
patient12557/study5/view1_frontal.jpg,1,0.2686344087123871,0.8033950924873352,1.0,0.2686344087123871,1.0,0.49459123611450195,0.2853644788265228,0.011823718436062336,-0.5680174827575684,0.5462907552719116,0.3733610212802887,0.9960646
patient12602/study1/view1_frontal.jpg,1,0.27256059646606445,0.04509720578789711,1.0,0.27256059646606445,0.800000011920929,0.47111985087394714,0.2963847517967224,0.01425387803465128,-0.5192596316337585,0.2106032520532608,0.1197192370891571,0.97203165
patient12790/study1/view1_frontal.jpg,1,0.3516222834587097,0.022502530366182327,1.0,0.3516222834587097,0.4000000059604645,0.49372681975364685,0.291471928358078,0.011921473778784275,-0.568364143371582,0.08809855580329895,0.4321121871471405,0.9522117
patient13235/study1/view1_frontal.jpg,1,0.2920719087123871,0.04027506336569786,1.0,0.2920719087123871,0.20000000298023224,0.44814059138298035,0.2915470004081726,0.01621333509683609,-0.5045514702796936,0.16504870355129242,0.3224678933620453,0.9186732
patient13235/study2/view1_frontal.jpg,1,0.23588967323303223,0.01839428022503853,1.0,0.23588967323303223,0.4000000059604645,0.4449708163738251,0.29902517795562744,0.015088475309312344,-0.5251075029373169,0.03602026402950287,0.18768516182899475,0.8495487
patient13254/study1/view1_frontal.jpg,1,0.26594388484954834,0.05189137160778046,1.0,0.26594388484954834,0.6000000238418579,0.45940351486206055,0.2747800946235657,0.011242116801440716,-0.557379961013794,0.1605483740568161,0.14657482504844666,0.9526421
patient13536/study1/view1_frontal.jpg,1,0.40134724974632263,0.04743580147624016,1.0,0.40134724974632263,0.800000011920929,0.4363897740840912,0.2806021571159363,0.015243264846503735,-0.5234929919242859,0.33236849308013916,0.043791063129901886,0.9939666
patient13536/study2/view1_frontal.jpg,1,0.36846300959587097,0.02524988166987896,1.0,0.36846300959587097,0.800000011920929,0.41393232345581055,0.2738775610923767,0.01690869964659214,-0.5062726140022278,0.33772480487823486,0.12993748486042023,0.9919159
patient13536/study3/view1_frontal.jpg,1,0.3082549571990967,0.04349680617451668,1.0,0.3082549571990967,0.4000000059604645,0.42910075187683105,0.2826313376426697,0.015009760856628418,-0.5254387855529785,0.12616819143295288,0.3748629093170166,0.93630475
patient13536/study4/view1_frontal.jpg,1,0.31865832209587097,0.05831446871161461,1.0,0.31865832209587097,0.4000000059604645,0.45930027961730957,0.27325430512428284,0.012902986258268356,-0.5628665685653687,0.39239174127578735,0.35130369663238525,0.9847584
patient13624/study1/view1_frontal.jpg,1,0.3664899468421936,0.03914111852645874,1.0,0.3664899468421936,0.800000011920929,0.44261041283607483,0.2783665657043457,0.01361875981092453,-0.5365780591964722,0.38101792335510254,0.325885146856308,0.993664
patient14228/study1/view1_frontal.jpg,1,0.32007333636283875,0.030839499086141586,1.0,0.32007333636283875,0.20000000298023224,0.4675435721874237,0.27783969044685364,0.013042012229561806,-0.5419632196426392,0.22788432240486145,0.35854366421699524,0.95461875
patient14230/study1/view1_frontal.jpg,1,0.3554089665412903,0.9775607585906982,1.0,0.3554089665412903,0.6000000238418579,0.46298840641975403,0.28396594524383545,0.011885123327374458,-0.5556349754333496,0.6241724491119385,0.3178739845752716,0.9971686
patient14230/study2/view1_frontal.jpg,1,0.36637037992477417,0.8993675708770752,1.0,0.36637037992477417,0.4000000059604645,0.47721973061561584,0.292251318693161,0.016049228608608246,-0.5034943222999573,0.38055917620658875,0.5325202941894531,0.98742735
patient14230/study3/view1_frontal.jpg,1,0.3557477593421936,0.5129578709602356,1.0,0.3557477593421936,0.4000000059604645,0.4893018305301666,0.2891846299171448,0.014556203968822956,-0.5282637476921082,0.6223142147064209,0.3485477566719055,0.99605066
patient14230/study4/view1_frontal.jpg,1,0.35467156767845154,0.837729275226593,1.0,0.35467156767845154,0.6000000238418579,0.44220423698425293,0.27982863783836365,0.014527480117976665,-0.5355422496795654,0.48602089285850525,0.4099847972393036,0.9940859
patient14230/study4/view2_frontal.jpg,1,0.3692801296710968,0.37549296021461487,1.0,0.3692801296710968,0.6000000238418579,0.44013723731040955,0.2723156809806824,0.012482833117246628,-0.5565522313117981,0.60296231508255,0.3590853810310364,0.99710876
patient14230/study5/view1_frontal.jpg,1,0.3446667790412903,0.8708252906799316,1.0,0.3446667790412903,1.0,0.485729843378067,0.28879794478416443,0.015942467376589775,-0.5139136910438538,0.4267175495624542,0.5192800760269165,0.99561226
patient14230/study6/view1_frontal.jpg,1,0.3776705861091614,0.9216403365135193,1.0,0.3776705861091614,0.800000011920929,0.5024186372756958,0.28693029284477234,0.013069286942481995,-0.5441202521324158,0.698235034942627,0.4252432882785797,0.9988242
patient14230/study7/view1_frontal.jpg,1,0.3598732352256775,0.10676256567239761,1.0,0.3598732352256775,0.6000000238418579,0.4300544261932373,0.2818644642829895,0.018253596499562263,-0.48875749111175537,0.4525412321090698,0.35995742678642273,0.9927649
patient14486/study1/view1_frontal.jpg,1,0.4013671875,0.10358326137065887,1.0,0.4013671875,0.6000000238418579,0.49132609367370605,0.2860560417175293,0.016607973724603653,-0.5005500316619873,0.659132719039917,0.29998818039894104,0.99827087
patient14486/study2/view1_frontal.jpg,1,0.3571627736091614,0.10865772515535355,1.0,0.3571627736091614,0.20000000298023224,0.5081382989883423,0.28537076711654663,0.015673089772462845,-0.5133363604545593,0.7491587400436401,0.25952330231666565,0.9971553
patient14486/study3/view1_frontal.jpg,1,0.33966436982154846,0.8553828597068787,1.0,0.33966436982154846,0.4000000059604645,0.45090246200561523,0.273710697889328,0.014276920817792416,-0.5206303596496582,0.5047897696495056,0.569267988204956,0.991463
patient14486/study4/view1_frontal.jpg,1,0.3203125,0.3912220895290375,1.0,0.3203125,0.6000000238418579,0.4350106418132782,0.2591705024242401,0.014127851463854313,-0.528779923915863,0.5630730986595154,0.41152191162109375,0.9947397
patient14486/study5/view1_frontal.jpg,1,0.36814412474632263,0.7639396786689758,1.0,0.36814412474632263,0.4000000059604645,0.5359951853752136,0.27958235144615173,0.01310866978019476,-0.5486595630645752,0.6745995879173279,0.2975771129131317,0.9975635
patient14488/study1/view1_frontal.jpg,1,0.4597616493701935,0.1664525866508484,1.0,0.4597616493701935,0.20000000298023224,0.4732459783554077,0.28259414434432983,0.015316803008317947,-0.5145882368087769,0.5585349798202515,0.4450927972793579,0.9964933
patient14488/study2/view1_frontal.jpg,1,0.44563138484954834,0.2884857654571533,1.0,0.44563138484954834,0.20000000298023224,0.5373011827468872,0.27773505449295044,0.010514635592699051,-0.5912728309631348,0.5382509231567383,0.18077205121517181,0.9967353
patient14511/study1/view1_frontal.jpg,1,0.42761480808258057,0.4216423034667969,1.0,0.42761480808258057,1.0,0.5186640024185181,0.27018657326698303,0.013030684553086758,-0.5521602034568787,0.5424366593360901,0.4024830460548401,0.99886703
patient14511/study2/view1_frontal.jpg,1,0.41187021136283875,0.05247427895665169,1.0,0.41187021136283875,0.4000000059604645,0.5095451474189758,0.28170305490493774,0.012934010475873947,-0.5591400861740112,0.6123803853988647,0.13098940253257751,0.99763453
patient14511/study3/view1_frontal.jpg,1,0.4086814522743225,0.11864391714334488,1.0,0.4086814522743225,0.6000000238418579,0.49461886286735535,0.2829544246196747,0.01517918799072504,-0.543724000453949,0.686893105506897,0.10583947598934174,0.99871063
patient14694/study1/view1_frontal.jpg,1,0.4374202787876129,0.0524921678006649,1.0,0.4374202787876129,0.4000000059604645,0.49149662256240845,0.27755624055862427,0.01513910572975874,-0.5396286249160767,0.7329298257827759,0.27573275566101074,0.9988188
patient14694/study2/view1_frontal.jpg,1,0.4700055718421936,0.05123351514339447,1.0,0.4700055718421936,0.20000000298023224,0.48698893189430237,0.27746811509132385,0.01531938649713993,-0.529988169670105,0.7783201932907104,0.1736348569393158,0.998973
patient14694/study3/view1_frontal.jpg,1,0.49208784103393555,0.45273515582084656,1.0,0.49208784103393555,0.4000000059604645,0.5341544151306152,0.27864688634872437,0.009254989214241505,-0.6170012950897217,0.767131507396698,0.17805244028568268,0.99946064
patient14694/study4/view1_frontal.jpg,1,0.5001395344734192,0.8175162672996521,1.0,0.5001395344734192,0.4000000059604645,0.5315357446670532,0.26186391711235046,0.015139976516366005,-0.531303882598877,0.6829635500907898,0.6079787611961365,0.99910444
patient14694/study5/view1_frontal.jpg,1,0.4869658946990967,0.6133694648742676,1.0,0.4869658946990967,0.4000000059604645,0.5027211904525757,0.28275465965270996,0.014817047864198685,-0.5270611047744751,0.6122152209281921,0.47375667095184326,0.99850535
patient14940/study1/view1_frontal.jpg,1,0.41968271136283875,0.9470868706703186,1.0,0.41968271136283875,0.4000000059604645,0.4586823880672455,0.2879721522331238,0.0139201944693923,-0.5299084782600403,0.6613489389419556,0.40499138832092285,0.99786586
patient14940/study10/view1_frontal.jpg,1,0.42386797070503235,0.8610231876373291,1.0,0.42386797070503235,0.800000011920929,0.4776341915130615,0.27916476130485535,0.015123637393116951,-0.5205480456352234,0.563761830329895,0.4964970350265503,0.9983096
patient14940/study11/view1_frontal.jpg,1,0.4069674611091614,0.6216971278190613,1.0,0.4069674611091614,0.20000000298023224,0.5020700097084045,0.2774110734462738,0.009234268218278885,-0.6334805488586426,0.6814353466033936,0.18762856721878052,0.9977691
patient14940/study2/view1_frontal.jpg,1,0.3246372640132904,0.9269208908081055,1.0,0.3246372640132904,1.0,0.4935745596885681,0.27982375025749207,0.009626594372093678,-0.5800940990447998,0.5639749765396118,0.11116041988134384,0.9978009
patient14940/study3/view1_frontal.jpg,1,0.4164142310619354,0.9797249436378479,1.0,0.4164142310619354,0.4000000059604645,0.5009555220603943,0.2827174663543701,0.011331561021506786,-0.5556517839431763,0.7783492207527161,0.1982828676700592,0.9989293
patient14940/study4/view1_frontal.jpg,1,0.3525390625,0.8212519288063049,1.0,0.3525390625,0.20000000298023224,0.5232262015342712,0.2807306945323944,0.012429150752723217,-0.539872944355011,0.5551621317863464,0.377436101436615,0.9929651
patient14940/study5/view1_frontal.jpg,1,0.4552973508834839,0.9348371624946594,1.0,0.4552973508834839,0.20000000298023224,0.49418869614601135,0.2778603434562683,0.014058373868465424,-0.5170213580131531,0.6793811917304993,0.28619837760925293,0.9981096
patient14940/study6/view1_frontal.jpg,1,0.37613600492477417,0.9547232389450073,1.0,0.37613600492477417,0.4000000059604645,0.5544649362564087,0.2645571827888489,0.008997761644423008,-0.5972476005554199,0.6637927889823914,0.09069527685642242,0.99794966
patient14940/study7/view1_frontal.jpg,1,0.3912428319454193,0.8109186291694641,1.0,0.3912428319454193,0.800000011920929,0.49468883872032166,0.28328487277030945,0.010224307887256145,-0.5673072934150696,0.6443509459495544,0.24591192603111267,0.99870276
patient14940/study8/view1_frontal.jpg,1,0.48525190353393555,0.5820942521095276,1.0,0.48525190353393555,0.4000000059604645,0.5036341547966003,0.2702578902244568,0.013968094252049923,-0.5323807001113892,0.8199489712715149,0.14366471767425537,0.9994848
patient14940/study8/view2_frontal.jpg,1,0.4424425959587097,0.8445416688919067,1.0,0.4424425959587097,0.6000000238418579,0.5285359025001526,0.2669999897480011,0.011146403849124908,-0.5717563629150391,0.7966374158859253,0.16628463566303253,0.99947697
patient14940/study9/view1_frontal.jpg,1,0.42596063017845154,0.4535680115222931,1.0,0.42596063017845154,0.20000000298023224,0.505233108997345,0.277118444442749,0.013029027730226517,-0.5386621356010437,0.7278415560722351,0.22750334441661835,0.9982331
patient15013/study1/view1_frontal.jpg,1,0.3511439859867096,0.09679591655731201,1.0,0.3511439859867096,0.20000000298023224,0.5035214424133301,0.28076454997062683,0.013385845348238945,-0.5417433381080627,0.4554500877857208,0.28330132365226746,0.9884022
patient15013/study2/view1_frontal.jpg,1,0.27820074558258057,0.03511486575007439,1.0,0.27820074558258057,0.4000000059604645,0.5151796936988831,0.28120478987693787,0.012328403070569038,-0.5450627207756042,0.1636454313993454,0.5044155120849609,0.942715
patient15013/study3/view1_frontal.jpg,1,0.31170281767845154,0.07376435399055481,1.0,0.31170281767845154,0.800000011920929,0.5384591817855835,0.2852455675601959,0.013080517761409283,-0.5399379134178162,0.22779332101345062,0.36902186274528503,0.98306686
patient15013/study4/view1_frontal.jpg,1,0.24970105290412903,0.5455693006515503,1.0,0.24970105290412903,0.20000000298023224,0.5343824625015259,0.2812318801879883,0.010193225927650928,-0.6059768199920654,0.6037275791168213,0.2775007486343384,0.9892343
patient15196/study1/view1_frontal.jpg,1,0.32294324040412903,0.07080471515655518,1.0,0.32294324040412903,0.20000000298023224,0.46796074509620667,0.29994434118270874,0.014252881519496441,-0.5325910449028015,0.07430665194988251,0.22182698547840118,0.9093349
patient15310/study1/view1_frontal.jpg,1,0.36910077929496765,0.04248637706041336,1.0,0.36910077929496765,0.4000000059604645,0.47432661056518555,0.29396459460258484,0.01824081689119339,-0.49236083030700684,0.2228335738182068,0.21142993867397308,0.97493625
patient15329/study1/view1_frontal.jpg,1,0.4039580821990967,0.21022699773311615,1.0,0.4039580821990967,0.800000011920929,0.4806075692176819,0.2908021807670593,0.014126809313893318,-0.5337449908256531,0.44803065061569214,0.3497275412082672,0.99667394
patient15329/study2/view1_frontal.jpg,1,0.3537149131298065,0.15016348659992218,1.0,0.3537149131298065,0.4000000059604645,0.4876919090747833,0.29250016808509827,0.01421700231730938,-0.5317560434341431,0.24788786470890045,0.4926368296146393,0.97580874
patient15788/study1/view1_frontal.jpg,1,0.33737245202064514,0.13673603534698486,1.0,0.33737245202064514,0.6000000238418579,0.5028120875358582,0.2919655740261078,0.012061362154781818,-0.553299069404602,0.36599966883659363,0.150673970580101,0.9897956
patient15800/study1/view1_frontal.jpg,1,0.38851243257522583,0.16219490766525269,1.0,0.38851243257522583,0.800000011920929,0.4837498962879181,0.29217758774757385,0.015902379527688026,-0.5215535759925842,0.6228214502334595,0.22646157443523407,0.9983839
patient15838/study1/view1_frontal.jpg,1,0.37183114886283875,0.06162938103079796,1.0,0.37183114886283875,0.800000011920929,0.4639560282230377,0.2932604253292084,0.015690088272094727,-0.5121560096740723,0.20521926879882812,0.18689416348934174,0.98604023
patient16392/study1/view1_frontal.jpg,1,0.4270368218421936,0.01690359227359295,1.0,0.4270368218421936,0.20000000298023224,0.4932236969470978,0.283609539270401,0.015488612465560436,-0.5281299352645874,0.1384563148021698,0.6032940149307251,0.96825904
patient16447/study1/view1_frontal.jpg,1,0.23656728863716125,0.010279309935867786,1.0,0.23656728863716125,0.4000000059604645,0.5212579965591431,0.2937803566455841,0.012095969170331955,-0.535125732421875,0.05151069164276123,0.21908754110336304,0.87727803
patient16447/study10/view1_frontal.jpg,1,0.21572066843509674,0.11583620309829712,1.0,0.21572066843509674,0.20000000298023224,0.4832291007041931,0.2956324815750122,0.012445616535842419,-0.5417069792747498,0.31696513295173645,0.41842812299728394,0.93436265
patient16447/study11/view1_frontal.jpg,1,0.35935506224632263,0.05061352998018265,1.0,0.35935506224632263,0.800000011920929,0.4985715448856354,0.29159557819366455,0.014357198029756546,-0.5210959315299988,0.4871906638145447,0.16281528770923615,0.9962843
patient16447/study2/view1_frontal.jpg,1,0.3539939522743225,0.25874027609825134,1.0,0.3539939522743225,0.800000011920929,0.4981520473957062,0.2922096252441406,0.010918528772890568,-0.5674883127212524,0.5301088094711304,0.0845392644405365,0.9970753
patient16447/study3/view1_frontal.jpg,1,0.3101482689380646,0.11894523352384567,1.0,0.3101482689380646,1.0,0.5051873326301575,0.2937913239002228,0.013054855167865753,-0.5241427421569824,0.2800959050655365,0.17385996878147125,0.9896115
patient16447/study4/view1_frontal.jpg,1,0.3453045189380646,0.03926340863108635,1.0,0.3453045189380646,0.20000000298023224,0.4955075979232788,0.30014505982398987,0.015408487990498543,-0.5097126960754395,0.058328643441200256,0.6599715948104858,0.91257286
patient16447/study5/view1_frontal.jpg,1,0.2605229616165161,0.07045657932758331,1.0,0.2605229616165161,0.20000000298023224,0.4567752480506897,0.29440104961395264,0.013668697327375412,-0.5242577791213989,0.12718196213245392,0.401058167219162,0.8834759
patient16447/study6/view1_frontal.jpg,1,0.23377710580825806,0.10847935825586319,1.0,0.23377710580825806,0.20000000298023224,0.5022950172424316,0.2950247526168823,0.010924302972853184,-0.555988609790802,0.23611438274383545,0.5565834641456604,0.91988957
patient16447/study7/view1_frontal.jpg,1,0.43397241830825806,0.07683948427438736,1.0,0.43397241830825806,0.6000000238418579,0.49450668692588806,0.28038519620895386,0.016545584425330162,-0.5114049911499023,0.27263107895851135,0.5163912773132324,0.99148434
patient16447/study8/view1_frontal.jpg,1,0.3042490482330322,0.16127300262451172,1.0,0.3042490482330322,0.20000000298023224,0.5320488810539246,0.2793656885623932,0.010819328017532825,-0.563300371170044,0.49413931369781494,0.24035364389419556,0.98739773
patient16447/study9/view1_frontal.jpg,1,0.26265546679496765,0.022173363715410233,1.0,0.26265546679496765,0.4000000059604645,0.5012639760971069,0.2915673851966858,0.01189068891108036,-0.5341915488243103,0.36130696535110474,0.4796608090400696,0.9726282
patient16495/study1/view1_frontal.jpg,1,0.2865314185619354,0.05005571246147156,1.0,0.2865314185619354,0.800000011920929,0.5310124158859253,0.28825870156288147,0.012453414499759674,-0.5456168055534363,0.0887787789106369,0.2336326241493225,0.9614006
patient16495/study10/view1_frontal.jpg,1,0.3269292116165161,0.03983580321073532,1.0,0.3269292116165161,0.20000000298023224,0.4893764853477478,0.29759907722473145,0.014094188809394836,-0.5368317365646362,0.18815554678440094,0.4857202470302582,0.9471138
patient16495/study11/view1_frontal.jpg,1,0.35417330265045166,0.022983497008681297,1.0,0.35417330265045166,0.4000000059604645,0.4754782021045685,0.29578208923339844,0.014693547040224075,-0.525399923324585,0.0969611406326294,0.3628270924091339,0.9509336
patient16495/study2/view1_frontal.jpg,1,0.27479273080825806,0.07503349334001541,1.0,0.27479273080825806,1.0,0.5181370377540588,0.2794594168663025,0.011172816157341003,-0.5620594620704651,0.10662459582090378,0.4401770830154419,0.9710777
patient16495/study3/view1_frontal.jpg,1,0.3335060477256775,0.06899870932102203,1.0,0.3335060477256775,0.20000000298023224,0.5071613788604736,0.2835550010204315,0.01249479316174984,-0.5422504544258118,0.29528477787971497,0.30282527208328247,0.9718912
patient16495/study4/view1_frontal.jpg,1,0.34195631742477417,0.04822732135653496,1.0,0.34195631742477417,0.800000011920929,0.5259208679199219,0.27839797735214233,0.012642066925764084,-0.5452661514282227,0.6562451124191284,0.11594071984291077,0.9983088
patient16495/study5/view1_frontal.jpg,1,0.2973732352256775,0.1889788806438446,1.0,0.2973732352256775,0.4000000059604645,0.5240938663482666,0.274087131023407,0.011260640807449818,-0.5577154755592346,0.4007594883441925,0.2732367217540741,0.98473144
patient16495/study6/view1_frontal.jpg,1,0.35648515820503235,0.17495103180408478,1.0,0.35648515820503235,0.4000000059604645,0.5061216354370117,0.28254640102386475,0.014010149985551834,-0.5129092931747437,0.3832520544528961,0.08907980471849442,0.9885411
patient16495/study7/view1_frontal.jpg,1,0.3289022743701935,0.043948255479335785,1.0,0.3289022743701935,1.0,0.5024295449256897,0.280960351228714,0.013264298439025879,-0.5377636551856995,0.3385685980319977,0.2682088315486908,0.9933187
patient16495/study8/view1_frontal.jpg,1,0.29292890429496765,0.05926169082522392,1.0,0.29292890429496765,0.20000000298023224,0.5103698372840881,0.270084410905838,0.01159755326807499,-0.5552703142166138,0.18617933988571167,0.39036068320274353,0.93953234
patient16495/study9/view1_frontal.jpg,1,0.25422513484954834,0.07187220454216003,1.0,0.25422513484954834,0.800000011920929,0.5190411806106567,0.2871142029762268,0.01128932274878025,-0.5738483667373657,0.11226916313171387,0.40937086939811707,0.9556224
patient16608/study1/view1_frontal.jpg,1,0.25980547070503235,0.05612976476550102,1.0,0.25980547070503235,0.6000000238418579,0.5134605765342712,0.29498541355133057,0.012003440409898758,-0.5527620911598206,0.39090394973754883,0.2772471308708191,0.9835243
patient16608/study2/view1_frontal.jpg,1,0.3790457546710968,0.06947500258684158,1.0,0.3790457546710968,0.6000000238418579,0.4602021276950836,0.28752708435058594,0.016310013830661774,-0.5034151077270508,0.4139172434806824,0.15991945564746857,0.99319357
patient16852/study1/view1_frontal.jpg,1,0.2513352930545807,0.17123374342918396,1.0,0.2513352930545807,1.0,0.4953800141811371,0.29270702600479126,0.011057655327022076,-0.5866507887840271,0.32530900835990906,0.09843526780605316,0.9879359
patient17266/study1/view1_frontal.jpg,1,0.2345743030309677,0.012455943040549755,1.0,0.2345743030309677,1.0,0.46858325600624084,0.2977278530597687,0.015495555475354195,-0.5119779706001282,0.0026974393986165524,0.37588468194007874,0.9259211
patient17266/study2/view1_frontal.jpg,1,0.2556600868701935,0.020767606794834137,1.0,0.2556600868701935,1.0,0.45105090737342834,0.2991284132003784,0.015471541322767735,-0.5075896382331848,0.09369658678770065,0.35358938574790955,0.95629954
patient17266/study3/view1_frontal.jpg,1,0.34225526452064514,0.0537344329059124,1.0,0.34225526452064514,0.6000000238418579,0.492382675409317,0.2929914891719818,0.01330157183110714,-0.5389449000358582,0.22459782660007477,0.3816309869289398,0.9793053
patient17555/study1/view1_frontal.jpg,1,0.26857462525367737,0.15463902056217194,1.0,0.26857462525367737,0.800000011920929,0.47517257928848267,0.29294291138648987,0.014871405437588692,-0.5072569251060486,0.35298943519592285,0.15829017758369446,0.98505396
patient17555/study10/view1_frontal.jpg,1,0.28406012058258057,0.05727296695113182,1.0,0.28406012058258057,0.800000011920929,0.5109151005744934,0.29162877798080444,0.014305692166090012,-0.5133371353149414,0.5394105315208435,0.27827098965644836,0.9948009
patient17555/study11/view1_frontal.jpg,1,0.30249521136283875,0.037285324186086655,1.0,0.30249521136283875,0.20000000298023224,0.49261826276779175,0.2976381480693817,0.014816494658589363,-0.5038964748382568,0.15430748462677002,0.25036847591400146,0.92650735
patient17555/study12/view1_frontal.jpg,1,0.2739955484867096,0.21465912461280823,1.0,0.2739955484867096,1.0,0.4996499717235565,0.2928091287612915,0.01365701761096716,-0.5267658233642578,0.44573473930358887,0.08389870822429657,0.9938228
patient17555/study2/view1_frontal.jpg,1,0.2786591053009033,0.15878842771053314,1.0,0.2786591053009033,0.6000000238418579,0.47669127583503723,0.29291194677352905,0.015018169768154621,-0.5059069991111755,0.22204214334487915,0.13542667031288147,0.96517354
patient17555/study3/view1_frontal.jpg,1,0.26698023080825806,0.060254182666540146,1.0,0.26698023080825806,0.800000011920929,0.4589325189590454,0.2922900319099426,0.014662336558103561,-0.515749990940094,0.30749210715293884,0.17417925596237183,0.9809136
patient17555/study4/view1_frontal.jpg,1,0.2739955484867096,0.08089813590049744,1.0,0.2739955484867096,0.800000011920929,0.468298077583313,0.293964147567749,0.01541717816144228,-0.5039278268814087,0.25692611932754517,0.14711549878120422,0.977108
patient17555/study5/view1_frontal.jpg,1,0.29795122146606445,0.08861112594604492,1.0,0.29795122146606445,0.6000000238418579,0.4728599190711975,0.300015926361084,0.015193801373243332,-0.5114336609840393,0.22447802126407623,0.22494743764400482,0.9693853
patient17555/study6/view1_frontal.jpg,1,0.32517537474632263,0.07281221449375153,1.0,0.32517537474632263,0.4000000059604645,0.5079627633094788,0.29329416155815125,0.016627727076411247,-0.48865750432014465,0.288614422082901,0.2487202137708664,0.9755913
patient17555/study7/view1_frontal.jpg,1,0.32663026452064514,0.1602311134338379,1.0,0.32663026452064514,1.0,0.48111093044281006,0.30012816190719604,0.015681762248277664,-0.5023635625839233,0.3662198483943939,0.18283234536647797,0.9933596
patient17555/study8/view1_frontal.jpg,1,0.23573023080825806,0.2381792962551117,1.0,0.23573023080825806,0.6000000238418579,0.48752477765083313,0.3016022741794586,0.014149979688227177,-0.5192923545837402,0.3603687286376953,0.1981343775987625,0.9750438
patient17555/study9/view1_frontal.jpg,1,0.2631935477256775,0.08577486127614975,1.0,0.2631935477256775,0.4000000059604645,0.49542537331581116,0.2962140440940857,0.013713708147406578,-0.5280515551567078,0.310746967792511,0.14388789236545563,0.9664945
patient17643/study1/view1_frontal.jpg,1,0.25081712007522583,0.017697565257549286,1.0,0.25081712007522583,0.6000000238418579,0.500217854976654,0.3016625642776489,0.015781914815306664,-0.4907507002353668,0.17977437376976013,0.061763279139995575,0.94902325
patient17643/study2/view1_frontal.jpg,1,0.27020886540412903,0.07663681358098984,1.0,0.27020886540412903,0.6000000238418579,0.45041972398757935,0.3035341501235962,0.016302580013871193,-0.4934232234954834,0.12816238403320312,0.3038862347602844,0.9367847
patient18013/study1/view1_frontal.jpg,1,0.26851484179496765,0.020762361586093903,1.0,0.26851484179496765,0.6000000238418579,0.4273644983768463,0.30478355288505554,0.01418997161090374,-0.5076492428779602,0.06601081043481827,0.3071119487285614,0.91379005
patient18338/study1/view1_frontal.jpg,1,0.2921914756298065,0.025773653760552406,1.0,0.2921914756298065,0.6000000238418579,0.4663555324077606,0.2940755784511566,0.01490019541233778,-0.499003142118454,0.15968100726604462,0.26770249009132385,0.9558551
patient18338/study2/view1_frontal.jpg,1,0.3277862071990967,0.14372073113918304,1.0,0.3277862071990967,0.800000011920929,0.5333051681518555,0.2914256751537323,0.012580402195453644,-0.554038941860199,0.6081022024154663,0.12276684492826462,0.99763143
patient18338/study3/view1_frontal.jpg,1,0.36930006742477417,0.028918001800775528,1.0,0.36930006742477417,0.20000000298023224,0.4515541195869446,0.29679784178733826,0.014120670035481453,-0.513046145439148,0.4121028184890747,0.05112902447581291,0.98597413
patient18338/study4/view1_frontal.jpg,1,0.29627710580825806,0.28300222754478455,1.0,0.29627710580825806,0.4000000059604645,0.5291929244995117,0.28414925932884216,0.012258466333150864,-0.5497366189956665,0.36035969853401184,0.3353075683116913,0.98082787
patient18338/study5/view1_frontal.jpg,1,0.33812978863716125,0.47136685252189636,1.0,0.33812978863716125,0.20000000298023224,0.5161285996437073,0.28953319787979126,0.010682683438062668,-0.6137609481811523,0.5748165249824524,0.3046160340309143,0.9934453
patient18338/study6/view1_frontal.jpg,1,0.3806600868701935,0.26421669125556946,1.0,0.3806600868701935,0.20000000298023224,0.4650372862815857,0.2926260530948639,0.014467210508883,-0.508734405040741,0.6353048086166382,0.45250964164733887,0.9953467
patient18338/study7/view1_frontal.jpg,1,0.29892778396606445,0.07437776774168015,1.0,0.29892778396606445,0.4000000059604645,0.5073872804641724,0.28703275322914124,0.013859109953045845,-0.5325850248336792,0.45702409744262695,0.43891000747680664,0.9870172
patient18338/study8/view1_frontal.jpg,1,0.24035395681858063,0.6652512550354004,1.0,0.24035395681858063,0.800000011920929,0.5172479748725891,0.2872912585735321,0.011437625624239445,-0.5902302861213684,0.4641723334789276,0.36783796548843384,0.9907261
patient18338/study8/view2_frontal.jpg,1,0.2478475719690323,0.46138009428977966,1.0,0.2478475719690323,0.800000011920929,0.5091474652290344,0.2950980067253113,0.010718428529798985,-0.6050996780395508,0.3901263177394867,0.3404901623725891,0.98752964
patient18898/study1/view1_frontal.jpg,1,0.3118024468421936,0.6358895301818848,1.0,0.3118024468421936,0.4000000059604645,0.4595394432544708,0.29676997661590576,0.01380292046815157,-0.5129736661911011,0.5724578499794006,0.4387171268463135,0.9922272
patient18898/study2/view1_frontal.jpg,1,0.3712332546710968,0.39447590708732605,1.0,0.3712332546710968,0.6000000238418579,0.4587680697441101,0.29646244645118713,0.012168480083346367,-0.5374971628189087,0.504553496837616,0.549035370349884,0.9951304
patient18973/study1/view1_frontal.jpg,1,0.28330278396606445,0.05414072051644325,1.0,0.28330278396606445,0.6000000238418579,0.47887513041496277,0.28835973143577576,0.013415622524917126,-0.5372505784034729,0.3452990651130676,0.11956819891929626,0.9821113
patient19265/study1/view1_frontal.jpg,1,0.32647082209587097,0.10660271346569061,1.0,0.32647082209587097,0.6000000238418579,0.4730568826198578,0.29363876581192017,0.013042321428656578,-0.526142954826355,0.46693864464759827,0.26173779368400574,0.9923022
patient19273/study1/view1_frontal.jpg,1,0.2545440196990967,0.13565288484096527,1.0,0.2545440196990967,0.800000011920929,0.43108266592025757,0.30350247025489807,0.012929375283420086,-0.5288675427436829,0.14653564989566803,0.30691927671432495,0.9525735
patient19292/study1/view1_frontal.jpg,1,0.29538026452064514,0.07568774372339249,1.0,0.29538026452064514,0.4000000059604645,0.4809093177318573,0.2968115508556366,0.014010800048708916,-0.5251702666282654,0.2934798300266266,0.35226595401763916,0.969545
patient19635/study1/view1_frontal.jpg,1,0.3744419515132904,0.03833281621336937,1.0,0.3744419515132904,0.4000000059604645,0.47572922706604004,0.2849753499031067,0.012592093087732792,-0.5617595911026001,0.24457140266895294,0.4085920453071594,0.9799396
patient19635/study10/view1_frontal.jpg,1,0.31650590896606445,0.11183366924524307,1.0,0.31650590896606445,0.20000000298023224,0.4468874931335449,0.30598166584968567,0.01601330190896988,-0.49343711137771606,0.18525651097297668,0.1745825856924057,0.93642074
patient19635/study11/view1_frontal.jpg,1,0.2814692258834839,0.1291385143995285,1.0,0.2814692258834839,0.6000000238418579,0.32868891954421997,0.32566094398498535,0.008849544450640678,-0.5897355675697327,0.2301028072834015,0.27748212218284607,0.9588224
patient19635/study12/view1_frontal.jpg,1,0.3630620241165161,0.03997720405459404,1.0,0.3630620241165161,0.20000000298023224,0.4786321818828583,0.2749914526939392,0.014254195615649223,-0.5440024733543396,0.4155745506286621,0.2873344421386719,0.98679775
patient19635/study13/view1_frontal.jpg,1,0.26851484179496765,0.10665814578533173,1.0,0.26851484179496765,0.4000000059604645,0.4678214192390442,0.2941529452800751,0.016094202175736427,-0.5015880465507507,0.17804960906505585,0.09240115433931351,0.9366575
patient19635/study2/view1_frontal.jpg,1,0.26056280732154846,0.052530739456415176,1.0,0.26056280732154846,0.6000000238418579,0.4747311472892761,0.3034576177597046,0.014021004550158978,-0.5134785771369934,0.11087075620889664,0.17300467193126678,0.9329779
patient19635/study3/view1_frontal.jpg,1,0.22315450012683868,0.16759341955184937,1.0,0.22315450012683868,0.20000000298023224,0.32670795917510986,0.32661330699920654,0.006906372029334307,-0.6346989870071411,0.12146268784999847,0.45625266432762146,0.8267314
patient19635/study4/view1_frontal.jpg,1,0.3863002359867096,0.2137603610754013,1.0,0.3863002359867096,0.4000000059604645,0.4245578944683075,0.2953042685985565,0.015497536398470402,-0.4946648180484772,0.24078857898712158,0.42613258957862854,0.9770824
patient19635/study5/view1_frontal.jpg,1,0.3703364133834839,0.09593255817890167,1.0,0.3703364133834839,0.20000000298023224,0.4927939176559448,0.27923819422721863,0.013559115119278431,-0.5402567386627197,0.3460254371166229,0.1839320808649063,0.9831713
patient19635/study6/view1_frontal.jpg,1,0.2559390962123871,0.22999230027198792,1.0,0.2559390962123871,1.0,0.4597198963165283,0.3018067479133606,0.01483238860964775,-0.5072664618492126,0.15670132637023926,0.2867940664291382,0.9680314
patient19635/study7/view1_frontal.jpg,1,0.3625039756298065,0.37672653794288635,1.0,0.3625039756298065,0.4000000059604645,0.48727238178253174,0.2847115099430084,0.013510815799236298,-0.5383449792861938,0.49871280789375305,0.17823408544063568,0.99355763
patient19635/study8/view1_frontal.jpg,1,0.3760363459587097,0.05574982985854149,1.0,0.3760363459587097,0.4000000059604645,0.4683438539505005,0.2815639078617096,0.015833314508199692,-0.5182998180389404,0.4439965486526489,0.18287615478038788,0.9920249
patient19635/study9/view1_frontal.jpg,1,0.3628029227256775,0.06089432165026665,1.0,0.3628029227256775,0.4000000059604645,0.4939609467983246,0.2854835093021393,0.014414329081773758,-0.5208253860473633,0.22129662334918976,0.2637424170970917,0.97556144
patient19785/study1/view1_frontal.jpg,1,0.2443399280309677,0.4031638503074646,1.0,0.2443399280309677,0.4000000059604645,0.34290966391563416,0.3259413540363312,0.009539954364299774,-0.5565060377120972,0.3047158718109131,0.2682381570339203,0.9466412
patient20057/study1/view1_frontal.jpg,1,0.21109694242477417,0.12314010411500931,1.0,0.21109694242477417,0.800000011920929,0.35121628642082214,0.3220599293708801,0.006976306438446045,-0.6354461908340454,0.0646873340010643,0.40821245312690735,0.9028359
patient20280/study1/view1_frontal.jpg,1,0.2631138265132904,0.09921859949827194,1.0,0.2631138265132904,0.6000000238418579,0.3414720892906189,0.32120320200920105,0.010383352637290955,-0.5668167471885681,0.23097039759159088,0.48421144485473633,0.95144486
patient20280/study2/view1_frontal.jpg,1,0.2604033946990967,0.09768705815076828,1.0,0.2604033946990967,0.4000000059604645,0.3453666567802429,0.32329246401786804,0.010213280096650124,-0.5836142897605896,0.13154472410678864,0.46609342098236084,0.8990441
patient20280/study3/view1_frontal.jpg,1,0.28095105290412903,0.13159295916557312,1.0,0.28095105290412903,0.6000000238418579,0.3463340401649475,0.3238731622695923,0.009805439971387386,-0.6075315475463867,0.3376059830188751,0.5350733995437622,0.9752842
patient20280/study4/view1_frontal.jpg,1,0.3266502022743225,0.14894969761371613,1.0,0.3266502022743225,0.4000000059604645,0.35497012734413147,0.32179996371269226,0.012132757343351841,-0.5440824627876282,0.23416514694690704,0.4020983874797821,0.9593653
patient20288/study1/view1_frontal.jpg,1,0.2649075388908386,0.03387126699090004,1.0,0.2649075388908386,0.800000011920929,0.3174082338809967,0.3116704523563385,0.009930635802447796,-0.5892640948295593,0.0655851811170578,0.36659732460975647,0.92732215
patient20301/study1/view1_frontal.jpg,1,0.2582908272743225,0.054567210376262665,1.0,0.2582908272743225,1.0,0.3249485194683075,0.3088080883026123,0.01228229608386755,-0.5487442016601562,0.164499893784523,0.3005938231945038,0.96316725
patient20437/study1/view1_frontal.jpg,1,0.30271443724632263,0.05975170060992241,1.0,0.30271443724632263,0.4000000059604645,0.320154070854187,0.3034120798110962,0.01187910232692957,-0.5563622713088989,0.27304404973983765,0.28765732049942017,0.9596621
patient20537/study1/view1_frontal.jpg,1,0.3854631781578064,0.1484224498271942,1.0,0.3854631781578064,0.4000000059604645,0.3413221538066864,0.3085414171218872,0.012106290087103844,-0.5270516276359558,0.4968457520008087,0.16611123085021973,0.9924846
patient20799/study1/view1_frontal.jpg,1,0.2980707883834839,0.11028273403644562,1.0,0.2980707883834839,0.800000011920929,0.360018253326416,0.31654030084609985,0.009543626569211483,-0.613129198551178,0.3539906442165375,0.23349210619926453,0.986672
patient20799/study10/view1_frontal.jpg,1,0.2520926296710968,0.11174199730157852,1.0,0.2520926296710968,0.6000000238418579,0.3660542666912079,0.3134743571281433,0.010495087131857872,-0.5732644200325012,0.28968480229377747,0.16471648216247559,0.964164
patient20799/study11/view1_frontal.jpg,1,0.25316885113716125,0.3734624981880188,1.0,0.25316885113716125,0.4000000059604645,0.3650956451892853,0.31377556920051575,0.009040402248501778,-0.6171708106994629,0.29799583554267883,0.37279126048088074,0.9544505
patient20799/study12/view1_frontal.jpg,1,0.2984295189380646,0.08229658752679825,1.0,0.2984295189380646,0.800000011920929,0.3635936677455902,0.3190954923629761,0.0108198756352067,-0.561161458492279,0.4330061376094818,0.3240364193916321,0.99002975
patient20799/study13/view1_frontal.jpg,1,0.28874361515045166,0.16095854341983795,1.0,0.28874361515045166,0.6000000238418579,0.3706400990486145,0.31368139386177063,0.01078891009092331,-0.572583794593811,0.39409416913986206,0.12995268404483795,0.98347133
patient20799/study2/view1_frontal.jpg,1,0.32326212525367737,0.1278723031282425,1.0,0.32326212525367737,0.4000000059604645,0.4027186930179596,0.30895736813545227,0.010749108158051968,-0.5927530527114868,0.4728938639163971,0.12991954386234283,0.9890198
patient20799/study3/view1_frontal.jpg,1,0.3762356638908386,0.128556028008461,1.0,0.3762356638908386,0.800000011920929,0.4149816036224365,0.3128478527069092,0.011193173006176949,-0.5818952322006226,0.5464745759963989,0.17486797273159027,0.99726236
patient20799/study4/view1_frontal.jpg,1,0.2560786008834839,0.2736895680427551,1.0,0.2560786008834839,0.20000000298023224,0.3773402273654938,0.3080185055732727,0.008421173319220543,-0.6339941620826721,0.4116390347480774,0.2540769875049591,0.96646565
patient20799/study5/view1_frontal.jpg,1,0.24948182702064514,0.12848502397537231,1.0,0.24948182702064514,1.0,0.37385377287864685,0.31692978739738464,0.009332068264484406,-0.6227749586105347,0.1977042555809021,0.17035776376724243,0.9722287
patient20799/study6/view1_frontal.jpg,1,0.29362642765045166,0.0495622381567955,1.0,0.29362642765045166,0.6000000238418579,0.3591231405735016,0.31631818413734436,0.010421938262879848,-0.5719266533851624,0.18489471077919006,0.05634775757789612,0.9572812
patient20799/study7/view1_frontal.jpg,1,0.34412866830825806,0.25125741958618164,1.0,0.34412866830825806,0.4000000059604645,0.389490008354187,0.3165612816810608,0.011868148110806942,-0.5678880214691162,0.4838613271713257,0.2146577388048172,0.99030685
patient20799/study8/view1_frontal.jpg,1,0.2720424234867096,0.21924807131290436,1.0,0.2720424234867096,0.6000000238418579,0.36090826988220215,0.31261253356933594,0.008441225625574589,-0.6117309331893921,0.30565187335014343,0.04701686277985573,0.973091
patient20799/study9/view1_frontal.jpg,1,0.2783203125,0.1438683271408081,1.0,0.2783203125,0.4000000059604645,0.3701937198638916,0.31536865234375,0.010105754248797894,-0.5846792459487915,0.2741469442844391,0.24312655627727509,0.95705867
patient20869/study1/view1_frontal.jpg,1,0.24621333181858063,0.04565153643488884,1.0,0.24621333181858063,0.4000000059604645,0.3589785695075989,0.332589715719223,0.008424574509263039,-0.5987032055854797,0.08103599399328232,0.5056058168411255,0.8651526
patient21208/study1/view1_frontal.jpg,1,0.21785315871238708,0.02495517209172249,1.0,0.21785315871238708,1.0,0.33604660630226135,0.3240816593170166,0.012541491538286209,-0.5352189540863037,0.12529489398002625,0.2282951921224594,0.9399942
patient21233/study1/view1_frontal.jpg,1,0.2723812162876129,0.04972176253795624,1.0,0.2723812162876129,0.4000000059604645,0.3513999581336975,0.310619592666626,0.011348702013492584,-0.5733824968338013,0.17314745485782623,0.25432088971138,0.92637783
patient21233/study2/view1_frontal.jpg,1,0.2992665767669678,0.29738089442253113,1.0,0.2992665767669678,1.0,0.32952579855918884,0.3121108412742615,0.009627879597246647,-0.5906792283058167,0.36253294348716736,0.061621252447366714,0.9903071
patient21233/study3/view1_frontal.jpg,1,0.271484375,0.042394913733005524,1.0,0.271484375,0.800000011920929,0.3116270899772644,0.31693756580352783,0.01048483420163393,-0.5718847513198853,0.16129004955291748,0.12441285699605942,0.9547915
patient21233/study4/view1_frontal.jpg,1,0.21914859116077423,0.16736117005348206,1.0,0.21914859116077423,0.20000000298023224,0.2979544997215271,0.3080521523952484,0.00926243793219328,-0.5887424349784851,0.15433935821056366,0.5584455132484436,0.8303185
patient21233/study5/view1_frontal.jpg,1,0.25681599974632263,0.21011985838413239,1.0,0.25681599974632263,0.20000000298023224,0.2974429726600647,0.3001791536808014,0.009341729804873466,-0.5864428877830505,0.16863618791103363,0.44729742407798767,0.87807596
patient21597/study1/view1_frontal.jpg,1,0.2967952787876129,0.015944218263030052,1.0,0.2967952787876129,0.6000000238418579,0.323091596364975,0.3251264691352844,0.01132548600435257,-0.5640620589256287,0.10124333202838898,0.1839873045682907,0.9321642
patient21597/study10/view1_frontal.jpg,1,0.29920679330825806,0.05144362524151802,1.0,0.29920679330825806,0.800000011920929,0.3687532842159271,0.3036316931247711,0.010896536521613598,-0.573205828666687,0.3237709105014801,0.0762430876493454,0.98489755
patient21597/study11/view1_frontal.jpg,1,0.29671555757522583,0.05608836188912392,1.0,0.29671555757522583,1.0,0.3787040710449219,0.305643767118454,0.009907027706503868,-0.5902510285377502,0.1633637696504593,0.119085893034935,0.97693753
patient21597/study12/view1_frontal.jpg,1,0.3003029227256775,0.10288426280021667,1.0,0.3003029227256775,0.6000000238418579,0.3107777535915375,0.3117600083351135,0.010133451782166958,-0.5748935341835022,0.2030726969242096,0.2996163070201874,0.9581608
patient21597/study2/view1_frontal.jpg,1,0.31558912992477417,0.01120076235383749,1.0,0.31558912992477417,0.800000011920929,0.32075628638267517,0.31180712580680847,0.00977732241153717,-0.5860245227813721,0.11243520677089691,0.6383373737335205,0.9575336
patient21597/study3/view1_frontal.jpg,1,0.26321348547935486,0.16919288039207458,1.0,0.26321348547935486,1.0,0.291749507188797,0.2951093316078186,0.010069816373288631,-0.5653144717216492,0.13609740138053894,0.4540211856365204,0.95800436
patient21597/study4/view1_frontal.jpg,1,0.3438895046710968,0.08238314837217331,1.0,0.3438895046710968,0.6000000238418579,0.39816778898239136,0.29821714758872986,0.012070444412529469,-0.5626133680343628,0.2680051326751709,0.10053687542676926,0.9815911
patient21597/study5/view1_frontal.jpg,1,0.27186304330825806,0.0554959811270237,1.0,0.27186304330825806,0.20000000298023224,0.3042457103729248,0.30139777064323425,0.010632680729031563,-0.5555589199066162,0.11342141032218933,0.5194128751754761,0.855795
patient21597/study6/view1_frontal.jpg,1,0.39644452929496765,0.02791360206902027,1.0,0.39644452929496765,0.6000000238418579,0.3877849578857422,0.2965054512023926,0.01458697859197855,-0.5282706618309021,0.4221270680427551,0.24847830832004547,0.99349207
patient21597/study7/view1_frontal.jpg,1,0.2874481678009033,0.09100429713726044,1.0,0.2874481678009033,0.20000000298023224,0.3087323307991028,0.30921515822410583,0.010052897036075592,-0.5649644732475281,0.1421937197446823,0.5268194675445557,0.8853742
patient21597/study8/view1_frontal.jpg,1,0.2850167453289032,0.04473775252699852,1.0,0.2850167453289032,0.6000000238418579,0.37386462092399597,0.30123111605644226,0.011878959834575653,-0.5579816102981567,0.35037362575531006,0.0535455122590065,0.97954386
patient21597/study9/view1_frontal.jpg,1,0.3419363796710968,0.04182053357362747,1.0,0.3419363796710968,0.4000000059604645,0.396606981754303,0.3006923496723175,0.013004490174353123,-0.5350422859191895,0.2699218690395355,0.09044356644153595,0.9734831
patient21607/study1/view1_frontal.jpg,1,0.3258131444454193,0.048524148762226105,1.0,0.3258131444454193,0.6000000238418579,0.3575994670391083,0.2995072901248932,0.013058721087872982,-0.5337454080581665,0.37305647134780884,0.3249501585960388,0.98500353
patient21836/study1/view1_frontal.jpg,1,0.10680405050516129,0.20725741982460022,1.0,0.10680405050516129,0.4000000059604645,0.21869443356990814,0.2912764549255371,0.008024570532143116,-0.5852397084236145,0.02663414180278778,0.21678076684474945,0.5924308
patient22072/study1/view1_frontal.jpg,1,0.10831871628761292,0.3325611352920532,1.0,0.10831871628761292,0.20000000298023224,0.21856728196144104,0.29846152663230896,0.008911184035241604,-0.5763490796089172,0.044779278337955475,0.13716086745262146,0.5342822
patient22072/study2/view1_frontal.jpg,1,0.10889668017625809,0.21594853699207306,1.0,0.10889668017625809,0.20000000298023224,0.22439377009868622,0.29951757192611694,0.006235027685761452,-0.6365397572517395,0.011670060455799103,0.16339245438575745,0.5181815
patient22203/study1/view1_frontal.jpg,1,0.1082589253783226,0.1779543161392212,1.0,0.1082589253783226,0.20000000298023224,0.21673990786075592,0.29413148760795593,0.007020890712738037,-0.6240267157554626,0.015039900317788124,0.23887355625629425,0.51235175
patient22203/study2/view1_frontal.jpg,1,0.06540975719690323,0.1997336447238922,1.0,0.06540975719690323,0.20000000298023224,0.21221788227558136,0.2881883680820465,0.006285409443080425,-0.6567623019218445,0.0031684276182204485,0.2802308201789856,0.4267666
patient22203/study3/view1_frontal.jpg,1,0.15874123573303223,0.10597457736730576,1.0,0.15874123573303223,0.20000000298023224,0.26292064785957336,0.3080236613750458,0.008545520715415478,-0.5829628109931946,0.04811408370733261,0.09137503802776337,0.65061086
patient22203/study4/view1_frontal.jpg,1,0.13990752398967743,0.24005764722824097,1.0,0.13990752398967743,0.4000000059604645,0.24621053040027618,0.30241888761520386,0.008362166583538055,-0.5938873887062073,0.062086157500743866,0.027183547616004944,0.70522714
patient22203/study5/view1_frontal.jpg,1,0.1287667453289032,0.2530362904071808,1.0,0.1287667453289032,0.6000000238418579,0.24121008813381195,0.3023671507835388,0.008349047973752022,-0.5904165506362915,0.05162247270345688,0.21377094089984894,0.7338728
patient22203/study6/view1_frontal.jpg,1,0.13578204810619354,0.17224808037281036,1.0,0.13578204810619354,0.6000000238418579,0.2370803952217102,0.30502989888191223,0.008489027619361877,-0.5955964922904968,0.030019046738743782,0.23228664696216583,0.72253865
patient22203/study7/view1_frontal.jpg,1,0.18548709154129028,0.12420476227998734,1.0,0.18548709154129028,0.4000000059604645,0.2740137577056885,0.31725171208381653,0.008295241743326187,-0.6028047204017639,0.09798421710729599,0.21516966819763184,0.80214274
patient22207/study1/view1_frontal.jpg,1,0.1363002210855484,0.27497291564941406,1.0,0.1363002210855484,0.20000000298023224,0.23586027324199677,0.30246177315711975,0.008842391893267632,-0.57179194688797,0.053162433207035065,0.17041625082492828,0.5998629
patient22233/study1/view1_frontal.jpg,1,0.17683753371238708,0.053074076771736145,1.0,0.17683753371238708,0.4000000059604645,0.27434515953063965,0.30761784315109253,0.009522094391286373,-0.5989723205566406,0.00033378807711414993,0.7097823619842529,0.689225
patient22233/study2/view1_frontal.jpg,1,0.16794882714748383,0.057302653789520264,1.0,0.16794882714748383,0.6000000238418579,0.25808221101760864,0.3005986511707306,0.009722528047859669,-0.5732235908508301,0.0979025661945343,0.37781399488449097,0.8204187
patient22233/study3/view1_frontal.jpg,1,0.17506377398967743,0.029205406084656715,1.0,0.17506377398967743,0.4000000059604645,0.27127280831336975,0.304756760597229,0.009391676634550095,-0.5874336957931519,0.10806652903556824,0.29589787125587463,0.7941298
patient22233/study4/view1_frontal.jpg,1,0.13592155277729034,0.11412730813026428,1.0,0.13592155277729034,0.4000000059604645,0.23011250793933868,0.2994201183319092,0.008641663007438183,-0.5993722677230835,0.0725146234035492,0.13237521052360535,0.70219696
patient22233/study5/view1_frontal.jpg,1,0.16474011540412903,0.07878344506025314,1.0,0.16474011540412903,0.20000000298023224,0.2684498131275177,0.3070266544818878,0.00935348216444254,-0.5870248079299927,0.009206867776811123,0.6104026436805725,0.6017884
patient22257/study1/view1_frontal.jpg,1,0.14562739431858063,0.0783962532877922,1.0,0.14562739431858063,0.20000000298023224,0.23478610813617706,0.294504314661026,0.006927097216248512,-0.6563405990600586,0.11401205509901047,0.28088462352752686,0.706984
patient22257/study2/view1_frontal.jpg,1,0.12328603118658066,0.18716248869895935,1.0,0.12328603118658066,0.4000000059604645,0.21935226023197174,0.28605109453201294,0.007033562287688255,-0.6319606900215149,0.04040559381246567,0.14873185753822327,0.65804654
patient22258/study1/view1_frontal.jpg,1,0.10497050732374191,0.6124340891838074,1.0,0.10497050732374191,0.4000000059604645,0.19758716225624084,0.2754088342189789,0.008705112151801586,-0.5850338339805603,0.1725551337003708,0.13843396306037903,0.7427043
patient22360/study1/view1_frontal.jpg,1,0.1824178844690323,0.1991529017686844,1.0,0.1824178844690323,0.20000000298023224,0.2542109191417694,0.29577502608299255,0.008380567654967308,-0.5875694751739502,0.18514810502529144,0.5469925403594971,0.8013763
patient22360/study2/view1_frontal.jpg,1,0.17189492285251617,0.13299137353897095,1.0,0.17189492285251617,0.4000000059604645,0.22575148940086365,0.290899395942688,0.009627251885831356,-0.5671063661575317,0.05129570886492729,0.4786783456802368,0.7184461
patient22373/study1/view1_frontal.jpg,1,0.13297194242477417,0.12397691607475281,1.0,0.13297194242477417,0.800000011920929,0.20997720956802368,0.28541210293769836,0.009123972617089748,-0.5692234635353088,0.019593313336372375,0.47485610842704773,0.75330245
patient22373/study2/view1_frontal.jpg,1,0.16812819242477417,0.20402540266513824,1.0,0.16812819242477417,0.20000000298023224,0.267250657081604,0.30157536268234253,0.008039296604692936,-0.6130393147468567,0.03857886418700218,0.44378089904785156,0.65732265
patient22509/study1/view1_frontal.jpg,1,0.15441645681858063,0.11584151536226273,1.0,0.15441645681858063,0.4000000059604645,0.2759200632572174,0.310540109872818,0.007489407435059547,-0.6245096921920776,0.13833749294281006,0.5629318356513977,0.7927453
patient22762/study1/view1_frontal.jpg,1,0.22130101919174194,0.022309554740786552,1.0,0.22130101919174194,0.6000000238418579,0.29776591062545776,0.3107558488845825,0.009382776916027069,-0.6076640486717224,0.14595739543437958,0.3096027672290802,0.90665865
patient22835/study1/view1_frontal.jpg,1,0.1872209757566452,0.028311805799603462,1.0,0.1872209757566452,1.0,0.29802295565605164,0.3095206618309021,0.008424698375165462,-0.5951670408248901,0.0409725084900856,0.09445395320653915,0.89809144
patient22969/study1/view1_frontal.jpg,1,0.15001195669174194,0.05115227401256561,1.0,0.15001195669174194,0.4000000059604645,0.27183201909065247,0.32413250207901,0.007685719057917595,-0.5983127355575562,0.01238167006522417,0.4602908492088318,0.6579317
patient23167/study1/view1_frontal.jpg,1,0.11672911047935486,0.26405078172683716,1.0,0.11672911047935486,0.20000000298023224,0.22518500685691833,0.30420541763305664,0.007078309543430805,-0.6182656288146973,0.07145003229379654,0.16778899729251862,0.5951369
patient23201/study1/view1_frontal.jpg,1,0.08870774507522583,0.21336834132671356,1.0,0.08870774507522583,0.20000000298023224,0.21466071903705597,0.2938293218612671,0.007921759970486164,-0.5786756277084351,0.013569476082921028,0.08428139984607697,0.46268538
patient23222/study1/view1_frontal.jpg,1,0.13875159621238708,0.14084932208061218,1.0,0.13875159621238708,0.4000000059604645,0.2556687593460083,0.3064490258693695,0.007430712692439556,-0.6144794225692749,0.01623385213315487,0.06484240293502808,0.6630854
patient23222/study2/view1_frontal.jpg,1,0.12978316843509674,0.2393777221441269,1.0,0.12978316843509674,0.20000000298023224,0.24370631575584412,0.3011898398399353,0.006626273971050978,-0.6377543807029724,0.04461904615163803,0.3735956847667694,0.59620523
patient23222/study3/view1_frontal.jpg,1,0.08930564671754837,0.38692235946655273,1.0,0.08930564671754837,0.20000000298023224,0.21807613968849182,0.2972554564476013,0.009088085032999516,-0.5764497518539429,0.052399892359972,0.22965899109840393,0.50337994
patient23420/study1/view1_frontal.jpg,1,0.08422353118658066,0.406447172164917,1.0,0.08422353118658066,0.4000000059604645,0.21839134395122528,0.28139710426330566,0.00626556109637022,-0.6365205645561218,0.008910434320569038,0.24247397482395172,0.5500509
patient23508/study1/view1_frontal.jpg,1,0.07445790618658066,0.8601059317588806,1.0,0.07445790618658066,0.20000000298023224,0.2185239940881729,0.28950947523117065,0.00742060411721468,-0.6275339722633362,0.141221821308136,0.2606964111328125,0.59998184
patient23508/study2/view1_frontal.jpg,1,0.15501435101032257,0.5021742582321167,1.0,0.15501435101032257,0.6000000238418579,0.29776543378829956,0.3174746632575989,0.006404610350728035,-0.6531694531440735,0.11592067033052444,0.3115972876548767,0.8418178
patient23659/study1/view1_frontal.jpg,1,0.11379942297935486,0.5895507335662842,1.0,0.11379942297935486,0.800000011920929,0.2547578513622284,0.29773133993148804,0.007460238412022591,-0.6117894649505615,0.0813576802611351,0.21587716042995453,0.8064306
patient23738/study1/view1_frontal.jpg,1,0.13145726919174194,0.20638905465602875,1.0,0.13145726919174194,0.20000000298023224,0.30114156007766724,0.31333598494529724,0.007362254895269871,-0.6304818987846375,0.020300066098570824,0.29928845167160034,0.5918375
patient23751/study1/view1_frontal.jpg,1,0.1159319207072258,0.1716221570968628,1.0,0.1159319207072258,1.0,0.2600261867046356,0.28921768069267273,0.007827386260032654,-0.6243289113044739,0.014344891533255577,0.11223951727151871,0.8184761
patient23751/study2/view1_frontal.jpg,1,0.07270408421754837,0.2903372347354889,1.0,0.07270408421754837,0.20000000298023224,0.22966085374355316,0.28560513257980347,0.007182103116065264,-0.6365975141525269,0.015005182474851608,0.19530120491981506,0.46002817
patient23879/study1/view1_frontal.jpg,1,0.12601642310619354,0.17836226522922516,1.0,0.12601642310619354,0.20000000298023224,0.28261592984199524,0.29349833726882935,0.006830265279859304,-0.6744327545166016,0.03969612717628479,0.24710439145565033,0.6213054
patient23898/study1/view1_frontal.jpg,1,0.1597377210855484,0.14312505722045898,1.0,0.1597377210855484,0.20000000298023224,0.2859548330307007,0.2921026051044464,0.007487085182219744,-0.6306095719337463,0.020894844084978104,0.40605345368385315,0.6420957
patient23898/study2/view1_frontal.jpg,1,0.1769770383834839,0.1404220163822174,1.0,0.1769770383834839,0.20000000298023224,0.28988268971443176,0.295224130153656,0.006410735193639994,-0.6594875454902649,0.0793456882238388,0.4432508945465088,0.7373952
patient23898/study3/view1_frontal.jpg,1,0.15951849520206451,0.16089694201946259,1.0,0.15951849520206451,0.20000000298023224,0.2918422818183899,0.29709067940711975,0.0061193667352199554,-0.6639615297317505,0.11930912733078003,0.29645445942878723,0.7540383
patient23923/study1/view1_frontal.jpg,1,0.1471022069454193,0.593097984790802,1.0,0.1471022069454193,0.20000000298023224,0.2655532658100128,0.2965775728225708,0.00747777009382844,-0.6197789907455444,0.08348485827445984,0.3954816162586212,0.6742854
patient23923/study2/view1_frontal.jpg,1,0.13695791363716125,0.5804852843284607,1.0,0.13695791363716125,0.20000000298023224,0.28162962198257446,0.3022752106189728,0.006503297947347164,-0.6339149475097656,0.06813944876194,0.5872878432273865,0.64179605
patient24035/study1/view1_frontal.jpg,1,0.09558354318141937,0.40712305903434753,1.0,0.09558354318141937,0.4000000059604645,0.2299971729516983,0.2846565246582031,0.008149536326527596,-0.6104696393013,0.03649694100022316,0.4217764139175415,0.59117925
patient24035/study2/view1_frontal.jpg,1,0.09743702411651611,0.3075827956199646,1.0,0.09743702411651611,0.20000000298023224,0.2624821960926056,0.29133832454681396,0.006662068422883749,-0.6783016920089722,0.018379053100943565,0.18488925695419312,0.5390429
patient24682/study1/view1_frontal.jpg,1,0.09616151452064514,0.26993054151535034,1.0,0.09616151452064514,0.20000000298023224,0.2654190957546234,0.2963075041770935,0.004986630752682686,-0.7219811081886292,0.026380505412817,0.45627716183662415,0.54924834
patient24765/study1/view1_frontal.jpg,1,0.12216996401548386,0.2067636102437973,1.0,0.12216996401548386,0.20000000298023224,0.2817932963371277,0.3021358847618103,0.005798265803605318,-0.6614136695861816,0.01225502509623766,0.5311048030853271,0.5624785
patient24825/study1/view1_frontal.jpg,1,0.09944993257522583,0.511795699596405,1.0,0.09944993257522583,0.4000000059604645,0.2512950003147125,0.29671502113342285,0.00936028454452753,-0.5636338591575623,0.049144648015499115,0.23121680319309235,0.6087211
patient24834/study1/view1_frontal.jpg,1,0.1455078125,0.37874937057495117,1.0,0.1455078125,0.20000000298023224,0.29044172167778015,0.30701082944869995,0.006215468980371952,-0.6477554440498352,0.04851476103067398,0.42359739542007446,0.6478738
patient24834/study2/view1_frontal.jpg,1,0.20774872601032257,0.15779191255569458,1.0,0.20774872601032257,0.4000000059604645,0.352788507938385,0.32349783182144165,0.007352876476943493,-0.6297912001609802,0.0026857920456677675,0.7241243720054626,0.76867706
patient24834/study3/view1_frontal.jpg,1,0.27989476919174194,0.3145255148410797,1.0,0.27989476919174194,0.800000011920929,0.35919860005378723,0.32296329736709595,0.007117115892469883,-0.6329002380371094,0.0672403946518898,0.7629067897796631,0.9382202
patient24834/study4/view1_frontal.jpg,1,0.2841199040412903,0.34590277075767517,1.0,0.2841199040412903,0.20000000298023224,0.3563930094242096,0.3209753632545471,0.008038337342441082,-0.6086658835411072,0.1300627887248993,0.5508589148521423,0.88935506
patient24834/study5/view1_frontal.jpg,1,0.16753029823303223,0.18716366589069366,1.0,0.16753029823303223,0.4000000059604645,0.3047209084033966,0.3068132698535919,0.005774605553597212,-0.679518461227417,0.012594013474881649,0.6417620778083801,0.7241542
patient24874/study1/view1_frontal.jpg,1,0.1603754758834839,0.23465439677238464,1.0,0.1603754758834839,0.4000000059604645,0.3090279996395111,0.3111512064933777,0.009539950639009476,-0.5686575174331665,0.03250148147344589,0.5043728351593018,0.70512295
patient24955/study1/view1_frontal.jpg,1,0.2091238796710968,0.8788314461708069,1.0,0.2091238796710968,0.20000000298023224,0.3589797616004944,0.31216350197792053,0.007289500907063484,-0.6272602081298828,0.2755570411682129,0.5683299899101257,0.90434504
patient24955/study10/view1_frontal.jpg,1,0.3091717064380646,0.9531006813049316,1.0,0.3091717064380646,0.20000000298023224,0.40669921040534973,0.3105356693267822,0.0062436494044959545,-0.6370514035224915,0.36635294556617737,0.5911335349082947,0.97206086
patient24955/study2/view1_frontal.jpg,1,0.20384247601032257,0.864880383014679,1.0,0.20384247601032257,0.6000000238418579,0.35118818283081055,0.3238910436630249,0.007325481623411179,-0.6301584243774414,0.32481175661087036,0.47683948278427124,0.9556926
patient24955/study3/view1_frontal.jpg,1,0.2721819281578064,0.2178865671157837,1.0,0.2721819281578064,0.4000000059604645,0.3983832001686096,0.31070977449417114,0.0077307396568357944,-0.6314910650253296,0.23096351325511932,0.6943150162696838,0.9478751
patient24955/study4/view1_frontal.jpg,1,0.19200414419174194,0.9188498258590698,1.0,0.19200414419174194,0.800000011920929,0.3484794795513153,0.31858474016189575,0.008316508494317532,-0.6035593748092651,0.2234579473733902,0.5993399024009705,0.94077176
patient24955/study5/view1_frontal.jpg,1,0.22423070669174194,0.9459813833236694,1.0,0.22423070669174194,0.4000000059604645,0.3819946050643921,0.31419745087623596,0.0081590311601758,-0.6183100342750549,0.46090978384017944,0.4568071961402893,0.97380644
patient24955/study6/view1_frontal.jpg,1,0.21532206237316132,0.7265620231628418,1.0,0.21532206237316132,0.20000000298023224,0.3664608299732208,0.3166532516479492,0.008266039192676544,-0.6176326870918274,0.34549251198768616,0.4941364526748657,0.9329496
patient24955/study6/view2_frontal.jpg,1,0.2520328462123871,0.7582100033760071,1.0,0.2520328462123871,0.4000000059604645,0.37303730845451355,0.31857672333717346,0.007981689646840096,-0.6219090819358826,0.3477490544319153,0.5632044672966003,0.9627405
patient24955/study7/view1_frontal.jpg,1,0.2669602930545807,0.8104696273803711,1.0,0.2669602930545807,0.6000000238418579,0.4014362692832947,0.3121885359287262,0.006540646310895681,-0.6422103643417358,0.4335821568965912,0.4669812023639679,0.9853338
patient24955/study8/view1_frontal.jpg,1,0.27453362941741943,0.8642284870147705,1.0,0.27453362941741943,0.20000000298023224,0.41365790367126465,0.31448033452033997,0.006125609390437603,-0.6392461061477661,0.23052294552326202,0.6583621501922607,0.9328566
patient24955/study9/view1_frontal.jpg,1,0.26741868257522583,0.9138429164886475,1.0,0.26741868257522583,0.800000011920929,0.4115388095378876,0.3100143074989319,0.005909593775868416,-0.656650722026825,0.3946116864681244,0.4967491924762726,0.9876939
patient25064/study1/view1_frontal.jpg,1,0.3641780912876129,0.21971642971038818,1.0,0.3641780912876129,0.20000000298023224,0.42178434133529663,0.31020522117614746,0.010529165156185627,-0.5797992944717407,0.15045256912708282,0.8113545179367065,0.9454023
patient25064/study2/view1_frontal.jpg,1,0.3413185477256775,0.1147138774394989,1.0,0.3413185477256775,0.6000000238418579,0.43624892830848694,0.30706197023391724,0.00912520382553339,-0.6019362807273865,0.2585870027542114,0.7777143120765686,0.98029584
patient25064/study3/view1_frontal.jpg,1,0.28366151452064514,0.057657841593027115,1.0,0.28366151452064514,1.0,0.3984999656677246,0.298102468252182,0.01033869106322527,-0.5914753079414368,0.026489539071917534,0.9955872297286987,0.94767344
patient25160/study1/view1_frontal.jpg,1,0.2488241344690323,0.23250934481620789,1.0,0.2488241344690323,0.4000000059604645,0.37941882014274597,0.3050459921360016,0.009037398733198643,-0.5838457942008972,0.07440368086099625,0.5889291167259216,0.8697392
patient25386/study1/view1_frontal.jpg,1,0.18759964406490326,0.11410345882177353,1.0,0.18759964406490326,0.800000011920929,0.3663696050643921,0.30330759286880493,0.00877378135919571,-0.6109116673469543,0.031201684847474098,0.5528277158737183,0.8688579
patient25386/study2/view1_frontal.jpg,1,0.29769212007522583,0.9608651995658875,1.0,0.29769212007522583,0.4000000059604645,0.4093233346939087,0.3069157898426056,0.009429874829947948,-0.585151731967926,0.42770838737487793,0.5234782099723816,0.98248106
patient25615/study1/view1_frontal.jpg,1,0.24822624027729034,0.17560245096683502,1.0,0.24822624027729034,0.800000011920929,0.3633381724357605,0.28821778297424316,0.00696833711117506,-0.6737140417098999,0.09930243343114853,0.8562152981758118,0.9394581
patient25615/study2/view1_frontal.jpg,1,0.28254544734954834,0.1954759806394577,1.0,0.28254544734954834,0.6000000238418579,0.37213996052742004,0.28903600573539734,0.008632215671241283,-0.6074652075767517,0.1421535164117813,0.7326124310493469,0.9442405
patient25743/study1/view1_frontal.jpg,1,0.18508848547935486,0.2674046754837036,1.0,0.18508848547935486,0.4000000059604645,0.3855576813220978,0.3073124885559082,0.00586582999676466,-0.7191003561019897,0.050554584711790085,0.8126735091209412,0.8108583
patient25743/study10/view1_frontal.jpg,1,0.27270010113716125,0.4099239408969879,1.0,0.27270010113716125,0.4000000059604645,0.39623206853866577,0.3064939081668854,0.007118701934814453,-0.6452069878578186,0.13062968850135803,0.7833847403526306,0.91932017
patient25743/study11/view1_frontal.jpg,1,0.1400071680545807,0.21749670803546906,1.0,0.1400071680545807,0.4000000059604645,0.3078409731388092,0.2913145124912262,0.005625253543257713,-0.7194446325302124,0.03339233249425888,0.519771933555603,0.7237852
patient25743/study12/view1_frontal.jpg,1,0.2004743367433548,0.3797464668750763,1.0,0.2004743367433548,0.4000000059604645,0.3492718040943146,0.28809067606925964,0.006601909175515175,-0.6809359192848206,0.12297218292951584,0.6165677309036255,0.8661061
patient25743/study13/view1_frontal.jpg,1,0.27004942297935486,0.16441577672958374,1.0,0.27004942297935486,0.6000000238418579,0.3937261402606964,0.30240964889526367,0.00800279714167118,-0.616364061832428,0.1206391379237175,0.7170898914337158,0.93468374
patient25743/study14/view1_frontal.jpg,1,0.2959582209587097,0.07783584296703339,1.0,0.2959582209587097,0.20000000298023224,0.3833044767379761,0.29603055119514465,0.010006609372794628,-0.5656492710113525,0.12547433376312256,0.7588726878166199,0.8958006
patient25743/study15/view1_frontal.jpg,1,0.2176339328289032,0.4627194106578827,1.0,0.2176339328289032,0.20000000298023224,0.3660408854484558,0.3023388981819153,0.005795689765363932,-0.7242934107780457,0.10907376557588577,0.7377609014511108,0.8396794
patient25743/study16/view1_frontal.jpg,1,0.1940569132566452,0.6306940317153931,1.0,0.1940569132566452,0.20000000298023224,0.37709948420524597,0.3058519661426544,0.005382857285439968,-0.7335785031318665,0.14417117834091187,0.6609171628952026,0.8431788
patient25743/study17/view1_frontal.jpg,1,0.2158203125,0.31570184230804443,1.0,0.2158203125,0.20000000298023224,0.3736169636249542,0.29996001720428467,0.0064845010638237,-0.6860381364822388,0.09634130448102951,0.7163551449775696,0.82469964
patient25743/study18/view1_frontal.jpg,1,0.16968271136283875,0.6983667612075806,1.0,0.16968271136283875,0.20000000298023224,0.40231853723526,0.3114459812641144,0.005545973312109709,-0.726622998714447,0.17210067808628082,0.6193404197692871,0.8403954
patient25743/study19/view1_frontal.jpg,1,0.33500078320503235,0.30130791664123535,1.0,0.33500078320503235,0.6000000238418579,0.3504023551940918,0.2797826826572418,0.009089572355151176,-0.5870994925498962,0.19180229306221008,0.6797218918800354,0.9685353
patient25743/study2/view1_frontal.jpg,1,0.2843191921710968,0.3539431095123291,1.0,0.2843191921710968,0.4000000059604645,0.39365848898887634,0.3099181354045868,0.009479211643338203,-0.586965024471283,0.24362848699092865,0.7454323768615723,0.9514722
patient25743/study20/view1_frontal.jpg,1,0.29627710580825806,0.3690718412399292,1.0,0.29627710580825806,0.20000000298023224,0.38894185423851013,0.30484920740127563,0.008999446406960487,-0.6047635078430176,0.22375905513763428,0.6358962059020996,0.93666804
patient25743/study21/view1_frontal.jpg,1,0.2423270046710968,0.15074099600315094,1.0,0.2423270046710968,0.20000000298023224,0.3903840482234955,0.3036307692527771,0.008265885524451733,-0.6180422902107239,0.10261620581150055,0.808806836605072,0.8448448
patient25743/study22/view1_frontal.jpg,1,0.2512356638908386,0.07494176179170609,1.0,0.2512356638908386,0.4000000059604645,0.3562370240688324,0.28425994515419006,0.008291253820061684,-0.6070924401283264,0.1560230255126953,0.6521363258361816,0.91087466
patient25743/study23/view1_frontal.jpg,1,0.1712571680545807,0.4872053861618042,1.0,0.1712571680545807,0.20000000298023224,0.353384792804718,0.28707244992256165,0.005824188701808453,-0.7154551148414612,0.13036681711673737,0.4586908221244812,0.80834484
patient25743/study24/view1_frontal.jpg,1,0.1029575914144516,0.2677951157093048,1.0,0.1029575914144516,0.4000000059604645,0.29745304584503174,0.29064908623695374,0.005431640427559614,-0.7079187035560608,0.025507032871246338,0.4139900505542755,0.6511889
patient25743/study25/view1_frontal.jpg,1,0.1587611585855484,0.3126729130744934,1.0,0.1587611585855484,0.4000000059604645,0.3119169771671295,0.2946380376815796,0.006996050011366606,-0.6356948018074036,0.056706275790929794,0.5753313899040222,0.7488582
patient25743/study3/view1_frontal.jpg,1,0.34460699558258057,0.1968594491481781,1.0,0.34460699558258057,0.20000000298023224,0.34668537974357605,0.2838016748428345,0.009201169945299625,-0.5877617597579956,0.1877652406692505,0.4264097213745117,0.9460955
patient25743/study4/view1_frontal.jpg,1,0.30381059646606445,0.26157137751579285,1.0,0.30381059646606445,0.4000000059604645,0.3961698114871979,0.2973213791847229,0.010038619861006737,-0.5785240530967712,0.23790866136550903,0.7618643045425415,0.9573395
patient25743/study5/view1_frontal.jpg,1,0.2765066921710968,0.14404113590717316,1.0,0.2765066921710968,0.20000000298023224,0.4021003246307373,0.3110126554965973,0.009653398767113686,-0.5758656859397888,0.13762398064136505,0.8217917084693909,0.8880809
patient25743/study6/view1_frontal.jpg,1,0.11758609861135483,0.10766475647687912,1.0,0.11758609861135483,0.20000000298023224,0.30662062764167786,0.29451677203178406,0.006113378796726465,-0.6628246307373047,0.02040296234190464,0.4376183748245239,0.5821141
patient25743/study7/view1_frontal.jpg,1,0.25219228863716125,0.5238731503486633,1.0,0.25219228863716125,0.20000000298023224,0.41345587372779846,0.31257113814353943,0.006223217584192753,-0.6940255761146545,0.1458912342786789,0.8074972629547119,0.8919773
patient25743/study8/view1_frontal.jpg,1,0.1385323703289032,0.20334868133068085,1.0,0.1385323703289032,0.20000000298023224,0.3058939278125763,0.29499369859695435,0.0064836060628294945,-0.6428553462028503,0.05002724751830101,0.3370221257209778,0.65032756
patient25743/study9/view1_frontal.jpg,1,0.31154337525367737,0.19586172699928284,1.0,0.31154337525367737,0.4000000059604645,0.3815012574195862,0.2961041033267975,0.008198295719921589,-0.6137299537658691,0.1302606612443924,0.8189685940742493,0.9353177
patient26018/study1/view1_frontal.jpg,1,0.13384884595870972,0.19670777022838593,1.0,0.13384884595870972,0.4000000059604645,0.31010639667510986,0.2926451563835144,0.009278851561248302,-0.5772213935852051,0.026045670732855797,0.6141809821128845,0.6605403
patient26465/study1/view1_frontal.jpg,1,0.18116231262683868,0.5934317708015442,1.0,0.18116231262683868,0.4000000059604645,0.3471176028251648,0.2926138937473297,0.007572327274829149,-0.623227059841156,0.1553535908460617,0.6463914513587952,0.8550138
patient26585/study1/view1_frontal.jpg,1,0.17897002398967743,0.22364865243434906,1.0,0.17897002398967743,0.4000000059604645,0.3888794779777527,0.3006233274936676,0.0055499630980193615,-0.7229152321815491,0.09734885394573212,0.45328646898269653,0.8475626
patient26585/study2/view1_frontal.jpg,1,0.22142060101032257,0.07989823818206787,1.0,0.22142060101032257,0.20000000298023224,0.3507598638534546,0.2928248643875122,0.008787136524915695,-0.600464940071106,0.0314776748418808,0.5956113934516907,0.7598653
patient26668/study1/view1_frontal.jpg,1,0.1736088991165161,0.27478456497192383,1.0,0.1736088991165161,0.20000000298023224,0.32939741015434265,0.2926843762397766,0.008839276619255543,-0.5898194313049316,0.03922973945736885,0.44555482268333435,0.6883987
patient26892/study1/view1_frontal.jpg,1,0.21751435101032257,0.1711597889661789,1.0,0.21751435101032257,0.4000000059604645,0.3753124177455902,0.29671579599380493,0.007883859798312187,-0.6263754963874817,0.1059015765786171,0.6112233996391296,0.86671054
patient27230/study1/view1_frontal.jpg,1,0.28318318724632263,0.05866611376404762,1.0,0.28318318724632263,0.20000000298023224,0.39373892545700073,0.30097851157188416,0.009013748727738857,-0.6056243777275085,0.07550202310085297,0.844182550907135,0.8660891
patient27443/study1/view1_frontal.jpg,1,0.20473931729793549,0.414582759141922,1.0,0.20473931729793549,0.4000000059604645,0.3259909749031067,0.2906075119972229,0.01009791437536478,-0.5758886933326721,0.0847901850938797,0.610503077507019,0.8209885
patient27547/study1/view1_frontal.jpg,1,0.40294164419174194,0.015940885990858078,1.0,0.40294164419174194,0.4000000059604645,0.48360663652420044,0.28511932492256165,0.011697343550622463,-0.5705190896987915,0.34636589884757996,0.2693807780742645,0.9904721
patient27547/study1/view2_frontal.jpg,1,0.3982182741165161,0.04866000637412071,1.0,0.3982182741165161,0.20000000298023224,0.4827061593532562,0.2854558527469635,0.0094978092238307,-0.6149141788482666,0.12631547451019287,0.2066056877374649,0.96456546
patient27547/study2/view1_frontal.jpg,1,0.3867785334587097,0.02086392417550087,1.0,0.3867785334587097,0.6000000238418579,0.46229392290115356,0.28961479663848877,0.011704966425895691,-0.5664657950401306,0.4688563644886017,0.23516002297401428,0.99541783
patient27547/study2/view2_frontal.jpg,1,0.3539540767669678,0.011406796984374523,1.0,0.3539540767669678,0.20000000298023224,0.4411385655403137,0.28497862815856934,0.008814442902803421,-0.6071770787239075,0.3026244640350342,0.260063499212265,0.9761342
patient27547/study3/view1_frontal.jpg,1,0.42044004797935486,0.0690423771739006,1.0,0.42044004797935486,0.800000011920929,0.47108596563339233,0.28020790219306946,0.010130288079380989,-0.5832666158676147,0.3594186305999756,0.4516562819480896,0.9957638
patient27547/study4/view1_frontal.jpg,1,0.37501993775367737,0.023158228024840355,1.0,0.37501993775367737,0.800000011920929,0.48279643058776855,0.283424437046051,0.012458876706659794,-0.5474451184272766,0.22334958612918854,0.4597349464893341,0.9881589
patient27547/study5/view1_frontal.jpg,1,0.5087292790412903,0.1125042513012886,1.0,0.5087292790412903,0.6000000238418579,0.4820765256881714,0.2800479233264923,0.00888811331242323,-0.6165405511856079,0.6800978183746338,0.28719305992126465,0.9994149
patient27547/study6/view1_frontal.jpg,1,0.37294721603393555,0.07513438910245895,1.0,0.37294721603393555,1.0,0.4509560465812683,0.2814388573169708,0.010075931437313557,-0.5632061958312988,0.30755549669265747,0.3640846610069275,0.9940415
patient27547/study7/view1_frontal.jpg,1,0.4702646732330322,0.13843025267124176,1.0,0.4702646732330322,0.6000000238418579,0.46236902475357056,0.28337785601615906,0.011419033631682396,-0.567850649356842,0.4417910873889923,0.23108361661434174,0.99728847
patient27665/study1/view1_frontal.jpg,1,0.3798230290412903,0.1218821331858635,1.0,0.3798230290412903,0.20000000298023224,0.4472779929637909,0.2816527783870697,0.01017838716506958,-0.5888915061950684,0.28095951676368713,0.057390596717596054,0.97879183
patient27687/study1/view1_frontal.jpg,1,0.44724568724632263,0.08090149611234665,1.0,0.44724568724632263,1.0,0.4519934058189392,0.27449101209640503,0.009886158630251884,-0.6093000173568726,0.40230098366737366,0.20588858425617218,0.9980679
patient27926/study1/view1_frontal.jpg,1,0.40361925959587097,0.7589713335037231,1.0,0.40361925959587097,0.4000000059604645,0.4893980920314789,0.2855062782764435,0.007291322574019432,-0.6409905552864075,0.4956452548503876,0.04354871064424515,0.9959669
patient28050/study1/view1_frontal.jpg,1,0.23860013484954834,0.5453911423683167,1.0,0.23860013484954834,1.0,0.39642488956451416,0.294221431016922,0.008489826694130898,-0.6061011552810669,0.15896137058734894,0.20811781287193298,0.96571714
patient28509/study1/view1_frontal.jpg,1,0.3901267647743225,0.07427247613668442,1.0,0.3901267647743225,0.6000000238418579,0.5601838827133179,0.2569647431373596,0.009084034711122513,-0.6240759491920471,0.3390001654624939,0.3378153443336487,0.99386036
patient28509/study2/view1_frontal.jpg,1,0.14449138939380646,0.5996379256248474,1.0,0.14449138939380646,0.6000000238418579,0.2997376322746277,0.28608372807502747,0.006103738211095333,-0.6654053330421448,0.20485128462314606,0.14711737632751465,0.892861
patient28509/study3/view1_frontal.jpg,1,0.48168447613716125,0.048633236438035965,1.0,0.48168447613716125,1.0,0.4802696704864502,0.28334948420524597,0.008664362132549286,-0.613662600517273,0.5022838711738586,0.1778084933757782,0.99912125
patient28509/study4/view1_frontal.jpg,1,0.4868662357330322,0.007891125045716763,1.0,0.4868662357330322,0.800000011920929,0.5812251567840576,0.23240666091442108,0.011274897493422031,-0.5900298953056335,0.47600892186164856,0.5292253494262695,0.9988992
patient28509/study5/view1_frontal.jpg,1,0.48573023080825806,0.07721881568431854,1.0,0.48573023080825806,0.800000011920929,0.5520414113998413,0.26786136627197266,0.010412832722067833,-0.600175678730011,0.4285983145236969,0.48981142044067383,0.9984681
patient28509/study6/view1_frontal.jpg,1,0.3251953125,0.0024471748620271683,1.0,0.3251953125,0.20000000298023224,0.44189757108688354,0.297307550907135,0.00880631897598505,-0.6447558999061584,0.11842025071382523,0.9335115551948547,0.92620736
patient28509/study7/view1_frontal.jpg,1,0.46081793308258057,0.1975203901529312,1.0,0.46081793308258057,0.800000011920929,0.5643377304077148,0.25986459851264954,0.008072217926383018,-0.6579134464263916,0.3858313262462616,0.13009123504161835,0.9980964
patient28509/study8/view1_frontal.jpg,1,0.49557557702064514,0.7023458480834961,1.0,0.49557557702064514,0.20000000298023224,0.5722621083259583,0.25345683097839355,0.007235515397042036,-0.6816118359565735,0.5868266820907593,0.10353028029203415,0.998621
patient28509/study9/view1_frontal.jpg,1,0.48553094267845154,0.20064565539360046,1.0,0.48553094267845154,0.20000000298023224,0.5859245657920837,0.24341748654842377,0.009538831189274788,-0.6158781051635742,0.5783374309539795,0.4935022294521332,0.9982596
patient28603/study1/view1_frontal.jpg,1,0.08888711780309677,0.18281961977481842,1.0,0.08888711780309677,0.20000000298023224,0.24332544207572937,0.270677387714386,0.004748823121190071,-0.698732852935791,0.017230089753866196,0.33663150668144226,0.5225873
patient28603/study2/view1_frontal.jpg,1,0.10070551931858063,0.1982152760028839,1.0,0.10070551931858063,0.20000000298023224,0.24490141868591309,0.2735464870929718,0.005818917881697416,-0.6669307351112366,0.014460686594247818,0.14719843864440918,0.5380733
patient28888/study1/view1_frontal.jpg,1,0.08651546388864517,0.3325185775756836,1.0,0.08651546388864517,0.20000000298023224,0.2382647842168808,0.2679683566093445,0.005435642320662737,-0.6668106913566589,0.02675897628068924,0.15109260380268097,0.5247773
patient28888/study1/view2_frontal.jpg,1,0.08828922361135483,0.2960798442363739,1.0,0.08828922361135483,0.20000000298023224,0.23498530685901642,0.2682759463787079,0.005308901891112328,-0.6705771684646606,0.027172690257430077,0.2773914337158203,0.5231026
patient28918/study1/view1_frontal.jpg,1,0.08466199040412903,0.27911362051963806,1.0,0.08466199040412903,0.20000000298023224,0.2443571239709854,0.27079200744628906,0.005111553240567446,-0.6771641969680786,0.027079319581389427,0.29644811153411865,0.5206977
patient28918/study2/view1_frontal.jpg,1,0.11443717777729034,0.3099794089794159,1.0,0.11443717777729034,0.4000000059604645,0.2424941211938858,0.27176353335380554,0.006519852671772242,-0.6235390901565552,0.02880098670721054,0.5525937676429749,0.62694246
patient29620/study1/view1_frontal.jpg,1,0.0948660746216774,0.41457200050354004,1.0,0.0948660746216774,0.4000000059604645,0.2437840849161148,0.2731083929538727,0.0039327857084572315,-0.7525040507316589,0.04035395383834839,0.4079771339893341,0.652603
patient29620/study2/view1_frontal.jpg,1,0.0950055792927742,0.36250126361846924,1.0,0.0950055792927742,0.20000000298023224,0.25275030732154846,0.27918413281440735,0.004201530013233423,-0.7228323221206665,0.03407515585422516,0.2610255777835846,0.56627893
patient29620/study3/view1_frontal.jpg,1,0.12031648308038712,0.2662406265735626,1.0,0.12031648308038712,0.20000000298023224,0.25535306334495544,0.27777060866355896,0.005879380740225315,-0.6526219844818115,0.024672340601682663,0.3724902272224426,0.575836
patient29620/study4/view1_frontal.jpg,1,0.07720822840929031,0.29724177718162537,1.0,0.07720822840929031,0.20000000298023224,0.24951152503490448,0.2752792537212372,0.004290876444429159,-0.7366442084312439,0.016097204759716988,0.36486709117889404,0.5118099
patient29620/study5/view1_frontal.jpg,1,0.12645487487316132,0.3230281174182892,1.0,0.12645487487316132,0.6000000238418579,0.25857147574424744,0.2836945950984955,0.005571321584284306,-0.6558544635772705,0.05654856190085411,0.3910280466079712,0.7590907
patient30115/study1/view1_frontal.jpg,1,0.1136997789144516,0.280937522649765,1.0,0.1136997789144516,0.20000000298023224,0.2576604187488556,0.27970749139785767,0.004694079048931599,-0.7035916447639465,0.04331667348742485,0.6157324910163879,0.5929257
patient30225/study1/view1_frontal.jpg,1,0.08302774280309677,0.37510403990745544,1.0,0.08302774280309677,0.4000000059604645,0.24048539996147156,0.26630106568336487,0.005498550832271576,-0.6857824921607971,0.010327017866075039,0.21175508201122284,0.58432645
patient30225/study10/view1_frontal.jpg,1,0.3502272069454193,0.1704246699810028,1.0,0.3502272069454193,0.800000011920929,0.4417090117931366,0.28213414549827576,0.009845688939094543,-0.607974112033844,0.27622392773628235,0.09764102846384048,0.98964256
patient30225/study11/view1_frontal.jpg,1,0.20414142310619354,0.28671708703041077,1.0,0.20414142310619354,0.800000011920929,0.3670062720775604,0.3043878376483917,0.005912033841013908,-0.7079176902770996,0.13662120699882507,0.5210071206092834,0.9348384
patient30225/study12/view1_frontal.jpg,1,0.17741549015045166,0.2812260389328003,1.0,0.17741549015045166,0.20000000298023224,0.30104440450668335,0.2846319377422333,0.006312146317213774,-0.6735812425613403,0.02486851066350937,0.5319022536277771,0.6942195
patient30225/study13/view1_frontal.jpg,1,0.06945551931858063,0.39411893486976624,1.0,0.06945551931858063,0.20000000298023224,0.211082324385643,0.2659352719783783,0.005549101158976555,-0.6645239591598511,0.017054736614227295,0.4075382649898529,0.45750737
patient30225/study2/view1_frontal.jpg,1,0.16326530277729034,0.25281184911727905,1.0,0.16326530277729034,0.20000000298023224,0.3489811420440674,0.3007323145866394,0.00617248797789216,-0.7066379189491272,0.07768397033214569,0.7171122431755066,0.7384658
patient30225/study3/view1_frontal.jpg,1,0.36358019709587097,0.21020248532295227,1.0,0.36358019709587097,0.20000000298023224,0.4438190758228302,0.2867116332054138,0.011882121674716473,-0.5670263171195984,0.4275112450122833,0.346704363822937,0.98678327
patient30225/study4/view1_frontal.jpg,1,0.13442681729793549,0.38760748505592346,1.0,0.13442681729793549,0.800000011920929,0.3039202392101288,0.2871130704879761,0.0051266346126794815,-0.708952784538269,0.11420566588640213,0.6035590767860413,0.87254685
patient30225/study5/view1_frontal.jpg,1,0.14086416363716125,0.3367927074432373,1.0,0.14086416363716125,0.4000000059604645,0.296936959028244,0.2817031145095825,0.005525324959307909,-0.7046382427215576,0.07989934831857681,0.5927832126617432,0.760637
patient30225/study6/view1_frontal.jpg,1,0.2566964328289032,0.3495466113090515,1.0,0.2566964328289032,0.20000000298023224,0.36635255813598633,0.31369030475616455,0.005648610647767782,-0.687451958656311,0.25653553009033203,0.5095330476760864,0.93258107
patient30225/study7/view1_frontal.jpg,1,0.1474609375,0.33211496472358704,1.0,0.1474609375,1.0,0.3326711058616638,0.3063211441040039,0.005129280034452677,-0.7209141850471497,0.17420858144760132,0.5242201685905457,0.9359479
patient30225/study8/view1_frontal.jpg,1,0.19638870656490326,0.19850200414657593,1.0,0.19638870656490326,0.6000000238418579,0.3473363220691681,0.3116251230239868,0.0057473862543702126,-0.7097241282463074,0.07544311136007309,0.741614043712616,0.8705159
patient30225/study9/view1_frontal.jpg,1,0.1353236585855484,0.300593763589859,1.0,0.1353236585855484,0.20000000298023224,0.30501630902290344,0.28819912672042847,0.005927089601755142,-0.6944688558578491,0.06248873472213745,0.7394618391990662,0.6618901
patient30681/study1/view1_frontal.jpg,1,0.26564493775367737,0.12131086736917496,1.0,0.26564493775367737,0.6000000238418579,0.4176355004310608,0.285915344953537,0.00900206621736288,-0.5965368151664734,0.4257291257381439,0.19425612688064575,0.98547924
patient31052/study1/view1_frontal.jpg,1,0.26432955265045166,0.034286804497241974,1.0,0.26432955265045166,0.20000000298023224,0.4283111095428467,0.29510271549224854,0.008629096671938896,-0.6089619994163513,0.006793740205466747,0.24011829495429993,0.82816267
patient31287/study1/view1_frontal.jpg,1,0.3556879758834839,0.03426101431250572,1.0,0.3556879758834839,0.20000000298023224,0.41708046197891235,0.28305450081825256,0.00866576749831438,-0.632847249507904,0.09864658862352371,0.15695424377918243,0.9406447
patient31368/study1/view1_frontal.jpg,1,0.3374521732330322,0.01566142775118351,1.0,0.3374521732330322,1.0,0.39980313181877136,0.2902238667011261,0.011368484236299992,-0.5697656273841858,0.09449755400419235,0.23531986773014069,0.97698146
patient31525/study1/view1_frontal.jpg,1,0.3562460243701935,0.17024658620357513,1.0,0.3562460243701935,1.0,0.4446679651737213,0.29075887799263,0.007929900661110878,-0.6168743371963501,0.6173534393310547,0.28648385405540466,0.9985424
patient31525/study2/view1_frontal.jpg,1,0.32796555757522583,0.10335837304592133,1.0,0.32796555757522583,0.20000000298023224,0.437584787607193,0.2945178747177124,0.007451765239238739,-0.6405991315841675,0.3563425540924072,0.2476503998041153,0.9779838
patient31525/study3/view1_frontal.jpg,1,0.34378984570503235,0.15854592621326447,1.0,0.34378984570503235,0.800000011920929,0.43001821637153625,0.29358479380607605,0.009322628378868103,-0.5765912532806396,0.5828775763511658,0.13918226957321167,0.99721897
patient31525/study4/view1_frontal.jpg,1,0.37679368257522583,0.13119708001613617,1.0,0.37679368257522583,0.6000000238418579,0.47924208641052246,0.2831824719905853,0.008817712776362896,-0.6030769944190979,0.3289426863193512,0.0843644067645073,0.9914608
patient31525/study5/view1_frontal.jpg,1,0.3739437162876129,0.044470131397247314,1.0,0.3739437162876129,0.4000000059604645,0.46035829186439514,0.2829815149307251,0.008596678264439106,-0.62478107213974,0.3439811170101166,0.3312092423439026,0.98830706
patient31525/study6/view1_frontal.jpg,1,0.34761640429496765,0.06234117969870567,1.0,0.34761640429496765,0.6000000238418579,0.430252343416214,0.2912338376045227,0.0082634212449193,-0.6177469491958618,0.3742268681526184,0.2629670798778534,0.9903751
patient32143/study1/view1_frontal.jpg,1,0.30430883169174194,0.395474374294281,1.0,0.30430883169174194,0.800000011920929,0.4327930510044098,0.294742226600647,0.009583289735019207,-0.5755264759063721,0.6979718804359436,0.14849816262722015,0.9978249
patient32143/study2/view1_frontal.jpg,1,0.26480787992477417,0.5328817963600159,1.0,0.26480787992477417,0.20000000298023224,0.39467331767082214,0.2936798632144928,0.011102939955890179,-0.555611252784729,0.5235698223114014,0.3819196820259094,0.97992855
patient32193/study1/view1_frontal.jpg,1,0.3378109037876129,0.23096054792404175,1.0,0.3378109037876129,0.20000000298023224,0.4098544120788574,0.28838157653808594,0.008116277866065502,-0.6320605874061584,0.6649498343467712,0.3092211186885834,0.994945
patient32193/study2/view1_frontal.jpg,1,0.353515625,0.13439539074897766,1.0,0.353515625,0.800000011920929,0.41322678327560425,0.2869548499584198,0.009882219135761261,-0.6060773730278015,0.6126465797424316,0.2585046589374542,0.9977677
patient32193/study3/view1_frontal.jpg,1,0.17918924987316132,0.09934478253126144,1.0,0.17918924987316132,0.6000000238418579,0.32464563846588135,0.28487759828567505,0.008369572460651398,-0.6145830750465393,0.046347010880708694,0.2927560806274414,0.82937795
patient32193/study4/view1_frontal.jpg,1,0.14184072613716125,0.12025941163301468,1.0,0.14184072613716125,0.6000000238418579,0.2890855073928833,0.28072625398635864,0.005943809635937214,-0.6700850129127502,0.05245675891637802,0.11075860261917114,0.79811114
patient32193/study5/view1_frontal.jpg,1,0.20609454810619354,0.04681091755628586,1.0,0.20609454810619354,0.4000000059604645,0.3640143871307373,0.3001537322998047,0.007143624592572451,-0.6345845460891724,0.08016235381364822,0.24209660291671753,0.8465607
patient32552/study1/view1_frontal.jpg,1,0.1251395046710968,0.16160234808921814,1.0,0.1251395046710968,0.4000000059604645,0.29259616136550903,0.2838791608810425,0.0065719569101929665,-0.6335747838020325,0.06171766668558121,0.106516994535923,0.71448106
patient32569/study1/view1_frontal.jpg,1,0.10301738232374191,0.1858273297548294,1.0,0.10301738232374191,0.20000000298023224,0.2602927088737488,0.2703363001346588,0.008218889124691486,-0.6002464890480042,0.00812496803700924,0.3006974160671234,0.5135094
patient32695/study1/view1_frontal.jpg,1,0.09608179330825806,0.3751615285873413,1.0,0.09608179330825806,0.20000000298023224,0.25887903571128845,0.2732674479484558,0.005845349747687578,-0.6544916033744812,0.016874104738235474,0.3531912565231323,0.5255801
patient32802/study1/view1_frontal.jpg,1,0.16276705265045166,0.04989570006728172,1.0,0.16276705265045166,0.4000000059604645,0.3093700110912323,0.28481894731521606,0.00776292011141777,-0.6422548294067383,0.06390811502933502,0.14106905460357666,0.7777806
patient32803/study1/view1_frontal.jpg,1,0.12320631742477417,0.1924109160900116,1.0,0.12320631742477417,0.20000000298023224,0.3159654438495636,0.29307299852371216,0.005069412756711245,-0.7213464379310608,0.01339726336300373,0.34133443236351013,0.61295885
patient33494/study1/view1_frontal.jpg,1,0.1370774805545807,0.2165241837501526,1.0,0.1370774805545807,0.6000000238418579,0.3062021732330322,0.28676825761795044,0.006279913242906332,-0.6600117683410645,0.03596024587750435,0.37330272793769836,0.7722965
patient33934/study1/view1_frontal.jpg,1,0.1083984375,0.14715495705604553,1.0,0.1083984375,0.20000000298023224,0.2771185338497162,0.2813023328781128,0.0066876825876533985,-0.6346995234489441,0.00395583501085639,0.43759050965309143,0.5280336
patient34115/study1/view1_frontal.jpg,1,0.12364476919174194,0.2862866222858429,1.0,0.12364476919174194,0.20000000298023224,0.27334606647491455,0.28120869398117065,0.0072474246844649315,-0.6074661016464233,0.010374341160058975,0.23603658378124237,0.5618409
patient34496/study1/view1_frontal.jpg,1,0.2001953125,0.18086998164653778,1.0,0.2001953125,0.20000000298023224,0.29780906438827515,0.2847323715686798,0.007979893125593662,-0.6175805926322937,0.09844489395618439,0.6074051856994629,0.7771019
patient34606/study1/view1_frontal.jpg,1,0.22152024507522583,0.11379387974739075,1.0,0.22152024507522583,1.0,0.34849056601524353,0.29336225986480713,0.007290661800652742,-0.6247502565383911,0.15178140997886658,0.34688329696655273,0.95646876
patient34606/study2/view1_frontal.jpg,1,0.2617984712123871,0.08143997192382812,1.0,0.2617984712123871,0.6000000238418579,0.3478626608848572,0.3026094436645508,0.007262126542627811,-0.6288719177246094,0.11644598841667175,0.3562563359737396,0.929006
patient34946/study1/view1_frontal.jpg,1,0.17185507714748383,0.3339294195175171,1.0,0.17185507714748383,0.6000000238418579,0.3316093683242798,0.30006879568099976,0.006969698704779148,-0.6578391790390015,0.09731192141771317,0.4965304732322693,0.855814
patient35320/study1/view1_frontal.jpg,1,0.17275191843509674,0.03467051312327385,1.0,0.17275191843509674,0.20000000298023224,0.3504657447338104,0.2838791310787201,0.010489951819181442,-0.5457859635353088,0.046845510601997375,0.7326282262802124,0.6827376
patient35320/study2/view1_frontal.jpg,1,0.3246173560619354,0.587497353553772,1.0,0.3246173560619354,0.4000000059604645,0.4077276587486267,0.3150933086872101,0.006004291120916605,-0.6671850681304932,0.3507419228553772,0.14616632461547852,0.9824907
patient35320/study3/view1_frontal.jpg,1,0.2917330861091614,0.4384220242500305,1.0,0.2917330861091614,0.20000000298023224,0.4090762138366699,0.3158823251724243,0.0064498367719352245,-0.6429699063301086,0.30215170979499817,0.17190292477607727,0.96014595
patient35518/study1/view1_frontal.jpg,1,0.31937578320503235,0.12391237169504166,1.0,0.31937578320503235,0.6000000238418579,0.4108494222164154,0.2949913442134857,0.010620747692883015,-0.5796929597854614,0.3970417082309723,0.31959402561187744,0.98811567
patient35518/study2/view1_frontal.jpg,1,0.18349410593509674,0.08259899914264679,1.0,0.18349410593509674,0.6000000238418579,0.3705809712409973,0.27180394530296326,0.009883031249046326,-0.5683873295783997,0.04254084825515747,0.4843752980232239,0.83283573
patient35518/study3/view1_frontal.jpg,1,0.3330675959587097,0.3554224967956543,1.0,0.3330675959587097,0.6000000238418579,0.41559866070747375,0.2882317006587982,0.010408800095319748,-0.5658677816390991,0.4580451548099518,0.3677639365196228,0.9919208
patient35518/study4/view1_frontal.jpg,1,0.17428651452064514,0.3710689842700958,1.0,0.17428651452064514,0.4000000059604645,0.36251187324523926,0.2752609848976135,0.010193350724875927,-0.552236795425415,0.18395143747329712,0.3229362666606903,0.8665964
patient35518/study5/view1_frontal.jpg,1,0.18797831237316132,0.19950401782989502,1.0,0.18797831237316132,0.20000000298023224,0.3655627369880676,0.27605798840522766,0.009892912581562996,-0.5562514066696167,0.21532796323299408,0.6146935820579529,0.8537723
patient35518/study6/view1_frontal.jpg,1,0.17420679330825806,0.11097005754709244,1.0,0.17420679330825806,0.4000000059604645,0.3649475574493408,0.27514976263046265,0.010051952674984932,-0.5550577640533447,0.10569562762975693,0.7884324789047241,0.80649054
patient35518/study7/view1_frontal.jpg,1,0.1695033460855484,0.10366218537092209,1.0,0.1695033460855484,0.20000000298023224,0.31944358348846436,0.27290117740631104,0.010506672784686089,-0.5466510653495789,0.02631012722849846,0.6653786301612854,0.64995277
patient35595/study1/view1_frontal.jpg,1,0.3310546875,0.17789721488952637,1.0,0.3310546875,0.20000000298023224,0.3955460488796234,0.28127047419548035,0.00969753134995699,-0.5546886920928955,0.4815768599510193,0.3410044014453888,0.98559827
patient35595/study2/view1_frontal.jpg,1,0.2808513939380646,0.18499477207660675,1.0,0.2808513939380646,0.6000000238418579,0.42043787240982056,0.2948748767375946,0.010319573804736137,-0.5799350142478943,0.25627899169921875,0.5059328079223633,0.96888494
patient35595/study3/view1_frontal.jpg,1,0.20210857689380646,0.11043202131986618,1.0,0.20210857689380646,0.20000000298023224,0.3378892242908478,0.27742835879325867,0.00893379282206297,-0.6049445271492004,0.12978005409240723,0.5091459155082703,0.8172877
patient35989/study1/view1_frontal.jpg,1,0.27919721603393555,0.08814921975135803,1.0,0.27919721603393555,0.800000011920929,0.37551257014274597,0.28371763229370117,0.0083983289077878,-0.5732665657997131,0.10406435281038284,0.9080202579498291,0.9469557
patient35989/study10/view1_frontal.jpg,1,0.3333665430545807,0.04452722892165184,1.0,0.3333665430545807,0.4000000059604645,0.37310245633125305,0.2861238121986389,0.009011211805045605,-0.5743195414543152,0.27519962191581726,0.7199802994728088,0.97054875
patient35989/study11/view1_frontal.jpg,1,0.29278936982154846,0.11352985352277756,1.0,0.29278936982154846,0.4000000059604645,0.3755289614200592,0.2827722430229187,0.00919344276189804,-0.5637080073356628,0.20603066682815552,0.9167924523353577,0.94348156
patient35989/study12/view1_frontal.jpg,1,0.2787189185619354,0.06686067581176758,1.0,0.2787189185619354,0.6000000238418579,0.36257511377334595,0.2842652499675751,0.00902239978313446,-0.5903323888778687,0.24057795107364655,0.5603936314582825,0.9632404
patient35989/study13/view1_frontal.jpg,1,0.2784598171710968,0.0628381296992302,1.0,0.2784598171710968,0.4000000059604645,0.3774842917919159,0.28997892141342163,0.009956839494407177,-0.5462356209754944,0.2716515064239502,0.5970616936683655,0.95425916
patient35989/study14/view1_frontal.jpg,1,0.3482342064380646,0.03821131959557533,1.0,0.3482342064380646,1.0,0.4258216619491577,0.28382769227027893,0.010365018621087074,-0.54729163646698,0.49690118432044983,0.22131067514419556,0.99693006
patient35989/study2/view1_frontal.jpg,1,0.2732382118701935,0.1640898585319519,1.0,0.2732382118701935,0.6000000238418579,0.3716256320476532,0.2784748375415802,0.008968829177320004,-0.5700973868370056,0.2689642012119293,0.6932253241539001,0.9656187
patient35989/study3/view1_frontal.jpg,1,0.2817283272743225,0.024801816791296005,1.0,0.2817283272743225,0.6000000238418579,0.36973074078559875,0.28372177481651306,0.008592050522565842,-0.5889109969139099,0.02876916527748108,0.9844685196876526,0.9018397
patient35989/study4/view1_frontal.jpg,1,0.2656847834587097,0.1356150507926941,1.0,0.2656847834587097,0.4000000059604645,0.3987875282764435,0.27332818508148193,0.007576565258204937,-0.5832566618919373,0.2905900776386261,0.5248961448669434,0.9594108
patient35989/study5/view1_frontal.jpg,1,0.30652105808258057,0.05512469634413719,1.0,0.30652105808258057,0.20000000298023224,0.37050628662109375,0.2806203067302704,0.009480588138103485,-0.5642271041870117,0.17595848441123962,0.8683854937553406,0.9211164
patient35989/study6/view1_frontal.jpg,1,0.3100685477256775,0.02297452837228775,1.0,0.3100685477256775,0.20000000298023224,0.37941092252731323,0.2828832268714905,0.009103849530220032,-0.5700904130935669,0.02575848065316677,1.0,0.853903
patient35989/study7/view1_frontal.jpg,1,0.2722417116165161,0.060921866446733475,1.0,0.2722417116165161,0.4000000059604645,0.4048682153224945,0.2779896557331085,0.009659661911427975,-0.5747900009155273,0.13628408312797546,0.5328963994979858,0.92170596
patient35989/study8/view1_frontal.jpg,1,0.3184390962123871,0.047922153025865555,1.0,0.3184390962123871,0.20000000298023224,0.3665727376937866,0.2795315086841583,0.0096842460334301,-0.5634543299674988,0.2705725133419037,0.6332526803016663,0.95410645
patient35989/study9/view1_frontal.jpg,1,0.2347935289144516,0.02196471579372883,1.0,0.2347935289144516,0.20000000298023224,0.39977845549583435,0.2834005653858185,0.011023355647921562,-0.5474538803100586,0.01857767440378666,0.9419270753860474,0.76252455
patient36228/study1/view1_frontal.jpg,1,0.1538783460855484,0.23151718080043793,1.0,0.1538783460855484,0.20000000298023224,0.38091644644737244,0.2761921286582947,0.010942026041448116,-0.5535550117492676,0.026194704696536064,0.447126179933548,0.6571574
patient36228/study2/view1_frontal.jpg,1,0.043207909911870956,0.16663183271884918,1.0,0.043207909911870956,0.20000000298023224,0.3926418125629425,0.2791690230369568,0.010891742072999477,-0.551203191280365,0.15156902372837067,0.5911502838134766,0.595637
patient37049/study1/view1_frontal.jpg,1,0.04727359861135483,0.7764710187911987,1.0,0.04727359861135483,0.20000000298023224,0.37889596819877625,0.26503270864486694,0.010337363928556442,-0.5573015213012695,0.1151224672794342,0.6770911812782288,0.55940896
patient37437/study1/view1_frontal.jpg,1,0.04689493030309677,0.35414886474609375,1.0,0.04689493030309677,0.20000000298023224,0.37876930832862854,0.2686643600463867,0.00990647915750742,-0.5786612629890442,0.21084636449813843,0.5350232124328613,0.67711926
patient37685/study1/view1_frontal.jpg,1,0.039680324494838715,0.45870891213417053,1.0,0.039680324494838715,0.20000000298023224,0.36651110649108887,0.2696027159690857,0.010255892761051655,-0.5524801015853882,0.15775811672210693,0.5599023699760437,0.5905235
patient37804/study1/view1_frontal.jpg,1,0.13028140366077423,0.25203925371170044,1.0,0.13028140366077423,0.800000011920929,0.3817279636859894,0.2696816921234131,0.010858670808374882,-0.549981415271759,0.02580438181757927,0.41941797733306885,0.80978465
patient37804/study2/view1_frontal.jpg,1,0.22265625,0.033423129469156265,1.0,0.22265625,1.0,0.3702254891395569,0.2909928560256958,0.012189439497888088,-0.5410279035568237,0.12105550616979599,0.5919848084449768,0.9446305
patient37804/study3/view1_frontal.jpg,1,0.3133968412876129,0.06048911437392235,1.0,0.3133968412876129,0.6000000238418579,0.3808971345424652,0.2889062762260437,0.01204634178429842,-0.5584135055541992,0.28256943821907043,0.45897892117500305,0.97658485
patient38238/study1/view1_frontal.jpg,1,0.27178332209587097,0.956515908241272,1.0,0.27178332209587097,0.4000000059604645,0.46933645009994507,0.2533051371574402,0.012609632685780525,-0.534991979598999,0.45954564213752747,0.402599960565567,0.98424095
patient38238/study2/view1_frontal.jpg,1,0.17330995202064514,0.4270017743110657,1.0,0.17330995202064514,0.800000011920929,0.42987895011901855,0.26665252447128296,0.011116210371255875,-0.546383798122406,0.2669844627380371,0.44115883111953735,0.9533118
patient38238/study3/view1_frontal.jpg,1,0.22989077866077423,0.7817580103874207,1.0,0.22989077866077423,0.4000000059604645,0.4441782832145691,0.26928624510765076,0.011669112369418144,-0.5597615838050842,0.41095641255378723,0.1807757318019867,0.97282267
patient38238/study4/view1_frontal.jpg,1,0.1801060289144516,0.926568865776062,1.0,0.1801060289144516,0.20000000298023224,0.47317278385162354,0.2524426281452179,0.011087408289313316,-0.5620989799499512,0.2960051894187927,0.668401837348938,0.9111112
patient38238/study5/view1_frontal.jpg,1,0.2424665242433548,0.9692907929420471,1.0,0.2424665242433548,0.20000000298023224,0.4726096987724304,0.25409239530563354,0.010654376819729805,-0.5771492123603821,0.3250297009944916,0.5699490308761597,0.95163
patient38269/study1/view1_frontal.jpg,1,0.44724568724632263,0.14365755021572113,1.0,0.44724568724632263,0.6000000238418579,0.4766184091567993,0.2616545259952545,0.01164498645812273,-0.5895962119102478,0.6267073750495911,0.40424075722694397,0.9987469
patient38269/study2/view1_frontal.jpg,1,0.1959303319454193,0.529221773147583,1.0,0.1959303319454193,0.4000000059604645,0.4263511300086975,0.26590555906295776,0.011272342875599861,-0.5565231442451477,0.07075580954551697,0.6788874268531799,0.82870954
patient38269/study3/view1_frontal.jpg,1,0.43718111515045166,0.1017620638012886,1.0,0.43718111515045166,0.4000000059604645,0.46982458233833313,0.26391252875328064,0.012941494584083557,-0.5593298077583313,0.5984278917312622,0.08910064399242401,0.9978477
patient38269/study4/view1_frontal.jpg,1,0.1848493367433548,0.6279406547546387,1.0,0.1848493367433548,0.4000000059604645,0.4495195746421814,0.2656647861003876,0.008749762549996376,-0.604702353477478,0.08829494565725327,0.5515924096107483,0.846429
patient38471/study1/view1_frontal.jpg,1,0.45617425441741943,0.0334358736872673,1.0,0.45617425441741943,1.0,0.47762417793273926,0.2715311348438263,0.011431066319346428,-0.5507232546806335,0.38039788603782654,0.3184398114681244,0.9978955
patient38825/study1/view1_frontal.jpg,1,0.4822225868701935,0.5544334053993225,1.0,0.4822225868701935,0.6000000238418579,0.4771066904067993,0.2538251578807831,0.013568965718150139,-0.5388587713241577,0.7092186212539673,0.4501000642776489,0.9993111
patient38825/study2/view1_frontal.jpg,1,0.48435506224632263,0.4812847375869751,1.0,0.48435506224632263,0.6000000238418579,0.4740508794784546,0.2614782750606537,0.014424013905227184,-0.5279343724250793,0.8416531085968018,0.1978161782026291,0.9996427
patient38825/study3/view1_frontal.jpg,1,0.5206672549247742,0.41104498505592346,1.0,0.5206672549247742,0.20000000298023224,0.47613680362701416,0.24823065102100372,0.014629376120865345,-0.532404363155365,0.7009024620056152,0.37829217314720154,0.9989944
patient38848/study1/view1_frontal.jpg,1,0.48844069242477417,0.1742534190416336,1.0,0.48844069242477417,0.6000000238418579,0.49901652336120605,0.25222206115722656,0.010226276703178883,-0.574283242225647,0.615165650844574,0.2501666843891144,0.99909246
patient38883/study1/view1_frontal.jpg,1,0.5140106678009033,0.03487847000360489,1.0,0.5140106678009033,0.6000000238418579,0.4641290307044983,0.26815927028656006,0.012754256837069988,-0.5536049008369446,0.657989501953125,0.3943215012550354,0.9992975
patient38947/study1/view1_frontal.jpg,1,0.47819674015045166,0.6981162428855896,1.0,0.47819674015045166,0.6000000238418579,0.42925748229026794,0.2561664283275604,0.009191149845719337,-0.6284229755401611,0.7269829511642456,0.28681883215904236,0.99938655
patient39356/study1/view1_frontal.jpg,1,0.4727957546710968,0.18359757959842682,1.0,0.4727957546710968,0.6000000238418579,0.5023812055587769,0.2657325863838196,0.012081467546522617,-0.5765030384063721,0.7147946953773499,0.27969902753829956,0.99935156
patient39356/study2/view1_frontal.jpg,1,0.26767778396606445,0.01251728180795908,1.0,0.26767778396606445,0.20000000298023224,0.40370017290115356,0.27868831157684326,0.012439318932592869,-0.5305274724960327,0.022439081221818924,0.8451821208000183,0.8093726
patient39356/study3/view1_frontal.jpg,1,0.2720424234867096,0.007764710579067469,1.0,0.2720424234867096,0.6000000238418579,0.4166533946990967,0.2692018449306488,0.011755422689020634,-0.5535669922828674,0.10054991394281387,0.4287390112876892,0.93347126
patient39356/study4/view1_frontal.jpg,1,0.29982462525367737,0.2804546356201172,1.0,0.29982462525367737,0.6000000238418579,0.565974771976471,0.27430272102355957,0.007191844284534454,-0.6467213034629822,0.40552014112472534,0.39666256308555603,0.99109113
patient39356/study5/view1_frontal.jpg,1,0.36491549015045166,0.5513197779655457,1.0,0.36491549015045166,0.4000000059604645,0.5439147353172302,0.2775155007839203,0.008776405826210976,-0.6322738528251648,0.5946176648139954,0.29387617111206055,0.9968088
patient39356/study6/view1_frontal.jpg,1,0.40636956691741943,0.837627649307251,1.0,0.40636956691741943,0.20000000298023224,0.5464768409729004,0.2614978849887848,0.008304078131914139,-0.6422620415687561,0.6353232860565186,0.2511468529701233,0.99750024
patient39356/study7/view1_frontal.jpg,1,0.39546796679496765,0.37450262904167175,1.0,0.39546796679496765,1.0,0.5322881937026978,0.26236119866371155,0.010460877791047096,-0.5980589985847473,0.38762152194976807,0.21177266538143158,0.99734867
patient39356/study8/view1_frontal.jpg,1,0.3287428319454193,0.33436042070388794,1.0,0.3287428319454193,0.4000000059604645,0.568604052066803,0.24112479388713837,0.00811260286718607,-0.6371641159057617,0.3630410134792328,0.5255082249641418,0.98831123
patient39356/study9/view1_frontal.jpg,1,0.5020328164100647,0.06520575284957886,1.0,0.5020328164100647,0.4000000059604645,0.5420981049537659,0.26665419340133667,0.007729229982942343,-0.6899601221084595,0.5485351085662842,0.2515449523925781,0.99874985
patient40041/study1/view1_frontal.jpg,1,0.39443159103393555,0.7379282116889954,1.0,0.39443159103393555,0.20000000298023224,0.5337339639663696,0.2669115662574768,0.009708576835691929,-0.6030670404434204,0.6682698726654053,0.3206641674041748,0.9974136
patient40041/study2/view1_frontal.jpg,1,0.35871732234954834,0.984271228313446,1.0,0.35871732234954834,0.4000000059604645,0.5298497676849365,0.2749180495738983,0.009113396517932415,-0.6094621419906616,0.4941267669200897,0.38740408420562744,0.99421895
patient40281/study1/view1_frontal.jpg,1,0.2368861585855484,0.07006409764289856,1.0,0.2368861585855484,0.20000000298023224,0.46128466725349426,0.2711227238178253,0.009264622814953327,-0.6084665656089783,0.0761658176779747,0.40764760971069336,0.8541365
patient40281/study10/view1_frontal.jpg,1,0.27674585580825806,0.07340951263904572,1.0,0.27674585580825806,0.4000000059604645,0.4492676258087158,0.26738494634628296,0.01148410513997078,-0.5826051831245422,0.2462715208530426,0.12900954484939575,0.96101767
patient40281/study2/view1_frontal.jpg,1,0.24864476919174194,0.32107892632484436,1.0,0.24864476919174194,0.4000000059604645,0.47532767057418823,0.267861008644104,0.008889066986739635,-0.6095080375671387,0.06015273928642273,0.5974235534667969,0.8914128
patient40281/study3/view1_frontal.jpg,1,0.4289899468421936,0.10922500491142273,1.0,0.4289899468421936,0.6000000238418579,0.4942874014377594,0.2779364585876465,0.010532201267778873,-0.5949999094009399,0.5619696378707886,0.2532253563404083,0.9981055
patient40281/study4/view1_frontal.jpg,1,0.2921316921710968,0.37285730242729187,1.0,0.2921316921710968,0.4000000059604645,0.4768408238887787,0.2598491907119751,0.010051378048956394,-0.5934353470802307,0.021962527185678482,0.8057934641838074,0.90175
patient40281/study5/view1_frontal.jpg,1,0.2674984037876129,0.4973422586917877,1.0,0.2674984037876129,0.4000000059604645,0.47097209095954895,0.262275367975235,0.009970786049962044,-0.592920184135437,0.24007393419742584,0.48911991715431213,0.95717514
patient40281/study6/view1_frontal.jpg,1,0.29209184646606445,0.32624635100364685,1.0,0.29209184646606445,0.6000000238418579,0.45926809310913086,0.2690953016281128,0.012526198290288448,-0.5593608021736145,0.1620938777923584,0.4966490864753723,0.95947343
patient40281/study7/view1_frontal.jpg,1,0.27941644191741943,0.20398393273353577,1.0,0.27941644191741943,0.800000011920929,0.4471125304698944,0.27236440777778625,0.012554229237139225,-0.5483043789863586,0.4144463539123535,0.38243573904037476,0.98976
patient40281/study8/view1_frontal.jpg,1,0.36463648080825806,0.16628719866275787,1.0,0.36463648080825806,0.4000000059604645,0.49134060740470886,0.28114432096481323,0.010014995001256466,-0.5935279726982117,0.4889272451400757,0.3647286593914032,0.9937452
patient40281/study9/view1_frontal.jpg,1,0.32619181275367737,0.12371267378330231,1.0,0.32619181275367737,0.6000000238418579,0.4926653504371643,0.26540428400039673,0.010818442329764366,-0.5791457891464233,0.16686515510082245,0.5973087549209595,0.9714668
patient40964/study1/view1_frontal.jpg,1,0.21045918762683868,0.19099478423595428,1.0,0.21045918762683868,0.4000000059604645,0.4108571410179138,0.280811071395874,0.01090935803949833,-0.5624790191650391,0.20242971181869507,0.2040010690689087,0.91296893
patient40964/study1/view2_frontal.jpg,1,0.22941246628761292,0.3644739091396332,1.0,0.22941246628761292,0.4000000059604645,0.4103815257549286,0.27434784173965454,0.007783008273690939,-0.6145167350769043,0.2808854281902313,0.34385988116264343,0.94938344
patient40964/study2/view1_frontal.jpg,1,0.28740832209587097,0.858462929725647,1.0,0.28740832209587097,0.20000000298023224,0.46728867292404175,0.26537713408470154,0.009433280676603317,-0.5982332229614258,0.34186890721321106,0.571880578994751,0.96785605
patient40964/study3/view1_frontal.jpg,1,0.28726881742477417,0.35277628898620605,1.0,0.28726881742477417,0.4000000059604645,0.4283035397529602,0.2875363528728485,0.012137014418840408,-0.5480920076370239,0.2582460343837738,0.5456841588020325,0.95892084
patient41024/study1/view1_frontal.jpg,1,0.2380022257566452,0.03193745017051697,1.0,0.2380022257566452,0.800000011920929,0.4128802418708801,0.28212040662765503,0.013610858470201492,-0.5242960453033447,0.14663609862327576,0.4142741560935974,0.94552386
patient41111/study1/view1_frontal.jpg,1,0.4603993892669678,0.013861889019608498,1.0,0.4603993892669678,1.0,0.49563077092170715,0.25981155037879944,0.012339509092271328,-0.5640156865119934,0.4538251757621765,0.22717538475990295,0.99868554
patient41157/study1/view1_frontal.jpg,1,0.45037469267845154,0.31992843747138977,1.0,0.45037469267845154,0.4000000059604645,0.4893558621406555,0.24242661893367767,0.011129338294267654,-0.5584465265274048,0.7642543315887451,0.412422239780426,0.99913436
patient41157/study2/view1_frontal.jpg,1,0.369140625,0.12123622745275497,1.0,0.369140625,0.6000000238418579,0.47150206565856934,0.24632027745246887,0.01076819933950901,-0.5741605162620544,0.31011277437210083,0.5953152179718018,0.98934793
patient41504/study1/view1_frontal.jpg,1,0.4280133843421936,0.15797168016433716,1.0,0.4280133843421936,0.20000000298023224,0.4774378538131714,0.2597113251686096,0.012898560613393784,-0.5547596216201782,0.6509829163551331,0.37375640869140625,0.9974371
patient41504/study10/view1_frontal.jpg,1,0.40168607234954834,0.35104820132255554,1.0,0.40168607234954834,0.800000011920929,0.4836404323577881,0.2529768645763397,0.014173397794365883,-0.5304432511329651,0.6789969801902771,0.4257566034793854,0.9989359
patient41504/study11/view1_frontal.jpg,1,0.46125638484954834,0.3664270341396332,1.0,0.46125638484954834,0.4000000059604645,0.4799310266971588,0.2555338144302368,0.013249550946056843,-0.5540288686752319,0.6653997898101807,0.28015995025634766,0.99869233
patient41504/study12/view1_frontal.jpg,1,0.37517938017845154,0.022170184180140495,1.0,0.37517938017845154,0.6000000238418579,0.4727809727191925,0.25858867168426514,0.014840574003756046,-0.532639741897583,0.4311405420303345,0.46080657839775085,0.99394625
patient41504/study13/view1_frontal.jpg,1,0.3175223171710968,0.13721072673797607,1.0,0.3175223171710968,0.4000000059604645,0.4965236186981201,0.26971232891082764,0.01001487672328949,-0.6200060248374939,0.5588865876197815,0.38558393716812134,0.99396485
patient41504/study14/view1_frontal.jpg,1,0.4412069618701935,0.7452468276023865,1.0,0.4412069618701935,0.6000000238418579,0.4735933542251587,0.2671637237071991,0.015775861218571663,-0.5201752781867981,0.5758359432220459,0.4452475309371948,0.9981142
patient41504/study15/view1_frontal.jpg,1,0.29801100492477417,0.8028017282485962,1.0,0.29801100492477417,1.0,0.4704640805721283,0.26146963238716125,0.01134496834129095,-0.5813736915588379,0.6081511974334717,0.33742013573646545,0.9977145
patient41504/study16/view1_frontal.jpg,1,0.4616549611091614,0.6590955257415771,1.0,0.4616549611091614,0.4000000059604645,0.4905553460121155,0.25272053480148315,0.011484996415674686,-0.5936655402183533,0.7963337898254395,0.17743149399757385,0.99936694
patient41504/study17/view1_frontal.jpg,1,0.5109813213348389,0.5329854488372803,1.0,0.5109813213348389,0.6000000238418579,0.48373499512672424,0.24208904802799225,0.01534525491297245,-0.532081127166748,0.8458848595619202,0.4365119934082031,0.9997199
patient41504/study18/view1_frontal.jpg,1,0.4447345435619354,0.3534156382083893,1.0,0.4447345435619354,0.20000000298023224,0.47127050161361694,0.2695729434490204,0.012980636209249496,-0.5574138164520264,0.6622523665428162,0.3624858856201172,0.9978137
patient41504/study19/view1_frontal.jpg,1,0.42964765429496765,0.5558368563652039,1.0,0.42964765429496765,0.4000000059604645,0.4948022663593292,0.25656580924987793,0.011300868354737759,-0.5827908515930176,0.6634036898612976,0.3262110650539398,0.99841166
patient41504/study2/view1_frontal.jpg,1,0.46876993775367737,0.5057785511016846,1.0,0.46876993775367737,0.4000000059604645,0.4720541536808014,0.26468855142593384,0.011152942664921284,-0.5885697603225708,0.8096747994422913,0.24304601550102234,0.9993949
patient41504/study20/view1_frontal.jpg,1,0.4289301633834839,0.780369758605957,1.0,0.4289301633834839,0.6000000238418579,0.49426648020744324,0.253825843334198,0.010869053192436695,-0.6088316440582275,0.6831264495849609,0.28306296467781067,0.99899644
patient41504/study21/view1_frontal.jpg,1,0.39951372146606445,0.2948475182056427,1.0,0.39951372146606445,0.20000000298023224,0.49411165714263916,0.26978373527526855,0.00952515285462141,-0.62791508436203,0.6038219928741455,0.3620113730430603,0.9964491
patient41504/study3/view1_frontal.jpg,1,0.43000638484954834,0.5728892087936401,1.0,0.43000638484954834,0.4000000059604645,0.49662554264068604,0.2556743621826172,0.009679176844656467,-0.617953896522522,0.7574889063835144,0.2912871539592743,0.9990482
patient41504/study4/view1_frontal.jpg,1,0.20699138939380646,0.056603312492370605,1.0,0.20699138939380646,0.800000011920929,0.4911615550518036,0.2757028043270111,0.010395200923085213,-0.5782224535942078,0.22968345880508423,0.634758472442627,0.96103543
patient41504/study5/view1_frontal.jpg,1,0.4193439185619354,0.21148885786533356,1.0,0.4193439185619354,0.4000000059604645,0.48251280188560486,0.2571578323841095,0.0119783291593194,-0.5789541006088257,0.48365068435668945,0.20013238489627838,0.9959203
patient41504/study6/view1_frontal.jpg,1,0.3210299611091614,0.14078697562217712,1.0,0.3210299611091614,0.4000000059604645,0.4360910654067993,0.2645583748817444,0.012814449146389961,-0.5466583967208862,0.4975675642490387,0.04454459622502327,0.99090344
patient41504/study6/view2_frontal.jpg,1,0.24396125972270966,0.1639558970928192,1.0,0.24396125972270966,0.20000000298023224,0.38124677538871765,0.27528509497642517,0.01250464841723442,-0.5369899868965149,0.2563707232475281,0.19417336583137512,0.9216295
patient41504/study7/view1_frontal.jpg,1,0.44959741830825806,0.07993891090154648,1.0,0.44959741830825806,0.20000000298023224,0.4799051880836487,0.26232001185417175,0.012717756442725658,-0.5752349495887756,0.38108763098716736,0.686852216720581,0.99197257
patient41504/study8/view1_frontal.jpg,1,0.29649633169174194,0.11943274736404419,1.0,0.29649633169174194,1.0,0.4273517429828644,0.25847741961479187,0.012554522603750229,-0.531555712223053,0.5906625986099243,0.20104104280471802,0.9971648
patient41504/study9/view1_frontal.jpg,1,0.37386399507522583,0.017172792926430702,1.0,0.37386399507522583,0.6000000238418579,0.4709865152835846,0.2661912441253662,0.013327975757420063,-0.5338407754898071,0.4583645164966583,0.3640749156475067,0.9946307
patient41593/study1/view1_frontal.jpg,1,0.3049067258834839,0.18628168106079102,1.0,0.3049067258834839,0.20000000298023224,0.45987996459007263,0.27418962121009827,0.010875069536268711,-0.5420504212379456,0.49174436926841736,0.40257707238197327,0.98486173
patient41835/study1/view1_frontal.jpg,1,0.37501993775367737,0.23079165816307068,1.0,0.37501993775367737,0.6000000238418579,0.4614982306957245,0.2771397531032562,0.011549827642738819,-0.524161696434021,0.4311496913433075,0.2078871876001358,0.99379176
patient41835/study10/view1_frontal.jpg,1,0.35899633169174194,0.8628484010696411,1.0,0.35899633169174194,0.20000000298023224,0.46533071994781494,0.265767902135849,0.012295769527554512,-0.5205082893371582,0.5640711188316345,0.40480321645736694,0.99283373
patient41835/study2/view1_frontal.jpg,1,0.3062221109867096,0.07558444142341614,1.0,0.3062221109867096,0.6000000238418579,0.45105624198913574,0.27611270546913147,0.012145453132689,-0.5140068531036377,0.47762295603752136,0.33597421646118164,0.9911266
patient41835/study3/view1_frontal.jpg,1,0.14506936073303223,0.32099103927612305,1.0,0.14506936073303223,0.20000000298023224,0.5129320025444031,0.27426019310951233,0.010119780898094177,-0.5430806875228882,0.10483317077159882,0.6726014018058777,0.75948423
patient41835/study4/view1_frontal.jpg,1,0.3745017647743225,0.34910130500793457,1.0,0.3745017647743225,0.4000000059604645,0.47461771965026855,0.27172696590423584,0.011449836194515228,-0.5320461988449097,0.5963990688323975,0.2833910584449768,0.99620605
patient41835/study5/view1_frontal.jpg,1,0.2815887928009033,0.31219178438186646,1.0,0.2815887928009033,0.800000011920929,0.46150845289230347,0.2552453279495239,0.012138815596699715,-0.5163939595222473,0.5598931908607483,0.3693011701107025,0.9950158
patient41835/study6/view1_frontal.jpg,1,0.3412189185619354,0.12167258560657501,1.0,0.3412189185619354,0.20000000298023224,0.45696619153022766,0.27813300490379333,0.0126514146104455,-0.508067786693573,0.5098681449890137,0.3275119662284851,0.988942
patient41835/study7/view1_frontal.jpg,1,0.3744618892669678,0.5825300216674805,1.0,0.3744618892669678,0.20000000298023224,0.47616398334503174,0.2633543014526367,0.011396731249988079,-0.529576301574707,0.6330492496490479,0.32284706830978394,0.99563664
patient41835/study8/view1_frontal.jpg,1,0.3851642310619354,0.18217171728610992,1.0,0.3851642310619354,0.6000000238418579,0.4699518382549286,0.2786191999912262,0.012198971584439278,-0.5220917463302612,0.6872931718826294,0.35069116950035095,0.99828005
patient41835/study9/view1_frontal.jpg,1,0.38056042790412903,0.8417016863822937,1.0,0.38056042790412903,0.20000000298023224,0.4657554626464844,0.2624080181121826,0.011552910320460796,-0.5285815596580505,0.6205906271934509,0.3973791003227234,0.9954424
patient41935/study1/view1_frontal.jpg,1,0.17137674987316132,0.33844298124313354,1.0,0.17137674987316132,0.20000000298023224,0.5007890462875366,0.2766309380531311,0.010216900147497654,-0.5416741371154785,0.15762588381767273,0.6400350332260132,0.8294246
patient41935/study2/view1_frontal.jpg,1,0.12838807702064514,0.20469363033771515,1.0,0.12838807702064514,0.20000000298023224,0.5031891465187073,0.2800290882587433,0.010575647465884686,-0.5408409237861633,0.09672659635543823,0.6440211534500122,0.7224201
patient42551/study1/view1_frontal.jpg,1,0.1505899280309677,0.16079188883304596,1.0,0.1505899280309677,0.4000000059604645,0.4894307851791382,0.28013065457344055,0.010879334062337875,-0.5388296842575073,0.25436756014823914,0.549953043460846,0.8994498
patient42551/study2/view1_frontal.jpg,1,0.10959422588348389,0.4356931447982788,1.0,0.10959422588348389,0.20000000298023224,0.5014391541481018,0.27626702189445496,0.010012182407081127,-0.5436421036720276,0.14354248344898224,0.6432853937149048,0.73946404
patient42551/study3/view1_frontal.jpg,1,0.12501992285251617,0.2584382891654968,1.0,0.12501992285251617,0.4000000059604645,0.496953547000885,0.273320734500885,0.010122274979948997,-0.5439499616622925,0.19155234098434448,0.5905517339706421,0.8481911
patient42551/study4/view1_frontal.jpg,1,0.12115354090929031,0.4086887240409851,1.0,0.12115354090929031,0.20000000298023224,0.5253714919090271,0.2823868989944458,0.010643851943314075,-0.53519606590271,0.11365510523319244,0.7308743596076965,0.7301596
patient42551/study5/view1_frontal.jpg,1,0.15969786047935486,0.24392442405223846,1.0,0.15969786047935486,0.4000000059604645,0.4988684356212616,0.2767702639102936,0.010441115126013756,-0.5406758785247803,0.11141844838857651,0.6399821043014526,0.8304351
patient42551/study6/view1_frontal.jpg,1,0.13508450984954834,0.5474433302879333,1.0,0.13508450984954834,0.4000000059604645,0.5034788250923157,0.27758365869522095,0.0103972302749753,-0.5394877195358276,0.20391885936260223,0.5891919136047363,0.8647376
patient42551/study7/view1_frontal.jpg,1,0.017578125,0.2958361506462097,1.0,0.017578125,0.20000000298023224,0.5029654502868652,0.2842678725719452,0.010284439660608768,-0.5387654900550842,0.004164605401456356,1.0,0.39927512
patient42551/study8/view1_frontal.jpg,1,0.14939413964748383,0.19205179810523987,1.0,0.14939413964748383,0.20000000298023224,0.49203261733055115,0.27050352096557617,0.010355778969824314,-0.5397599339485168,0.11282442510128021,0.6120911836624146,0.7677043
patient42751/study1/view1_frontal.jpg,1,0.30123963952064514,0.28222987055778503,1.0,0.30123963952064514,0.20000000298023224,0.47348570823669434,0.262919545173645,0.010180342011153698,-0.5773993134498596,0.4151022732257843,0.3134637176990509,0.9799774
patient42761/study1/view1_frontal.jpg,1,0.36435747146606445,0.07371824979782104,1.0,0.36435747146606445,0.4000000059604645,0.4822421073913574,0.2663224935531616,0.013567669317126274,-0.5389474034309387,0.4643133580684662,0.3384197950363159,0.99250495
patient42761/study2/view1_frontal.jpg,1,0.3552096486091614,0.1886427104473114,1.0,0.3552096486091614,0.800000011920929,0.4750598073005676,0.2687123119831085,0.012267319485545158,-0.5500184297561646,0.5424610376358032,0.31892386078834534,0.9970885
patient42761/study3/view1_frontal.jpg,1,0.22407126426696777,0.2529836595058441,1.0,0.22407126426696777,0.20000000298023224,0.4789530038833618,0.2669938802719116,0.0124748470261693,-0.5462213158607483,0.4092336893081665,0.22013640403747559,0.96244866
patient42931/study1/view1_frontal.jpg,1,0.3564453125,0.9836784601211548,1.0,0.3564453125,0.800000011920929,0.49305424094200134,0.2603832185268402,0.007537140976637602,-0.6220835447311401,0.6563007235527039,0.1252208650112152,0.9986015
patient42931/study2/view1_frontal.jpg,1,0.3239995241165161,0.760632336139679,1.0,0.3239995241165161,0.800000011920929,0.5028622150421143,0.26006031036376953,0.00940739642828703,-0.570642352104187,0.48970872163772583,0.031191784888505936,0.99587643
patient42931/study3/view1_frontal.jpg,1,0.16954320669174194,0.6390370726585388,1.0,0.16954320669174194,0.20000000298023224,0.4914277493953705,0.28048765659332275,0.01021597534418106,-0.5501280426979065,0.2749745547771454,0.2580235004425049,0.8984565
patient42931/study4/view1_frontal.jpg,1,0.34572306275367737,0.8552992343902588,1.0,0.34572306275367737,0.800000011920929,0.4800529479980469,0.2685612440109253,0.010696097277104855,-0.5364444851875305,0.3360074460506439,0.5656738877296448,0.9912081
patient43970/study1/view1_frontal.jpg,1,0.32326212525367737,0.06100524961948395,1.0,0.32326212525367737,0.6000000238418579,0.45400479435920715,0.2702990472316742,0.012680857442319393,-0.5253335237503052,0.5199698209762573,0.10149703174829483,0.99406165
patient43970/study2/view1_frontal.jpg,1,0.32001355290412903,0.10186868160963058,1.0,0.32001355290412903,0.6000000238418579,0.46677133440971375,0.2691383957862854,0.012378846295177937,-0.5273133516311646,0.4781564176082611,0.2727546989917755,0.99257165
patient43970/study3/view1_frontal.jpg,1,0.3619658946990967,0.07532072812318802,1.0,0.3619658946990967,0.20000000298023224,0.4526079595088959,0.2576644718647003,0.013554184697568417,-0.5219982862472534,0.49271535873413086,0.26022928953170776,0.9903482
patient44356/study1/view1_frontal.jpg,1,0.3418765962123871,0.08456363528966904,1.0,0.3418765962123871,0.4000000059604645,0.4620510935783386,0.2556067407131195,0.011817951686680317,-0.5281234383583069,0.5542616248130798,0.17287103831768036,0.9941602
patient44356/study2/view1_frontal.jpg,1,0.37105390429496765,0.09386740624904633,1.0,0.37105390429496765,0.20000000298023224,0.4746708869934082,0.2605769634246826,0.011890952475368977,-0.5264910459518433,0.6167728900909424,0.24166005849838257,0.99521613
patient44644/study1/view1_frontal.jpg,1,0.3793048560619354,0.2583231031894684,1.0,0.3793048560619354,0.20000000298023224,0.45746877789497375,0.254452109336853,0.012661139480769634,-0.525871217250824,0.46373891830444336,0.6000417470932007,0.9899374
patient44644/study2/view1_frontal.jpg,1,0.3362165093421936,0.20113256573677063,1.0,0.3362165093421936,1.0,0.4632244408130646,0.25020545721054077,0.0119766341522336,-0.5268615484237671,0.4724619388580322,0.4750617444515228,0.9964275
patient44644/study3/view1_frontal.jpg,1,0.35849809646606445,0.12236164510250092,1.0,0.35849809646606445,0.20000000298023224,0.4476652443408966,0.24826468527317047,0.012726199813187122,-0.5211870074272156,0.4011113941669464,0.5579180717468262,0.9840644
patient44740/study1/view1_frontal.jpg,1,0.2945232689380646,0.972765326499939,1.0,0.2945232689380646,0.6000000238418579,0.47121113538742065,0.2575480043888092,0.010541509836912155,-0.5412716269493103,0.49169468879699707,0.2636401057243347,0.99194485
patient44740/study2/view1_frontal.jpg,1,0.3489118218421936,0.20080873370170593,1.0,0.3489118218421936,1.0,0.4427171051502228,0.2544518709182739,0.01213365700095892,-0.5273868441581726,0.37597206234931946,0.43505245447158813,0.9946748
patient44740/study3/view1_frontal.jpg,1,0.3546914756298065,0.5731370449066162,1.0,0.3546914756298065,0.20000000298023224,0.4771481454372406,0.26325884461402893,0.012176338583230972,-0.5273945331573486,0.44003504514694214,0.40635350346565247,0.98714197
patient44740/study4/view1_frontal.jpg,1,0.26273515820503235,0.5760921239852905,1.0,0.26273515820503235,0.20000000298023224,0.46709388494491577,0.2562200129032135,0.011251287534832954,-0.5328804850578308,0.33129480481147766,0.07018919289112091,0.95977193
patient44740/study5/view1_frontal.jpg,1,0.34365034103393555,0.8205247521400452,1.0,0.34365034103393555,0.20000000298023224,0.46892789006233215,0.2579183876514435,0.010806414298713207,-0.5386441349983215,0.6146150231361389,0.09822648763656616,0.99424523
patient44740/study6/view1_frontal.jpg,1,0.3726881444454193,0.21973378956317902,1.0,0.3726881444454193,0.4000000059604645,0.4636908173561096,0.25764766335487366,0.012298950925469398,-0.5204566121101379,0.5637503862380981,0.4399353265762329,0.99533683
patient44740/study7/view1_frontal.jpg,1,0.31078603863716125,0.5977891087532043,1.0,0.31078603863716125,0.20000000298023224,0.484447181224823,0.27047109603881836,0.011495281010866165,-0.5324339866638184,0.3903510272502899,0.1137877106666565,0.97858787
patient45072/study1/view1_frontal.jpg,1,0.42024075984954834,0.1737653762102127,1.0,0.42024075984954834,0.800000011920929,0.4702952206134796,0.25988662242889404,0.012705122120678425,-0.5191457867622375,0.5456780195236206,0.3909582495689392,0.9981724
patient45072/study2/view1_frontal.jpg,1,0.29209184646606445,0.3465222418308258,1.0,0.29209184646606445,0.6000000238418579,0.4409043490886688,0.2541410028934479,0.012093541212379932,-0.515307605266571,0.4608405530452728,0.5394879579544067,0.9891796
patient45084/study1/view1_frontal.jpg,1,0.37316644191741943,0.12152282893657684,1.0,0.37316644191741943,0.20000000298023224,0.46036046743392944,0.2552736699581146,0.010781638324260712,-0.532379150390625,0.5219821333885193,0.5006119608879089,0.992226
patient45118/study1/view1_frontal.jpg,1,0.42113760113716125,0.18723495304584503,1.0,0.42113760113716125,0.20000000298023224,0.44975149631500244,0.24943149089813232,0.010811439715325832,-0.5293397903442383,0.5954791903495789,0.39824309945106506,0.996216
patient45165/study1/view1_frontal.jpg,1,0.4019052982330322,0.07475551217794418,1.0,0.4019052982330322,0.4000000059604645,0.4469261169433594,0.2442503273487091,0.011056150309741497,-0.5355621576309204,0.32470637559890747,0.3465192914009094,0.9887481
patient45165/study2/view1_frontal.jpg,1,0.34189653396606445,0.5320578813552856,1.0,0.34189653396606445,0.6000000238418579,0.4483439326286316,0.23615804314613342,0.011070135049521923,-0.532448947429657,0.4980010688304901,0.34023281931877136,0.9943984
patient45165/study3/view1_frontal.jpg,1,0.4141422212123871,0.12676610052585602,1.0,0.4141422212123871,0.4000000059604645,0.45951539278030396,0.22774001955986023,0.011539619415998459,-0.5490354895591736,0.2602214515209198,0.286814421415329,0.98717564
patient45165/study4/view1_frontal.jpg,1,0.3733258843421936,0.2605806887149811,1.0,0.3733258843421936,0.20000000298023224,0.45468661189079285,0.23437225818634033,0.011578679084777832,-0.5301057696342468,0.4520045220851898,0.32745125889778137,0.989737
patient45165/study5/view1_frontal.jpg,1,0.2710060477256775,0.776726484298706,1.0,0.2710060477256775,0.800000011920929,0.5000420212745667,0.2697708308696747,0.010124768130481243,-0.541949450969696,0.4227062165737152,0.40437594056129456,0.9903752
patient45165/study6/view1_frontal.jpg,1,0.4434390962123871,0.09008597582578659,1.0,0.4434390962123871,0.20000000298023224,0.4391254782676697,0.2223961055278778,0.011240769177675247,-0.5558355450630188,0.34900152683258057,0.4227584898471832,0.99033374
patient45165/study7/view1_frontal.jpg,1,0.3794443607330322,0.06443212926387787,1.0,0.3794443607330322,0.4000000059604645,0.4350076913833618,0.24438457190990448,0.011837093159556389,-0.5223643779754639,0.5507333874702454,0.11281485855579376,0.9954218
patient45165/study8/view1_frontal.jpg,1,0.37183114886283875,0.1318923830986023,1.0,0.37183114886283875,0.6000000238418579,0.4310799539089203,0.22553245723247528,0.011024038307368755,-0.5186308026313782,0.6445921063423157,0.1945519745349884,0.99776673
patient45165/study9/view1_frontal.jpg,1,0.3974609375,0.20426617562770844,1.0,0.3974609375,0.800000011920929,0.4535599648952484,0.22665704786777496,0.009134761989116669,-0.5864932537078857,0.2616921365261078,0.10805196315050125,0.99290764
patient45556/study1/view1_frontal.jpg,1,0.4273955821990967,0.36904120445251465,1.0,0.4273955821990967,0.20000000298023224,0.42842280864715576,0.22398073971271515,0.011209292337298393,-0.5691471695899963,0.4488421678543091,0.593756914138794,0.99297404
patient45556/study2/view1_frontal.jpg,1,0.39050543308258057,0.7123482823371887,1.0,0.39050543308258057,0.4000000059604645,0.4366005063056946,0.22246171534061432,0.010529827326536179,-0.5822224020957947,0.5740309953689575,0.4475904107093811,0.99649125
patient45556/study3/view1_frontal.jpg,1,0.4430205821990967,0.5036951899528503,1.0,0.4430205821990967,0.800000011920929,0.4118924140930176,0.22633670270442963,0.011037969961762428,-0.5825008153915405,0.5408757925033569,0.37387463450431824,0.99850047
patient45712/study1/view1_frontal.jpg,1,0.3951092064380646,0.31737470626831055,1.0,0.3951092064380646,0.20000000298023224,0.4946887791156769,0.2237921953201294,0.00987287238240242,-0.5889737606048584,0.5020371675491333,0.5546517968177795,0.9940147
patient45871/study1/view1_frontal.jpg,1,0.3511638939380646,0.9784792065620422,1.0,0.3511638939380646,0.6000000238418579,0.45064058899879456,0.22414718568325043,0.010257354006171227,-0.582236111164093,0.3689565658569336,0.558262825012207,0.9909272
patient46167/study1/view1_frontal.jpg,1,0.3329480290412903,0.6154658794403076,1.0,0.3329480290412903,0.20000000298023224,0.474790096282959,0.22676067054271698,0.008044911548495293,-0.6248445510864258,0.4315210282802582,0.47649967670440674,0.986868
patient46167/study2/view1_frontal.jpg,1,0.39841756224632263,0.2169482558965683,1.0,0.39841756224632263,0.20000000298023224,0.4676910638809204,0.22211308777332306,0.009757929481565952,-0.5793277025222778,0.3067154586315155,0.5847622752189636,0.9843201
patient46167/study3/view1_frontal.jpg,1,0.3726084232330322,0.5971975922584534,1.0,0.3726084232330322,0.4000000059604645,0.47448232769966125,0.2217557281255722,0.009828794747591019,-0.5788085460662842,0.3760497570037842,0.29726076126098633,0.9905821
patient46167/study4/view1_frontal.jpg,1,0.35263872146606445,0.5329833030700684,1.0,0.35263872146606445,0.6000000238418579,0.47389963269233704,0.2230258733034134,0.010649408213794231,-0.5705050230026245,0.33425143361091614,0.5100168585777283,0.9897962
patient46236/study1/view1_frontal.jpg,1,0.4246651828289032,0.24584989249706268,1.0,0.4246651828289032,0.4000000059604645,0.45349034667015076,0.23387229442596436,0.01073748990893364,-0.5573015809059143,0.7148239016532898,0.27360206842422485,0.998626
patient46236/study2/view1_frontal.jpg,1,0.4197026491165161,0.5542501211166382,1.0,0.4197026491165161,0.4000000059604645,0.48244211077690125,0.30810731649398804,0.010680269449949265,-0.5304661989212036,0.34423190355300903,0.3721754550933838,0.99048364
patient46236/study3/view1_frontal.jpg,1,0.2864915430545807,0.9479714632034302,1.0,0.2864915430545807,0.20000000298023224,0.43674251437187195,0.22558145225048065,0.011519238352775574,-0.5482024550437927,0.4141398072242737,0.4903712868690491,0.9759113
patient46236/study4/view1_frontal.jpg,1,0.39393335580825806,0.42612823843955994,1.0,0.39393335580825806,0.20000000298023224,0.489849716424942,0.3119075894355774,0.010640375316143036,-0.5281631946563721,0.22885294258594513,0.3567240536212921,0.9728484
patient46236/study5/view1_frontal.jpg,1,0.37161192297935486,0.9179330468177795,1.0,0.37161192297935486,0.6000000238418579,0.477548211812973,0.22339674830436707,0.011608975008130074,-0.5534469485282898,0.2511979937553406,0.6863926649093628,0.98629576
patient46236/study6/view1_frontal.jpg,1,0.34697863459587097,0.97846919298172,1.0,0.34697863459587097,0.800000011920929,0.42620447278022766,0.233018696308136,0.00908409059047699,-0.610577404499054,0.5057503581047058,0.33847787976264954,0.99650925
patient46267/study1/view1_frontal.jpg,1,0.504862904548645,0.5131024718284607,1.0,0.504862904548645,0.6000000238418579,0.5907787680625916,0.3061976432800293,0.008779086172580719,-0.5833998918533325,0.498970627784729,0.22692105174064636,0.9987232
patient46267/study2/view1_frontal.jpg,1,0.545320451259613,0.3595815896987915,1.0,0.545320451259613,0.20000000298023224,0.5742526054382324,0.3086812198162079,0.008780606091022491,-0.5821840763092041,0.46008357405662537,0.18109098076820374,0.9977912
patient46267/study3/view1_frontal.jpg,1,0.5229791402816772,0.34420010447502136,1.0,0.5229791402816772,0.20000000298023224,0.5836188793182373,0.3120119571685791,0.009034267626702785,-0.5747690796852112,0.4419030249118805,0.1649075299501419,0.9971506
patient46267/study4/view1_frontal.jpg,1,0.32926100492477417,0.13626618683338165,1.0,0.32926100492477417,0.800000011920929,0.46982163190841675,0.2750970125198364,0.011017465963959694,-0.5269883275032043,0.37327611446380615,0.29115158319473267,0.99166447
patient46267/study5/view1_frontal.jpg,1,0.5440250039100647,0.7204203605651855,1.0,0.5440250039100647,0.4000000059604645,0.5682001113891602,0.30807092785835266,0.008549163118004799,-0.582782506942749,0.5612138509750366,0.20942500233650208,0.99898857
patient46267/study6/view1_frontal.jpg,1,0.5364317893981934,0.3491595685482025,1.0,0.5364317893981934,0.6000000238418579,0.5402555465698242,0.29804447293281555,0.009895053692162037,-0.566053569316864,0.5139545798301697,0.0373508594930172,0.99899966
patient46423/study1/view1_frontal.jpg,1,0.4536033272743225,0.34623995423316956,1.0,0.4536033272743225,1.0,0.46277451515197754,0.23652392625808716,0.01439733151346445,-0.5039007663726807,0.5842068791389465,0.5017057657241821,0.9991374
patient46423/study2/view1_frontal.jpg,1,0.3198740482330322,0.3231179416179657,1.0,0.3198740482330322,0.6000000238418579,0.4433972239494324,0.24529992043972015,0.013626721687614918,-0.5005027055740356,0.09614978730678558,0.04102806746959686,0.95561266
patient46423/study3/view1_frontal.jpg,1,0.3354990482330322,0.3172711730003357,1.0,0.3354990482330322,0.6000000238418579,0.42716479301452637,0.23276208341121674,0.012318902648985386,-0.5135831832885742,0.24921977519989014,0.1811215728521347,0.9803274
patient46492/study1/view1_frontal.jpg,1,0.46725526452064514,0.8973610401153564,1.0,0.46725526452064514,0.6000000238418579,0.5131269693374634,0.2344415783882141,0.010310869663953781,-0.551041305065155,0.7986034750938416,0.2598276436328888,0.9995653
patient46739/study1/view1_frontal.jpg,1,0.5505022406578064,0.44803446531295776,1.0,0.5505022406578064,0.4000000059604645,0.516465425491333,0.2203734815120697,0.00879740435630083,-0.5486098527908325,0.4192330539226532,0.12576144933700562,0.9981571
patient46739/study2/view1_frontal.jpg,1,0.39750078320503235,0.2767186760902405,1.0,0.39750078320503235,0.800000011920929,0.4768998920917511,0.24228385090827942,0.011609653010964394,-0.5305145978927612,0.6850309371948242,0.3690705895423889,0.998949
patient46739/study3/view1_frontal.jpg,1,0.4508330821990967,0.02619406394660473,1.0,0.4508330821990967,0.6000000238418579,0.4885872006416321,0.24559034407138824,0.010909445583820343,-0.5187942385673523,0.1909187138080597,0.37189093232154846,0.9898606
patient46739/study4/view1_frontal.jpg,1,0.47423070669174194,0.06313793361186981,1.0,0.47423070669174194,0.6000000238418579,0.5006370544433594,0.24121645092964172,0.011484440416097641,-0.5228298902511597,0.20632408559322357,0.22192971408367157,0.9925746
patient46814/study1/view1_frontal.jpg,1,0.5024713277816772,0.39289239048957825,1.0,0.5024713277816772,0.4000000059604645,0.5086723566055298,0.24650849401950836,0.012233936227858067,-0.5127909779548645,0.6152239441871643,0.49515852332115173,0.9987571
patient46814/study2/view1_frontal.jpg,1,0.49152982234954834,0.31409332156181335,1.0,0.49152982234954834,0.6000000238418579,0.5080351829528809,0.23347872495651245,0.012671336531639099,-0.5112603902816772,0.7097972631454468,0.43134844303131104,0.9993955
patient47001/study1/view1_frontal.jpg,1,0.5134327411651611,0.19278572499752045,1.0,0.5134327411651611,0.20000000298023224,0.5033254027366638,0.24003459513187408,0.011600024998188019,-0.5135477185249329,0.3930918276309967,0.4732411801815033,0.99548304
patient47001/study1/view2_frontal.jpg,1,0.5200294852256775,0.5367249846458435,1.0,0.5200294852256775,0.6000000238418579,0.5042710304260254,0.24016600847244263,0.011511031538248062,-0.5114148855209351,0.5942113399505615,0.3237083852291107,0.9991559
patient47001/study2/view1_frontal.jpg,1,0.4381975531578064,0.11004730314016342,1.0,0.4381975531578064,0.20000000298023224,0.4712947607040405,0.24678976833820343,0.012790607288479805,-0.4995020925998688,0.28324106335639954,0.48224180936813354,0.98523074
patient47001/study3/view1_frontal.jpg,1,0.3785076439380646,0.8551772236824036,1.0,0.3785076439380646,0.6000000238418579,0.5090175271034241,0.24395300447940826,0.009810328483581543,-0.5294196605682373,0.5105916261672974,0.14582309126853943,0.9964785
patient47471/study1/view1_frontal.jpg,1,0.3988560140132904,0.29640141129493713,1.0,0.3988560140132904,0.4000000059604645,0.4535991847515106,0.24782226979732513,0.01288358774036169,-0.5078315138816833,0.5853549242019653,0.5094323754310608,0.99645114
patient47471/study2/view1_frontal.jpg,1,0.3991948366165161,0.11897584050893784,1.0,0.3991948366165161,0.4000000059604645,0.4376678168773651,0.2476004660129547,0.01266825944185257,-0.5117499232292175,0.5203867554664612,0.4145410656929016,0.9951432
patient47471/study3/view1_frontal.jpg,1,0.48865991830825806,0.06818670779466629,1.0,0.48865991830825806,1.0,0.4589671790599823,0.2535894811153412,0.01305178739130497,-0.5146030783653259,0.2776249647140503,0.4482785761356354,0.99711597
patient47471/study4/view1_frontal.jpg,1,0.42578125,0.05201570689678192,1.0,0.42578125,0.6000000238418579,0.4376019835472107,0.24702948331832886,0.011816983111202717,-0.5171356797218323,0.24961555004119873,0.5179333090782166,0.9895118
patient47597/study1/view1_frontal.jpg,1,0.6030173897743225,0.48182278871536255,1.0,0.6030173897743225,0.4000000059604645,0.48836761713027954,0.23895354568958282,0.011291143484413624,-0.526828944683075,0.670254647731781,0.3575044274330139,0.9995671
patient47681/study1/view1_frontal.jpg,1,0.2790975868701935,0.023356139659881592,1.0,0.2790975868701935,0.6000000238418579,0.3851456046104431,0.262611985206604,0.016163676977157593,-0.4862779378890991,0.08780283480882645,0.6197692155838013,0.92147154
patient47681/study2/view1_frontal.jpg,1,0.2656847834587097,0.03751859813928604,1.0,0.2656847834587097,0.4000000059604645,0.3757176995277405,0.26255762577056885,0.018574044108390808,-0.4756939113140106,0.07431775331497192,0.7629005908966064,0.8717545
patient48180/study1/view1_frontal.jpg,1,0.1370774805545807,0.3945295512676239,1.0,0.1370774805545807,0.6000000238418579,0.3677690327167511,0.26511433720588684,0.015473329462110996,-0.48765215277671814,0.21351000666618347,0.2607842981815338,0.880461
patient48540/study1/view1_frontal.jpg,1,0.25791215896606445,0.03898289054632187,1.0,0.25791215896606445,0.4000000059604645,0.3938148021697998,0.26026955246925354,0.01537846028804779,-0.5014434456825256,0.19698287546634674,0.5628029108047485,0.9275264
patient48889/study1/view1_frontal.jpg,1,0.2892617881298065,0.03318056836724281,1.0,0.2892617881298065,0.4000000059604645,0.3829195201396942,0.25963521003723145,0.014084669761359692,-0.5050394535064697,0.06204031780362129,0.8064417839050293,0.8900122
patient48889/study2/view1_frontal.jpg,1,0.26769769191741943,0.06158995255827904,1.0,0.26769769191741943,0.800000011920929,0.3905964195728302,0.2675130367279053,0.013872591778635979,-0.5093943476676941,0.29821377992630005,0.4746493101119995,0.97726715
patient49094/study1/view1_frontal.jpg,1,0.1859056055545807,0.10796912759542465,1.0,0.1859056055545807,1.0,0.37742841243743896,0.2630692720413208,0.01536538265645504,-0.4971306025981903,0.06449620425701141,0.6728580594062805,0.90650785
patient49094/study1/view2_frontal.jpg,1,0.23875956237316132,0.06397655606269836,1.0,0.23875956237316132,0.20000000298023224,0.3787562847137451,0.2589772343635559,0.015908969566226006,-0.49475350975990295,1.661444883893637e-07,0.9216231107711792,0.7394865
patient49162/study1/view1_frontal.jpg,1,0.20697146654129028,0.05371474847197533,1.0,0.20697146654129028,0.4000000059604645,0.3900299370288849,0.2704857289791107,0.014466059394180775,-0.4966627359390259,0.10985002666711807,0.13026803731918335,0.8558706
patient49162/study2/view1_frontal.jpg,1,0.2534677982330322,0.06451122462749481,1.0,0.2534677982330322,0.4000000059604645,0.3842146396636963,0.2679891586303711,0.013660258613526821,-0.5096310973167419,0.1188875138759613,0.6334885358810425,0.8918773
patient49162/study3/view1_frontal.jpg,1,0.22375239431858063,0.06454822421073914,1.0,0.22375239431858063,0.6000000238418579,0.38257309794425964,0.2604916989803314,0.013702363707125187,-0.5054402947425842,0.15321867167949677,0.2587394118309021,0.919504
patient49449/study1/view1_frontal.jpg,1,0.17928890883922577,0.08803678303956985,1.0,0.17928890883922577,0.20000000298023224,0.3875497281551361,0.2662769854068756,0.014492910355329514,-0.5005649328231812,0.13684947788715363,0.4831464886665344,0.7898766
patient49581/study1/view1_frontal.jpg,1,0.31220105290412903,0.21376949548721313,1.0,0.31220105290412903,0.800000011920929,0.37843161821365356,0.26667991280555725,0.016294345259666443,-0.4924192726612091,0.357269287109375,0.6258916854858398,0.9868211
patient49581/study2/view1_frontal.jpg,1,0.28380101919174194,0.2021455019712448,1.0,0.28380101919174194,0.4000000059604645,0.38547155261039734,0.2617557942867279,0.012439669109880924,-0.5461885929107666,0.21621465682983398,0.5689429044723511,0.9470626
patient49581/study3/view1_frontal.jpg,1,0.18466995656490326,0.1398428976535797,1.0,0.18466995656490326,0.4000000059604645,0.3420559763908386,0.26143598556518555,0.013363982550799847,-0.5491296648979187,0.05381535366177559,0.7281776070594788,0.77645564
patient49608/study1/view1_frontal.jpg,1,0.31658563017845154,0.2104237675666809,1.0,0.31658563017845154,0.4000000059604645,0.343622624874115,0.25877469778060913,0.008019992150366306,-0.6443520188331604,0.16105034947395325,0.48048049211502075,0.95049924
patient49608/study2/view1_frontal.jpg,1,0.2306879758834839,0.23882010579109192,1.0,0.2306879758834839,0.6000000238418579,0.3346461057662964,0.26231199502944946,0.007899316027760506,-0.6330597400665283,0.11363133043050766,0.45192617177963257,0.9134713
patient49633/study1/view1_frontal.jpg,1,0.23698580265045166,0.06891528517007828,1.0,0.23698580265045166,0.4000000059604645,0.35391899943351746,0.25831708312034607,0.008658411912620068,-0.6150459051132202,0.1500789225101471,0.6317642331123352,0.9040666
patient49736/study1/view1_frontal.jpg,1,0.3489915430545807,0.10140225291252136,1.0,0.3489915430545807,0.800000011920929,0.34768375754356384,0.26252928376197815,0.008851150050759315,-0.6435249447822571,0.08394143730401993,0.7034069895744324,0.96904916
patient49803/study1/view1_frontal.jpg,1,0.1949537694454193,0.2737363278865814,1.0,0.1949537694454193,0.6000000238418579,0.3342718780040741,0.25652876496315,0.013430546969175339,-0.5314390659332275,0.08520913124084473,0.6797609329223633,0.85503924
patient49803/study2/view1_frontal.jpg,1,0.18755978345870972,0.2405972182750702,1.0,0.18755978345870972,1.0,0.3277031183242798,0.25365522503852844,0.01612887904047966,-0.49658292531967163,0.08036140352487564,0.6378534436225891,0.90819013
patient49992/study1/view1_frontal.jpg,1,0.25673627853393555,0.09384649991989136,1.0,0.25673627853393555,0.20000000298023224,0.33652251958847046,0.2573511302471161,0.011247897520661354,-0.548348605632782,0.06502741575241089,0.4479338824748993,0.8281392
patient50073/study1/view1_frontal.jpg,1,0.21153539419174194,0.15896271169185638,1.0,0.21153539419174194,0.800000011920929,0.33991214632987976,0.2552478015422821,0.011553546413779259,-0.537682294845581,0.07223626971244812,0.569015383720398,0.90048236
patient50224/study1/view1_frontal.jpg,1,0.2641701102256775,0.11250311881303787,1.0,0.2641701102256775,0.6000000238418579,0.34032538533210754,0.26189929246902466,0.010569222271442413,-0.5810585021972656,0.17078956961631775,0.5870441198348999,0.9428192
patient50224/study2/view1_frontal.jpg,1,0.30925142765045166,0.07017297297716141,1.0,0.30925142765045166,0.4000000059604645,0.3372589945793152,0.2524285912513733,0.009815522469580173,-0.6038547158241272,0.08342307806015015,0.593473494052887,0.9206633
patient50276/study1/view1_frontal.jpg,1,0.2222377210855484,0.4534524083137512,1.0,0.2222377210855484,0.4000000059604645,0.3311004936695099,0.25314709544181824,0.008828213438391685,-0.636733889579773,0.24393205344676971,0.5073983669281006,0.9307088
patient50276/study2/view1_frontal.jpg,1,0.22393175959587097,0.41452908515930176,1.0,0.22393175959587097,0.20000000298023224,0.3114798367023468,0.25468575954437256,0.012141920626163483,-0.5712195038795471,0.10689311474561691,0.5951433181762695,0.81570154
patient50282/study1/view1_frontal.jpg,1,0.2194475382566452,0.059063006192445755,1.0,0.2194475382566452,0.20000000298023224,0.3474886119365692,0.26409903168678284,0.008788145147264004,-0.6289613246917725,0.028667649254202843,0.5612725615501404,0.77115893
patient50730/study1/view1_frontal.jpg,1,0.25896844267845154,0.13765178620815277,1.0,0.25896844267845154,0.4000000059604645,0.3451443016529083,0.2511657774448395,0.0074315969832241535,-0.6526810526847839,0.15191134810447693,0.5355488657951355,0.9232313
patient50730/study2/view1_frontal.jpg,1,0.25534120202064514,0.13389141857624054,1.0,0.25534120202064514,0.800000011920929,0.34710583090782166,0.2620713412761688,0.009776572696864605,-0.608674943447113,0.07166632264852524,0.7746819853782654,0.93109655
patient50777/study1/view1_frontal.jpg,1,0.3122408986091614,0.35846108198165894,1.0,0.3122408986091614,0.6000000238418579,0.4359666109085083,0.30614736676216125,0.00426091905683279,-0.8108591437339783,0.2832070291042328,0.5530755519866943,0.9842541
patient50777/study2/view1_frontal.jpg,1,0.2968152165412903,0.344512403011322,1.0,0.2968152165412903,0.4000000059604645,0.4445302486419678,0.3006696105003357,0.005137914326041937,-0.7888230681419373,0.2350565493106842,0.7144577503204346,0.9686595
patient50777/study3/view1_frontal.jpg,1,0.22783800959587097,0.28310590982437134,1.0,0.22783800959587097,0.20000000298023224,0.4130065441131592,0.30221763253211975,0.006331231910735369,-0.6708505153656006,0.14264364540576935,0.7257134318351746,0.87065405
patient50777/study4/view1_frontal.jpg,1,0.3608896732330322,0.08879616111516953,1.0,0.3608896732330322,1.0,0.4153866171836853,0.3008008897304535,0.00836805161088705,-0.633161723613739,0.14812429249286652,0.8279263377189636,0.9849967
patient50777/study5/view1_frontal.jpg,1,0.29900750517845154,0.17328345775604248,1.0,0.29900750517845154,0.4000000059604645,0.40634483098983765,0.30081048607826233,0.009786599315702915,-0.6044942736625671,0.22768016159534454,0.8144016861915588,0.9554432
patient50777/study6/view1_frontal.jpg,1,0.25107622146606445,0.27521607279777527,1.0,0.25107622146606445,0.6000000238418579,0.4306976795196533,0.30642133951187134,0.005139483604580164,-0.7769169807434082,0.20177412033081055,0.7217057347297668,0.960438
patient51250/study1/view1_frontal.jpg,1,0.2185307741165161,0.22769995033740997,1.0,0.2185307741165161,0.6000000238418579,0.4284539520740509,0.31578508019447327,0.00862712599337101,-0.6332194805145264,0.222466379404068,0.5945762395858765,0.9445565
patient51250/study2/view1_frontal.jpg,1,0.30026307702064514,0.5490301251411438,1.0,0.30026307702064514,0.20000000298023224,0.4398120045661926,0.3097561001777649,0.006532869767397642,-0.7185126543045044,0.35462212562561035,0.544815182685852,0.9736617
patient51250/study3/view1_frontal.jpg,1,0.3223453462123871,0.564385712146759,1.0,0.3223453462123871,0.6000000238418579,0.4690130054950714,0.304991215467453,0.008050477132201195,-0.6701177954673767,0.3797612190246582,0.5662373304367065,0.98939216
patient51514/study1/view1_frontal.jpg,1,0.37191087007522583,0.8249609470367432,1.0,0.37191087007522583,0.6000000238418579,0.46958595514297485,0.30292952060699463,0.005848211701959372,-0.7690728306770325,0.4468337595462799,0.5203909873962402,0.9954568
patient51754/study1/view1_frontal.jpg,1,0.32872289419174194,0.6792969107627869,1.0,0.32872289419174194,0.20000000298023224,0.42097342014312744,0.30320724844932556,0.008171494118869305,-0.6971866488456726,0.20408619940280914,0.7757028341293335,0.95339805
patient52055/study1/view1_frontal.jpg,1,0.3548509180545807,0.03486068546772003,1.0,0.3548509180545807,0.20000000298023224,0.4315798282623291,0.3104919493198395,0.010391993448138237,-0.6094907522201538,0.004594131838530302,0.9380695223808289,0.8929428
patient52334/study1/view1_frontal.jpg,1,0.19772401452064514,0.1914394050836563,1.0,0.19772401452064514,0.20000000298023224,0.4237711727619171,0.3093750476837158,0.00642352132126689,-0.7513717412948608,0.007057131268084049,0.865755021572113,0.75492203
patient52409/study1/view1_frontal.jpg,1,0.2608219087123871,0.9750560522079468,1.0,0.2608219087123871,0.20000000298023224,0.4252876341342926,0.3153141140937805,0.005769606214016676,-0.7838996052742004,0.4717179238796234,0.2742365002632141,0.9814371
patient52711/study1/view1_frontal.jpg,1,0.2393973171710968,0.5825610160827637,1.0,0.2393973171710968,0.4000000059604645,0.43037301301956177,0.3012392222881317,0.004201534669846296,-0.8588842749595642,0.3819827437400818,0.4764282703399658,0.9782009
patient52868/study1/view1_frontal.jpg,1,0.25113600492477417,0.14518778026103973,1.0,0.25113600492477417,0.4000000059604645,0.4202779531478882,0.31980422139167786,0.006387778557837009,-0.7261435389518738,0.07175099104642868,0.9898001551628113,0.88955873
patient53161/study1/view1_frontal.jpg,1,0.28421953320503235,0.08184362947940826,1.0,0.28421953320503235,0.800000011920929,0.4265263080596924,0.3047705292701721,0.012046760879456997,-0.5618277788162231,0.018343007192015648,0.9549973607063293,0.92711735
patient53235/study1/view1_frontal.jpg,1,0.18779894709587097,0.2650708556175232,1.0,0.18779894709587097,0.4000000059604645,0.3844185769557953,0.30343782901763916,0.020931560546159744,-0.4396885931491852,0.3244059383869171,0.4157225787639618,0.92151296
patient53438/study1/view1_frontal.jpg,1,0.22423070669174194,0.0698162242770195,1.0,0.22423070669174194,0.4000000059604645,0.3769882321357727,0.30470070242881775,0.024374347180128098,-0.42263588309288025,0.15519601106643677,0.4961499571800232,0.86784106
patient53830/study1/view1_frontal.jpg,1,0.18285635113716125,0.11160296946763992,1.0,0.18285635113716125,0.4000000059604645,0.3909349739551544,0.30008018016815186,0.011752894148230553,-0.5495951175689697,0.39785104990005493,0.25655990839004517,0.95140606
patient53918/study1/view1_frontal.jpg,1,0.3332270383834839,0.008866490796208382,1.0,0.3332270383834839,0.20000000298023224,0.40578514337539673,0.3002709150314331,0.014444582164287567,-0.5064103603363037,0.5011840462684631,0.4168603718280792,0.98580974
patient53918/study1/view2_frontal.jpg,1,0.3065609037876129,0.04343540966510773,1.0,0.3065609037876129,0.20000000298023224,0.3982798457145691,0.30839619040489197,0.019252626225352287,-0.45710769295692444,0.08708411455154419,0.46690109372138977,0.8756195
patient53923/study1/view1_frontal.jpg,1,0.3208107352256775,0.05001333728432655,1.0,0.3208107352256775,0.6000000238418579,0.41269782185554504,0.2991023361682892,0.017006317153573036,-0.47924134135246277,0.15301962196826935,0.5657098889350891,0.9560283
patient54083/study1/view1_frontal.jpg,1,0.3131178319454193,0.061061520129442215,1.0,0.3131178319454193,0.6000000238418579,0.4064598083496094,0.30459949374198914,0.015957241877913475,-0.48739099502563477,0.19662469625473022,0.16911768913269043,0.9639087
patient54444/study1/view1_frontal.jpg,1,0.48985570669174194,0.09170808643102646,1.0,0.48985570669174194,1.0,0.45883920788764954,0.30371183156967163,0.01473589800298214,-0.5130135416984558,0.6446863412857056,0.19046543538570404,0.9994797
patient54534/study1/view1_frontal.jpg,1,0.5700135231018066,0.03351337090134621,1.0,0.5700135231018066,1.0,0.49188217520713806,0.28415441513061523,0.0150913642719388,-0.5212480425834656,0.2953549921512604,0.5185143351554871,0.9985856
patient54717/study1/view1_frontal.jpg,1,0.022819675505161285,0.9532576203346252,1.0,0.022819675505161285,0.20000000298023224,0.4347772002220154,0.2597995102405548,0.008849354460835457,-0.5894358158111572,0.01994594745337963,1.0,0.42514375
patient54905/study1/view1_frontal.jpg,1,0.025350764393806458,0.32234102487564087,1.0,0.025350764393806458,0.20000000298023224,0.4472399353981018,0.24972671270370483,0.010415804572403431,-0.579064667224884,0.08181127905845642,0.6221068501472473,0.5257126
patient54997/study1/view1_frontal.jpg,1,0.025908801704645157,0.6033587455749512,1.0,0.025908801704645157,0.20000000298023224,0.42456483840942383,0.2493664026260376,0.009204578585922718,-0.5882618427276611,0.007516572717577219,1.0,0.41607723
patient55129/study1/view1_frontal.jpg,1,0.02415497414767742,0.5189772248268127,1.0,0.02415497414767742,0.20000000298023224,0.42950594425201416,0.25005385279655457,0.010299870744347572,-0.5848825573921204,0.00912371277809143,1.0,0.41545224
patient55824/study1/view1_frontal.jpg,1,0.02094626985490322,0.8002310991287231,1.0,0.02094626985490322,0.20000000298023224,0.42851781845092773,0.25485512614250183,0.008609743788838387,-0.5979261994361877,0.010357785038650036,1.0,0.41277766
patient56069/study1/view1_frontal.jpg,1,0.025629783049225807,0.6367928981781006,1.0,0.025629783049225807,0.20000000298023224,0.42999759316444397,0.2463989406824112,0.010118185542523861,-0.5877201557159424,0.013241760432720184,1.0,0.42579103
patient56105/study1/view1_frontal.jpg,1,0.021962691098451614,0.38948699831962585,1.0,0.021962691098451614,0.20000000298023224,0.4210802912712097,0.24911577999591827,0.010203668847680092,-0.5840505361557007,0.0035573886707425117,0.7521564364433289,0.4113593
patient56105/study2/view1_frontal.jpg,1,0.016103316098451614,0.5445511937141418,1.0,0.016103316098451614,0.4000000059604645,0.42594748735427856,0.25114157795906067,0.009292102418839931,-0.5966345071792603,0.006465437356382608,0.895216166973114,0.4830929
patient56666/study1/view1_frontal.jpg,1,0.009088010527193546,0.8680631518363953,1.0,0.009088010527193546,0.20000000298023224,0.432828426361084,0.24517081677913666,0.008842060342431068,-0.5919687747955322,0.01723025180399418,0.5411866307258606,0.4213192
patient57224/study1/view1_frontal.jpg,1,0.023776307702064514,0.9161644577980042,1.0,0.023776307702064514,0.20000000298023224,0.4217604696750641,0.24977129697799683,0.009164898656308651,-0.5875347852706909,0.007516569457948208,1.0,0.41043442
patient57283/study1/view1_frontal.jpg,1,0.042470503598451614,0.38501012325286865,1.0,0.042470503598451614,0.20000000298023224,0.38851359486579895,0.26665520668029785,0.013114308007061481,-0.5066182613372803,0.11052126437425613,0.9188248515129089,0.52066535
patient57283/study2/view1_frontal.jpg,1,0.023816166445612907,0.8428088426589966,1.0,0.023816166445612907,0.20000000298023224,0.4375189244747162,0.24475635588169098,0.008903605863451958,-0.5894301533699036,0.0077439285814762115,1.0,0.4205568
patient57283/study3/view1_frontal.jpg,1,0.023477360606193542,0.9579099416732788,1.0,0.023477360606193542,0.20000000298023224,0.43177157640457153,0.24575456976890564,0.00923890620470047,-0.5861502885818481,0.0041499873623251915,1.0,0.41166225
patient57355/study1/view1_frontal.jpg,1,0.040676817297935486,0.4310605525970459,1.0,0.040676817297935486,0.20000000298023224,0.40793952345848083,0.2609216272830963,0.011752882972359657,-0.5612331032752991,0.05691608414053917,0.8883598446846008,0.4851822
patient58304/study1/view1_frontal.jpg,1,0.16131217777729034,0.22252391278743744,1.0,0.16131217777729034,0.6000000238418579,0.41979482769966125,0.25987014174461365,0.012433171272277832,-0.5361497402191162,0.24673254787921906,0.3470911681652069,0.9241263
patient58304/study2/view1_frontal.jpg,1,0.16796875,0.801027774810791,1.0,0.16796875,0.20000000298023224,0.40767958760261536,0.26417452096939087,0.013192283920943737,-0.5408526062965393,0.3466062843799591,0.271893709897995,0.9146786
patient58730/study1/view1_frontal.jpg,1,0.17667809128761292,0.3565879464149475,1.0,0.17667809128761292,0.20000000298023224,0.4227603077888489,0.2642901837825775,0.009823186323046684,-0.5774297714233398,0.3531557023525238,0.3357250392436981,0.92677385
patient59002/study1/view1_frontal.jpg,1,0.2038823366165161,0.563854455947876,1.0,0.2038823366165161,0.6000000238418579,0.4436176121234894,0.24109387397766113,0.00863832887262106,-0.6186011433601379,0.3310970366001129,0.5354561805725098,0.9674501
patient59141/study1/view1_frontal.jpg,1,0.09223533421754837,0.4963029623031616,1.0,0.09223533421754837,0.6000000238418579,0.3622366487979889,0.26504480838775635,0.010326994583010674,-0.5491158366203308,0.23300381004810333,0.4462239444255829,0.85695374
patient59271/study1/view1_frontal.jpg,1,0.15704719722270966,0.17560602724552155,1.0,0.15704719722270966,0.20000000298023224,0.39346742630004883,0.27776193618774414,0.010619190521538258,-0.5715962052345276,0.3756687045097351,0.18841253221035004,0.9193771
patient59271/study2/view1_frontal.jpg,1,0.04747289419174194,0.1872749626636505,1.0,0.04747289419174194,0.20000000298023224,0.38023990392684937,0.2804854214191437,0.012320825830101967,-0.5493384003639221,0.05846614018082619,0.19140519201755524,0.5037067
patient59611/study1/view1_frontal.jpg,1,0.0496651791036129,0.07253459841012955,1.0,0.0496651791036129,0.20000000298023224,0.3686444163322449,0.28232815861701965,0.012737215496599674,-0.5466017127037048,0.0,0.332642138004303,0.42567247
patient60342/study1/view1_frontal.jpg,1,0.033203125,0.7595977187156677,1.0,0.033203125,0.20000000298023224,0.3706468939781189,0.28235307335853577,0.01178752165287733,-0.5521911382675171,0.028259342536330223,0.4051935076713562,0.42753857
patient60355/study1/view1_frontal.jpg,1,0.10273835808038712,0.08229740709066391,1.0,0.10273835808038712,0.20000000298023224,0.3744720220565796,0.2809830904006958,0.012833019718527794,-0.5433421730995178,0.004502439871430397,0.5451577305793762,0.5257223
patient60649/study1/view1_frontal.jpg,1,0.02955596335232258,0.15579326450824738,1.0,0.02955596335232258,0.20000000298023224,0.36891627311706543,0.27791765332221985,0.012375600636005402,-0.5427871942520142,0.11425101011991501,0.8152302503585815,0.50348324
patient60807/study1/view1_frontal.jpg,1,0.07067123800516129,0.33407625555992126,1.0,0.07067123800516129,0.4000000059604645,0.37303632497787476,0.25812503695487976,0.01072298176586628,-0.5581210255622864,0.1405252069234848,0.49309903383255005,0.71026087
patient60876/study1/view1_frontal.jpg,1,0.20609454810619354,0.29039520025253296,1.0,0.20609454810619354,0.20000000298023224,0.374227911233902,0.25195080041885376,0.01142838504165411,-0.5555376410484314,0.33298566937446594,0.28561869263648987,0.9295153
patient60970/study1/view1_frontal.jpg,1,0.16179049015045166,0.1320568323135376,1.0,0.16179049015045166,0.20000000298023224,0.3575693666934967,0.25711697340011597,0.013136894442141056,-0.5267883539199829,0.3091828227043152,0.2750195562839508,0.8856042
patient60971/study1/view1_frontal.jpg,1,0.27166375517845154,0.6159746050834656,1.0,0.27166375517845154,0.4000000059604645,0.46243417263031006,0.29254016280174255,0.01532280445098877,-0.5048815011978149,0.11585153639316559,0.3770510256290436,0.9145653
patient61514/study1/view1_frontal.jpg,1,0.4556560814380646,0.022731397300958633,1.0,0.4556560814380646,0.20000000298023224,0.42792218923568726,0.28033238649368286,0.016155755147337914,-0.5187915563583374,0.39547112584114075,0.6374009847640991,0.9912874
patient61551/study1/view1_frontal.jpg,1,0.2624760866165161,0.05229092761874199,1.0,0.2624760866165161,0.20000000298023224,0.45965152978897095,0.2795204520225525,0.012846572324633598,-0.520806610584259,0.49383580684661865,0.36242130398750305,0.9786695
patient61627/study1/view1_frontal.jpg,1,0.3814772069454193,0.011472517624497414,1.0,0.3814772069454193,0.800000011920929,0.4564425051212311,0.28101348876953125,0.013355720788240433,-0.5172077417373657,0.456139475107193,0.4896969199180603,0.9959091
patient61750/study1/view1_frontal.jpg,1,0.37049585580825806,0.29810237884521484,1.0,0.37049585580825806,0.4000000059604645,0.4509776830673218,0.2858507037162781,0.014176825061440468,-0.5202781558036804,0.731293261051178,0.2651650011539459,0.997769
patient62040/study1/view1_frontal.jpg,1,0.29432398080825806,0.2772855758666992,1.0,0.29432398080825806,0.20000000298023224,0.4530390501022339,0.2877621650695801,0.011001725681126118,-0.5374433994293213,0.45141926407814026,0.34899795055389404,0.9795068
patient62282/study1/view1_frontal.jpg,1,0.3575015962123871,0.03556036204099655,1.0,0.3575015962123871,0.4000000059604645,0.4266014099121094,0.28683409094810486,0.015776537358760834,-0.5002744793891907,0.4807172417640686,0.22173281013965607,0.99132675
patient62845/study1/view1_frontal.jpg,1,0.3943319618701935,0.7143083810806274,1.0,0.3943319618701935,1.0,0.43367883563041687,0.2991061806678772,0.017916124314069748,-0.4699964225292206,0.5966082215309143,0.14290279150009155,0.99850804
patient62981/study1/view1_frontal.jpg,1,0.3513033986091614,0.07176264375448227,1.0,0.3513033986091614,0.800000011920929,0.4333076477050781,0.29613426327705383,0.018621182069182396,-0.4660187065601349,0.10708333551883698,0.5034298896789551,0.96928954
patient63045/study1/view1_frontal.jpg,1,0.33073580265045166,0.7719070911407471,1.0,0.33073580265045166,0.6000000238418579,0.44285497069358826,0.30060046911239624,0.01398928090929985,-0.5004373788833618,0.5838667154312134,0.19954437017440796,0.9953086
patient63077/study1/view1_frontal.jpg,1,0.3656528890132904,0.05335871875286102,1.0,0.3656528890132904,0.4000000059604645,0.46115952730178833,0.30766114592552185,0.016195835545659065,-0.4831721782684326,0.26129576563835144,0.29457905888557434,0.9768505
