field_ok,medsam_ok,frac,ncomp,q_field_ok,q_b,q_c,cam_inside,choice,picked,margin,g_prior,g_cand,prob_photo,prob_clean,cand_mean,key,cardi_label,err
1.0,1.0,0.4579480229591837,5.0,1.0,0.4711191654205322,0.29050031304359436,0.5495263338088989,1.0,1.0,0.3952789902687073,0.5433159470558167,0.30864712595939636,0.012387306429445744,0.013745435513556004,0.1667092740535736,patient00205/study1/view1_frontal.jpg,,
1.0,1.0,0.3052455357142857,1.0,1.0,0.48656174540519714,0.27095499634742737,0.519382119178772,2.0,2.0,0.3901369571685791,0.1152469739317894,0.6338652968406677,0.32561495900154114,0.4195176064968109,0.14898531138896942,patient00293/study1/view1_frontal.jpg,,
1.0,1.0,0.29043765943877553,1.0,1.0,0.3793032765388489,0.2641812264919281,0.05903402715921402,2.0,2.0,0.7480828762054443,0.04148449748754501,0.8591445088386536,0.05717044696211815,0.028235092759132385,0.18206915259361267,patient00549/study1/view1_frontal.jpg,,
1.0,1.0,0.32059151785714285,2.0,1.0,0.42040175199508667,0.27344441413879395,0.23827242851257324,1.0,1.0,0.45804452896118164,0.6089160442352295,0.25038814544677734,0.03565641865134239,0.024015309289097786,0.22689422965049744,patient00549/study2/view1_frontal.jpg,,
1.0,1.0,0.3520607461734694,2.0,1.0,0.39079898595809937,0.26610779762268066,0.13158288598060608,2.0,2.0,0.45007598400115967,0.11157842725515366,0.6997978687286377,0.04468235373497009,0.5281040072441101,0.20242130756378174,patient00562/study1/view1_frontal.jpg,,
1.0,1.0,0.4005102040816326,2.0,1.0,0.5155364274978638,0.3054552376270294,0.6436834931373596,2.0,2.0,0.549503743648529,0.1477406769990921,0.7129178643226624,0.7957361340522766,0.5923222303390503,0.13665711879730225,patient00562/study2/view1_frontal.jpg,,
1.0,1.0,0.3284239477040816,2.0,1.0,0.483612060546875,0.28861910104751587,0.5706461071968079,2.0,2.0,0.4999769330024719,0.28423377871513367,0.6006196737289429,0.6899887919425964,0.37189728021621704,0.1708287000656128,patient00562/study3/view1_frontal.jpg,,
1.0,1.0,0.13440688775510204,3.0,1.0,0.461689293384552,0.2822882831096649,0.0058756666257977486,2.0,2.0,0.6303085088729858,0.061985913664102554,0.7719038724899292,0.19965015351772308,0.5916209816932678,0.1698574274778366,patient00715/study1/view1_frontal.jpg,,
1.0,1.0,0.21464445153061223,2.0,1.0,0.4378978908061981,0.27032506465911865,0.08530528098344803,1.0,1.0,0.3422502875328064,0.5054117441177368,0.26469355821609497,0.07438718527555466,0.07375242561101913,0.12812259793281555,patient00715/study2/view1_frontal.jpg,,
1.0,1.0,0.2617785395408163,3.0,1.0,0.40226152539253235,0.2623368799686432,0.1290074735879898,2.0,2.0,0.09466168284416199,0.2185649573802948,0.40723493695259094,0.11664940416812897,0.15170450508594513,0.17528267204761505,patient00715/study3/view1_frontal.jpg,,
1.0,1.0,0.3004623724489796,2.0,1.0,0.435232937335968,0.2773517966270447,0.19982372224330902,2.0,2.0,0.1881331205368042,0.11040423810482025,0.5614078640937805,0.06676527112722397,0.1637069582939148,0.16968122124671936,patient00715/study4/view1_frontal.jpg,,
1.0,1.0,0.21285076530612246,1.0,1.0,0.425442636013031,0.2626926004886627,0.013164668343961239,2.0,2.0,0.31948286294937134,0.21612676978111267,0.4865219295024872,0.08042259514331818,0.07306045293807983,0.15821011364459991,patient00715/study5/view1_frontal.jpg,,
1.0,1.0,0.5039261798469388,2.0,1.0,0.4679541289806366,0.29878732562065125,0.6683716177940369,2.0,2.0,0.4473745822906494,0.26744964718818665,0.5735921263694763,0.2137230783700943,0.02306845225393772,0.13044969737529755,patient00715/study6/view1_frontal.jpg,,
1.0,1.0,0.31564891581632654,2.0,1.0,0.40135473012924194,0.2654237449169159,0.0652884766459465,2.0,2.0,0.7580438852310181,0.03345789015293121,0.8622041940689087,0.0647784024477005,0.01913648657500744,0.19849181175231934,patient00715/study7/view1_frontal.jpg,,
1.0,1.0,0.27698501275510207,3.0,1.0,0.47408387064933777,0.28006771206855774,0.4249034821987152,1.0,1.0,0.4034833014011383,0.5111321210861206,0.36050841212272644,0.6498783826828003,0.07670041918754578,0.13906623423099518,patient00760/study1/view1_frontal.jpg,,
1.0,1.0,0.3178013392857143,5.0,1.0,0.4558809995651245,0.27205273509025574,0.28763630986213684,1.0,1.0,0.5626405477523804,0.6738805770874023,0.2148793786764145,0.10053065419197083,0.06329027563333511,0.16533508896827698,patient00760/study2/view1_frontal.jpg,,
1.0,1.0,0.15674824617346939,2.0,1.0,0.4303377866744995,0.28198274970054626,0.1283164918422699,2.0,2.0,0.39408230781555176,0.05882401764392853,0.6719187498092651,0.12191110849380493,0.3185194730758667,0.13920538127422333,patient01595/study1/view1_frontal.jpg,1.0,
1.0,1.0,0.2942442602040816,2.0,1.0,0.5039576292037964,0.29455849528312683,0.19688209891319275,1.0,1.0,0.3447619080543518,0.528827428817749,0.27584773302078247,0.10733429342508316,0.5987811088562012,0.16455253958702087,patient01595/study10/view1_frontal.jpg,1.0,
1.0,1.0,0.46894929846938777,2.0,1.0,0.48737263679504395,0.2930655777454376,0.41381481289863586,0.0,0.0,0.0,0.3409017324447632,0.31477609276771545,0.6674414277076721,0.7470635771751404,0.18645840883255005,patient01595/study11/view1_frontal.jpg,1.0,
1.0,1.0,0.28037308673469385,1.0,1.0,0.4717206358909607,0.29339465498924255,0.5424274206161499,2.0,2.0,0.513619601726532,0.20416274666786194,0.6247303485870361,0.13208994269371033,0.5902131199836731,0.09081259369850159,patient01595/study12/view1_frontal.jpg,,
1.0,1.0,0.1533203125,3.0,1.0,0.3954196870326996,0.28899046778678894,0.051142893731594086,2.0,2.0,0.21769210696220398,0.17791283130645752,0.48739561438560486,0.1699429601430893,0.28155168890953064,0.187309131026268,patient01595/study13/view1_frontal.jpg,,
1.0,1.0,0.34450733418367346,2.0,1.0,0.4597468972206116,0.3130452334880829,0.4858975112438202,2.0,2.0,0.3359605073928833,0.21360239386558533,0.5677258968353271,0.5651344060897827,0.6551266312599182,0.18067075312137604,patient01595/study14/view1_frontal.jpg,1.0,
1.0,1.0,0.5753148915816326,1.0,1.0,0.6204773783683777,0.3179824948310852,0.7294903993606567,2.0,2.0,0.5124976634979248,0.16224874556064606,0.6820514798164368,0.651832640171051,0.22868147492408752,0.21789537370204926,patient01595/study15/view1_frontal.jpg,,
1.0,1.0,0.1954719387755102,2.0,1.0,0.39040040969848633,0.26420870423316956,0.08962029963731766,2.0,2.0,0.32067418098449707,0.1212846040725708,0.6071765422821045,0.03835103288292885,0.16520598530769348,0.1313229650259018,patient01595/study16/view1_frontal.jpg,,
1.0,1.0,0.27487244897959184,1.0,1.0,0.4920673072338104,0.32529810070991516,0.5456929206848145,2.0,2.0,0.5651223659515381,0.15935595333576202,0.6840159893035889,0.5540843605995178,0.32374101877212524,0.13821908831596375,patient01595/study17/view1_frontal.jpg,,
1.0,1.0,0.4536631058673469,1.0,1.0,0.5233802795410156,0.2913435697555542,0.6135138869285583,2.0,2.0,0.33245331048965454,0.15509746968746185,0.5963699221611023,0.2671467661857605,0.31614822149276733,0.166166752576828,patient01595/study18/view1_frontal.jpg,,
1.0,1.0,0.48666693239795916,5.0,1.0,0.5159339308738708,0.30676257610321045,0.6260228753089905,2.0,2.0,0.28069064021110535,0.32267552614212036,0.4596008062362671,0.2898944616317749,0.27317869663238525,0.23743368685245514,patient01595/study19/view1_frontal.jpg,,
1.0,1.0,0.36778539540816324,2.0,1.0,0.5043119192123413,0.29305776953697205,0.29188600182533264,1.0,1.0,0.3634895384311676,0.5430228114128113,0.2565956711769104,0.09752463549375534,0.1778125911951065,0.16272173821926117,patient01595/study2/view1_frontal.jpg,1.0,
1.0,1.0,0.2600645727040816,2.0,1.0,0.40867552161216736,0.2653459906578064,0.12682050466537476,2.0,2.0,0.6891792416572571,0.031300127506256104,0.8392594456672668,0.04795115441083908,0.37935641407966614,0.2517516613006592,patient01595/study20/view1_frontal.jpg,,
1.0,1.0,0.30859375,2.0,1.0,0.48421719670295715,0.2916744351387024,0.4912562966346741,2.0,2.0,0.4319596290588379,0.24146653711795807,0.5952465534210205,0.24813386797904968,0.3205777704715729,0.18067514896392822,patient01595/study21/view1_frontal.jpg,,
1.0,1.0,0.17442602040816327,3.0,1.0,0.40040308237075806,0.28369197249412537,0.3935559093952179,2.0,2.0,0.16523954272270203,0.0849209874868393,0.5530880689620972,0.17419451475143433,0.2076805830001831,0.09573597460985184,patient01595/study22/view1_frontal.jpg,,
1.0,1.0,0.3286033163265306,2.0,1.0,0.4700389802455902,0.282802939414978,0.6135897636413574,2.0,2.0,0.5917606949806213,0.10087413340806961,0.7467561960220337,0.33348798751831055,0.6944066286087036,0.13386882841587067,patient01595/study23/view1_frontal.jpg,1.0,
1.0,1.0,0.35409359056122447,4.0,1.0,0.47731491923332214,0.29966312646865845,0.44424086809158325,1.0,1.0,0.6806573867797852,0.7209042310714722,0.19744572043418884,0.22637209296226501,0.48378604650497437,0.23018212616443634,patient01595/study24/view1_frontal.jpg,,
1.0,1.0,0.4946189413265306,2.0,1.0,0.500452995300293,0.29764410853385925,0.7065140008926392,2.0,2.0,0.3698757588863373,0.10181185603141785,0.6323652863502502,0.5047746896743774,0.3558611571788788,0.17859910428524017,patient01595/study25/view1_frontal.jpg,1.0,
1.0,1.0,0.3646962691326531,1.0,1.0,0.4692175090312958,0.28850650787353516,0.7659592628479004,2.0,2.0,0.7134386301040649,0.018089957535266876,0.8481994867324829,0.8441006541252136,0.29423198103904724,0.15935085713863373,patient01595/study3/view1_frontal.jpg,,
1.0,1.0,0.28920200892857145,1.0,1.0,0.4433746337890625,0.2963297963142395,0.418255478143692,1.0,1.0,0.39709725975990295,0.5123149156570435,0.35378357768058777,0.2581934332847595,0.5487968325614929,0.1428215205669403,patient01595/study4/view1_frontal.jpg,1.0,
1.0,1.0,0.24834582270408162,2.0,1.0,0.46897414326667786,0.30684933066368103,0.3487134873867035,2.0,2.0,0.10057643055915833,0.16856272518634796,0.459528386592865,0.42758792638778687,0.6669823527336121,0.20752370357513428,patient01595/study5/view1_frontal.jpg,,
1.0,1.0,0.31897720025510207,2.0,1.0,0.49031028151512146,0.2986798584461212,0.4983908534049988,1.0,1.0,0.36304813623428345,0.4730219841003418,0.40346425771713257,0.6874127388000488,0.9830657243728638,0.10454318672418594,patient01595/study6/view1_frontal.jpg,1.0,
1.0,1.0,0.29920679209183676,2.0,1.0,0.5310150980949402,0.2998131811618805,0.21257111430168152,1.0,1.0,0.5953249335289001,0.6902391910552979,0.16614818572998047,0.15479306876659393,0.3792325556278229,0.1755547970533371,patient01595/study7/view1_frontal.jpg,,
1.0,1.0,0.24250637755102042,1.0,1.0,0.47540539503097534,0.28670117259025574,0.2629728615283966,2.0,2.0,0.2009987235069275,0.3869457244873047,0.4139471650123596,0.27495071291923523,0.8968977928161621,0.17920918762683868,patient01595/study9/view1_frontal.jpg,1.0,
1.0,1.0,0.1139389349489796,1.0,1.0,0.3651406764984131,0.28514599800109863,0.03879984840750694,2.0,2.0,0.6902287006378174,0.04899252951145172,0.8353154063224792,0.19825080037117004,0.0405920073390007,0.22315847873687744,patient02000/study1/view1_frontal.jpg,,
1.0,1.0,0.3446468431122449,3.0,1.0,0.48875465989112854,0.28561389446258545,0.055525440722703934,2.0,2.0,0.1857607215642929,0.2661653757095337,0.4268569052219391,0.03910813853144646,0.030353646725416183,0.1652703434228897,patient02209/study1/view1_frontal.jpg,,
1.0,1.0,0.2543447066326531,7.0,1.0,0.435547798871994,0.2762933671474457,0.1302099972963333,1.0,1.0,0.3356701731681824,0.5183859467506409,0.2398761659860611,0.024216637015342712,0.06387801468372345,0.1685754358768463,patient02209/study2/view1_frontal.jpg,,
1.0,1.0,0.3526985012755102,3.0,1.0,0.42156100273132324,0.3061528503894806,0.17545251548290253,1.0,1.0,0.7663590908050537,0.8139276504516602,0.09717471152544022,0.6655714511871338,0.000905328372027725,0.257526695728302,patient02397/study1/view1_frontal.jpg,,
1.0,1.0,0.14050542091836735,1.0,1.0,0.4603128135204315,0.29153865575790405,0.08537624031305313,2.0,2.0,0.5594677925109863,0.04781482741236687,0.771510899066925,0.23002807796001434,0.0019108138512820005,0.15479037165641785,patient02397/study10/view1_frontal.jpg,,
1.0,1.0,0.32021285076530615,3.0,1.0,0.4303320348262787,0.29732996225357056,0.1328420490026474,1.0,1.0,0.6589859127998352,0.7535996437072754,0.16481076180934906,0.47329849004745483,0.013230815529823303,0.22235137224197388,patient02397/study11/view1_frontal.jpg,,
1.0,1.0,0.22686144770408162,2.0,1.0,0.38301071524620056,0.2767206132411957,0.08946496993303299,2.0,2.0,0.4436764717102051,0.08175183087587357,0.69070965051651,0.26244497299194336,0.011933093890547752,0.1750326007604599,patient02397/study2/view1_frontal.jpg,,
1.0,1.0,0.12470105229591837,1.0,1.0,0.46401190757751465,0.29688772559165955,0.030877411365509033,2.0,2.0,0.8503313064575195,0.012756855227053165,0.9227207899093628,0.32008597254753113,0.03673456609249115,0.18933887779712677,patient02397/study3/view1_frontal.jpg,,
1.0,1.0,0.12693319515306123,1.0,1.0,0.4455481469631195,0.30681151151657104,0.010812544263899326,1.0,1.0,0.3079679608345032,0.4266270101070404,0.4183710217475891,0.25402817130088806,0.0027506796177476645,0.2026693969964981,patient02397/study4/view1_frontal.jpg,,
1.0,1.0,0.21279097576530612,1.0,1.0,0.4460757076740265,0.3053229749202728,0.06864878535270691,1.0,1.0,0.637503981590271,0.7222653031349182,0.19189730286598206,0.10362911969423294,0.08015622198581696,0.21186108887195587,patient02397/study5/view1_frontal.jpg,,
1.0,1.0,0.12765066964285715,1.0,1.0,0.46914905309677124,0.29872459173202515,0.01929790899157524,2.0,2.0,0.2581595480442047,0.21538159251213074,0.42937779426574707,0.16284269094467163,0.04381554573774338,0.1840563267469406,patient02397/study6/view1_frontal.jpg,,
1.0,1.0,0.40921954719387754,1.0,1.0,0.42245009541511536,0.2780018150806427,0.25506022572517395,2.0,2.0,0.09191232919692993,0.3096449077129364,0.4056463837623596,0.1375463306903839,0.02508223056793213,0.22530579566955566,patient02397/study7/view1_frontal.jpg,,
1.0,1.0,0.31269929846938777,1.0,1.0,0.4489240050315857,0.2840508222579956,0.0673433318734169,2.0,2.0,0.30033785104751587,0.22371481359004974,0.5569095015525818,0.03865903988480568,0.00396692706272006,0.12558983266353607,patient02397/study8/view1_frontal.jpg,,
1.0,1.0,0.3336854272959184,1.0,1.0,0.44501906633377075,0.31229308247566223,0.21859800815582275,1.0,1.0,0.5584136843681335,0.6595681309700012,0.17745910584926605,0.33099308609962463,0.04017791897058487,0.23320116102695465,patient02397/study9/view1_frontal.jpg,,
1.0,1.0,0.09020248724489796,1.0,1.0,0.4101848900318146,0.30499398708343506,0.0044780573807656765,2.0,2.0,0.49406683444976807,0.16764073073863983,0.6340103149414062,0.16948024928569794,0.02026732824742794,0.19074293971061707,patient02413/study1/view1_frontal.jpg,,
1.0,1.0,0.11519451530612244,2.0,1.0,0.4327351450920105,0.30968114733695984,0.0034642925020307302,2.0,2.0,0.7773752808570862,0.027384182438254356,0.8788942694664001,0.09762568026781082,0.26149415969848633,0.18730978667736053,patient02649/study1/view1_frontal.jpg,,
1.0,1.0,0.14213966836734693,1.0,1.0,0.4382386803627014,0.305886447429657,0.23637355864048004,2.0,2.0,0.33067256212234497,0.37926971912384033,0.48375311493873596,0.19629444181919098,0.993611752986908,0.17094501852989197,patient03005/study1/view1_frontal.jpg,1.0,
1.0,1.0,0.22199856505102042,1.0,1.0,0.4598155915737152,0.3061065971851349,0.21842266619205475,2.0,2.0,0.24452799558639526,0.2083839774131775,0.4748804271221161,0.3185546398162842,0.7797920107841492,0.23094302415847778,patient03005/study2/view1_frontal.jpg,1.0,
1.0,1.0,0.2089245854591837,2.0,1.0,0.4175218939781189,0.29458633065223694,0.04380001500248909,2.0,2.0,0.5302377343177795,0.12116706371307373,0.7346025705337524,0.06277972459793091,0.9893219470977783,0.2502184212207794,patient03005/study3/view1_frontal.jpg,1.0,
1.0,1.0,0.22722018494897958,1.0,1.0,0.4652272164821625,0.3066306412220001,0.33124980330467224,2.0,2.0,0.3845219612121582,0.2065313458442688,0.6028499007225037,0.41582515835762024,0.963567316532135,0.18214939534664154,patient03005/study4/view1_frontal.jpg,1.0,
1.0,1.0,0.2563376913265306,1.0,1.0,0.4672061502933502,0.3024912178516388,0.3801616430282593,2.0,2.0,0.36521661281585693,0.19083261489868164,0.5806245803833008,0.7705307602882385,0.9977287650108337,0.18841934204101562,patient03005/study5/view1_frontal.jpg,1.0,
1.0,1.0,0.5085299744897959,4.0,1.0,0.5145702362060547,0.2940501272678375,0.3347582221031189,1.0,1.0,0.8623517751693726,0.9026750326156616,0.056543126702308655,0.06539292633533478,0.008799299597740173,0.16838912665843964,patient03388/study1/view1_frontal.jpg,,
1.0,1.0,0.48945711096938777,4.0,1.0,0.4768470823764801,0.28615105152130127,0.4891635477542877,1.0,1.0,0.09345114231109619,0.3692251145839691,0.348999559879303,0.2235880345106125,0.04129871726036072,0.1459912210702896,patient03388/study2/view1_frontal.jpg,,
1.0,1.0,0.23840082908163265,1.0,1.0,0.45512834191322327,0.3033495247364044,0.01512722298502922,2.0,2.0,0.8701301217079163,0.013663248158991337,0.9283798336982727,0.11191235482692719,0.025267504155635834,0.193973109126091,patient03388/study3/view1_frontal.jpg,,
1.0,1.0,0.45055404974489793,2.0,1.0,0.4307487905025482,0.29756876826286316,0.24733474850654602,1.0,1.0,0.8828696608543396,0.9082883596420288,0.056436773389577866,0.1836075633764267,0.01854400895535946,0.20477700233459473,patient03833/study1/view1_frontal.jpg,0.0,
1.0,1.0,0.4688097895408163,1.0,1.0,0.4900967478752136,0.2926870584487915,0.43908095359802246,1.0,1.0,0.8187364339828491,0.8412513732910156,0.11262194067239761,0.10270899534225464,0.11833414435386658,0.16915938258171082,patient03875/study1/view1_frontal.jpg,,
1.0,1.0,0.38169642857142855,1.0,1.0,0.40910857915878296,0.2935716509819031,0.3039718270301819,1.0,1.0,0.5506051778793335,0.6595435738563538,0.1840631663799286,0.05243844911456108,0.008885728195309639,0.16002345085144043,patient04163/study1/view1_frontal.jpg,0.0,
1.0,1.0,0.36631058673469385,4.0,1.0,0.4328173100948334,0.27704089879989624,0.2942954897880554,1.0,1.0,0.844842791557312,0.8823537826538086,0.07260461896657944,0.2557092308998108,0.04377256706357002,0.20279422402381897,patient04819/study1/view1_frontal.jpg,,
1.0,1.0,0.4451530612244898,1.0,1.0,0.41238489747047424,0.305015504360199,0.36376047134399414,1.0,1.0,0.1945522427558899,0.41812217235565186,0.3269754648208618,0.27022188901901245,0.20452308654785156,0.3004096746444702,patient04819/study2/view1_frontal.jpg,0.0,
1.0,1.0,0.14931441326530612,2.0,1.0,0.46411681175231934,0.29268530011177063,0.02269631251692772,2.0,2.0,0.3316412568092346,0.18745647370815277,0.5153742432594299,0.2508944571018219,0.7827046513557434,0.17626456916332245,patient04899/study1/view1_frontal.jpg,,
1.0,1.0,0.4800302933673469,2.0,1.0,0.3941032290458679,0.3247326612472534,0.3404485285282135,1.0,1.0,0.7278258204460144,0.7932937741279602,0.15757155418395996,0.6550187468528748,0.04613221436738968,0.2699543237686157,patient04899/study10/view1_frontal.jpg,,
1.0,1.0,0.20982142857142858,2.0,1.0,0.36488214135169983,0.30698978900909424,0.03170688450336456,1.0,1.0,0.8183911442756653,0.8534573912620544,0.08413880318403244,0.31585174798965454,0.24731101095676422,0.20417198538780212,patient04899/study11/view1_frontal.jpg,1.0,
1.0,1.0,0.420101243622449,1.0,1.0,0.42062774300575256,0.31712132692337036,0.3699762523174286,1.0,1.0,0.7825086116790771,0.8168135285377502,0.12207311391830444,0.2706989049911499,0.11895190179347992,0.24414438009262085,patient04899/study2/view1_frontal.jpg,,
1.0,1.0,0.2024872448979592,2.0,1.0,0.435550719499588,0.3043056130409241,0.24783627688884735,2.0,2.0,0.20781844854354858,0.20746533572673798,0.45824214816093445,0.07766047865152359,0.15812750160694122,0.16387367248535156,patient04899/study3/view1_frontal.jpg,,
1.0,1.0,0.1951530612244898,2.0,1.0,0.46808093786239624,0.3082725703716278,0.17529788613319397,2.0,2.0,0.19771379232406616,0.3539915084838867,0.4030376374721527,0.15350253880023956,0.7022756338119507,0.21064607799053192,patient04899/study4/view1_frontal.jpg,,
1.0,1.0,0.2266222895408163,3.0,1.0,0.49457457661628723,0.3122083842754364,0.004259390290826559,2.0,2.0,0.44318491220474243,0.16609467566013336,0.6259371042251587,0.10772614926099777,0.0881391167640686,0.19937561452388763,patient04899/study5/view1_frontal.jpg,,
1.0,1.0,0.15583147321428573,2.0,1.0,0.4202919900417328,0.26653027534484863,0.26050564646720886,1.0,1.0,0.2647097408771515,0.4008260667324066,0.32434380054473877,0.09081024676561356,0.5163851380348206,0.1138165220618248,patient04899/study6/view1_frontal.jpg,,
1.0,1.0,0.31748246173469385,4.0,1.0,0.39513152837753296,0.30973008275032043,0.32259613275527954,1.0,1.0,0.549720048904419,0.653693437576294,0.26480087637901306,0.19410920143127441,0.41273173689842224,0.25783905386924744,patient04899/study7/view1_frontal.jpg,,
1.0,1.0,0.12942442602040816,2.0,1.0,0.4779939353466034,0.2866276502609253,0.20192328095436096,1.0,1.0,0.4780023694038391,0.5880618095397949,0.28550630807876587,0.3125379979610443,0.10744958370923996,0.13405543565750122,patient04899/study8/view1_frontal.jpg,,
1.0,1.0,0.21155532525510204,1.0,1.0,0.45513543486595154,0.29575926065444946,0.23331542313098907,2.0,2.0,0.1872761845588684,0.2848506271839142,0.42581430077552795,0.2935565710067749,0.1950675994157791,0.1722279042005539,patient04899/study9/view1_frontal.jpg,,
1.0,1.0,0.19810267857142858,3.0,1.0,0.46866536140441895,0.30495768785476685,0.3429921567440033,2.0,2.0,0.3237307667732239,0.2192215621471405,0.5142557621002197,0.3202535808086395,0.24598422646522522,0.1591518521308899,patient05062/study1/view1_frontal.jpg,0.0,
1.0,1.0,0.4955556441326531,1.0,1.0,0.5681348443031311,0.28990301489830017,0.6108711957931519,2.0,2.0,0.41726598143577576,0.2614537477493286,0.5917425751686096,0.08288989961147308,0.0912005752325058,0.2050531804561615,patient05062/study2/view1_frontal.jpg,0.0,
1.0,1.0,0.30026307397959184,3.0,1.0,0.49147897958755493,0.2906096279621124,0.38636112213134766,2.0,2.0,0.16442346572875977,0.282177209854126,0.43438631296157837,0.13531115651130676,0.5105201005935669,0.22081367671489716,patient05062/study3/view1_frontal.jpg,,
1.0,1.0,0.33458227040816324,4.0,1.0,0.5030979514122009,0.2931118905544281,0.36482590436935425,2.0,2.0,0.054932236671447754,0.34008410573005676,0.3606939911842346,0.3625028431415558,0.2334771752357483,0.25401943922042847,patient05062/study3/view2_frontal.jpg,,
1.0,1.0,0.23567044005102042,1.0,1.0,0.42671507596969604,0.3315785825252533,0.14439429342746735,1.0,1.0,0.6270080804824829,0.7168601155281067,0.1544114351272583,0.31594598293304443,0.1950675994157791,0.24511396884918213,patient05508/study1/view1_frontal.jpg,,
1.0,1.0,0.5239955357142857,2.0,1.0,0.5566971302032471,0.2905483841896057,0.6874013543128967,2.0,2.0,0.4369538426399231,0.163002148270607,0.6349395513534546,0.7270388603210449,0.04096224531531334,0.17834557592868805,patient05508/study10/view1_frontal.jpg,,
1.0,1.0,0.19126674107142858,1.0,1.0,0.3995310664176941,0.32278093695640564,0.06102106347680092,2.0,2.0,0.24223415553569794,0.38953688740730286,0.3995693624019623,0.36792731285095215,0.42430058121681213,0.22164136171340942,patient05508/study11/view1_frontal.jpg,,
1.0,1.0,0.3849250637755102,1.0,1.0,0.5497187972068787,0.2914896309375763,0.6098617315292358,2.0,2.0,0.34567320346832275,0.10957328230142593,0.6119257211685181,0.1671772003173828,0.29738616943359375,0.17283889651298523,patient05508/study12/view1_frontal.jpg,,
1.0,1.0,0.32607222576530615,3.0,1.0,0.42525240778923035,0.3236308991909027,0.20724523067474365,1.0,1.0,0.16111603379249573,0.41067495942115784,0.31459203362464905,0.2542889714241028,0.048248857259750366,0.27175280451774597,patient05508/study13/view1_frontal.jpg,,
1.0,1.0,0.4501953125,2.0,1.0,0.544624924659729,0.2981517016887665,0.7176240682601929,2.0,2.0,0.6455174684524536,0.11936265230178833,0.7745414972305298,0.6640065908432007,0.23364293575286865,0.20689672231674194,patient05508/study14/view1_frontal.jpg,,
1.0,1.0,0.3295998086734694,1.0,1.0,0.4194051921367645,0.31813737750053406,0.2394912838935852,1.0,1.0,0.20970776677131653,0.41921669244766235,0.3199002742767334,0.3923819363117218,0.0727183148264885,0.25817540287971497,patient05508/study15/view1_frontal.jpg,,
1.0,1.0,0.38602120535714285,4.0,1.0,0.5500520467758179,0.2934871017932892,0.30677443742752075,1.0,1.0,0.3893241882324219,0.5645391941070557,0.24011428654193878,0.08188352733850479,0.0713496059179306,0.15662012994289398,patient05508/study16/view1_frontal.jpg,,
1.0,1.0,0.5381855867346939,2.0,1.0,0.5548194050788879,0.287448525428772,0.4721764326095581,1.0,1.0,0.761182963848114,0.8123148679733276,0.12424582242965698,0.16815084218978882,0.06068085879087448,0.19248448312282562,patient05508/study2/view1_frontal.jpg,,
1.0,1.0,0.45372289540816324,5.0,1.0,0.5296071767807007,0.3075482249259949,0.32950863242149353,1.0,1.0,0.9266099333763123,0.9320545196533203,0.04510064423084259,0.1521669179201126,0.05761229246854782,0.24405986070632935,patient05508/study3/view1_frontal.jpg,,
1.0,1.0,0.36728714923469385,3.0,1.0,0.5266962051391602,0.3097490668296814,0.29357901215553284,1.0,1.0,0.8331571221351624,0.8616547584533691,0.09265732765197754,0.07704668492078781,0.036977849900722504,0.17602819204330444,patient05508/study4/view1_frontal.jpg,,
1.0,1.0,0.5160833864795918,1.0,1.0,0.5143882036209106,0.29664382338523865,0.6626665592193604,2.0,2.0,0.49896207451820374,0.33599793910980225,0.602522611618042,0.1903257668018341,0.08584325015544891,0.1877782642841339,patient05508/study5/view1_frontal.jpg,,
1.0,1.0,0.5230389030612245,4.0,1.0,0.5578827857971191,0.3020291030406952,0.5927461981773376,1.0,1.0,0.6776174902915955,0.736078143119812,0.19010771811008453,0.04423576965928078,0.033753182739019394,0.18622373044490814,patient05508/study6/view1_frontal.jpg,,
1.0,1.0,0.34964923469387754,2.0,1.0,0.4729176461696625,0.3125685751438141,0.2786353826522827,1.0,1.0,0.8362996578216553,0.8671743273735046,0.08679752051830292,0.31561559438705444,0.06327763199806213,0.2371058613061905,patient05508/study7/view1_frontal.jpg,,
1.0,1.0,0.2563376913265306,2.0,1.0,0.43487802147865295,0.31370148062705994,0.11866851150989532,1.0,1.0,0.9081268906593323,0.9280418157577515,0.047401998192071915,0.2795870900154114,0.2135353833436966,0.22103054821491241,patient05508/study8/view1_frontal.jpg,,
1.0,1.0,0.23479352678571427,3.0,1.0,0.38650834560394287,0.31655946373939514,0.2194233387708664,2.0,2.0,0.07549583911895752,0.2515738904476166,0.3990204334259033,0.42698338627815247,0.14756767451763153,0.24169233441352844,patient05508/study9/view1_frontal.jpg,,
1.0,1.0,0.28322305484693877,1.0,1.0,0.4382559359073639,0.31662291288375854,0.1689935326576233,2.0,2.0,0.2133919894695282,0.24136389791965485,0.4845341444015503,0.6803535223007202,0.15290167927742004,0.2885381877422333,patient05724/study1/view1_frontal.jpg,,
1.0,1.0,0.32906170280612246,5.0,1.0,0.4244115650653839,0.3144257068634033,0.34042754769325256,1.0,1.0,0.3873097896575928,0.5413386821746826,0.3082146942615509,0.8558879494667053,0.158609539270401,0.2197950780391693,patient05724/study2/view1_frontal.jpg,,
1.0,1.0,0.35801977040816324,1.0,1.0,0.43916457891464233,0.3113647699356079,0.18296585977077484,1.0,1.0,0.1948762983083725,0.42789027094841003,0.3610253632068634,0.3566060960292816,0.08144045621156693,0.23109933733940125,patient05727/study1/view1_frontal.jpg,,
1.0,1.0,0.3263313137755102,2.0,1.0,0.4691810607910156,0.3212839365005493,0.2067139744758606,1.0,1.0,0.3487232029438019,0.5360608696937561,0.27925238013267517,0.27107805013656616,0.036571331322193146,0.18190649151802063,patient06049/study1/view1_frontal.jpg,,
1.0,1.0,0.25809151785714285,1.0,1.0,0.47868165373802185,0.31732213497161865,0.056611813604831696,2.0,2.0,0.29868873953819275,0.20273824036121368,0.550048828125,0.33662110567092896,0.5071531534194946,0.18011054396629333,patient06049/study2/view1_frontal.jpg,,
1.0,1.0,0.4963926977040816,1.0,1.0,0.4790830910205841,0.3198893070220947,0.6641263961791992,2.0,2.0,0.5799480080604553,0.15024223923683167,0.7148528695106506,0.8008077144622803,0.7493047714233398,0.20232529938220978,patient06367/study1/view1_frontal.jpg,,
1.0,1.0,0.3182995854591837,3.0,1.0,0.44730478525161743,0.24381116032600403,0.7099478840827942,2.0,2.0,0.5424389243125916,0.04557691514492035,0.7494144439697266,0.9941123127937317,0.968882143497467,0.16592873632907867,patient06367/study2/view1_frontal.jpg,1.0,
1.0,1.0,0.39271763392857145,3.0,1.0,0.4628218114376068,0.2504422068595886,0.5167752504348755,0.0,0.0,0.0,0.12225552648305893,0.4191221296787262,0.47933900356292725,0.08652471750974655,0.1291539967060089,patient06715/study1/view1_frontal.jpg,,
1.0,1.0,0.18341438137755103,1.0,1.0,0.3707355558872223,0.25464820861816406,0.04013291373848915,1.0,1.0,0.44896388053894043,0.5778748393058777,0.21586216986179352,0.060289062559604645,0.0006200179923325777,0.11929302662611008,patient06771/study1/view1_frontal.jpg,,
1.0,1.0,0.3807397959183674,2.0,1.0,0.3612935543060303,0.2557816505432129,0.21238699555397034,1.0,1.0,0.5853058099746704,0.7157018780708313,0.15773266553878784,0.035021744668483734,0.0008676789584569633,0.14509792625904083,patient06771/study1/view2_frontal.jpg,,
1.0,1.0,0.29844945790816324,5.0,1.0,0.3803350627422333,0.24860583245754242,0.3402028977870941,1.0,1.0,0.16035008430480957,0.4225291907787323,0.35246995091438293,0.31399720907211304,0.3823835253715515,0.19014181196689606,patient06873/study1/view1_frontal.jpg,,
1.0,1.0,0.36776546556122447,6.0,1.0,0.4889255166053772,0.22077888250350952,0.5200546383857727,1.0,1.0,0.22978085279464722,0.4092937111854553,0.3949017822742462,0.38242968916893005,0.46293842792510986,0.12399459630250931,patient06873/study2/view1_frontal.jpg,,
1.0,1.0,0.3032126913265306,3.0,1.0,0.49108925461769104,0.20331306755542755,0.31594738364219666,1.0,1.0,0.26053231954574585,0.4875876307487488,0.27991819381713867,0.252187579870224,0.31691592931747437,0.1572885364294052,patient06873/study3/view1_frontal.jpg,,
1.0,1.0,0.2661830357142857,4.0,1.0,0.39827752113342285,0.26142892241477966,0.25640055537223816,1.0,1.0,0.2800770103931427,0.4968372583389282,0.2864024341106415,0.19603285193443298,0.47251012921333313,0.18475551903247833,patient06873/study4/view1_frontal.jpg,,
1.0,1.0,0.3913624043367347,3.0,1.0,0.44613736867904663,0.2127372771501541,0.4782011806964874,1.0,1.0,0.7328583598136902,0.7746252417564392,0.15844900906085968,0.28472843766212463,0.8781075477600098,0.14012745022773743,patient06873/study5/view1_frontal.jpg,1.0,
1.0,1.0,0.46057876275510207,5.0,1.0,0.3840198218822479,0.22556838393211365,0.1972445547580719,2.0,2.0,0.009909600019454956,0.292702317237854,0.33760690689086914,0.10819755494594574,0.015597726218402386,0.15769709646701813,patient06891/study1/view1_frontal.jpg,,
1.0,1.0,0.3670679209183674,2.0,1.0,0.40800249576568604,0.267406165599823,0.08876142650842667,1.0,1.0,0.9130429029464722,0.9326087832450867,0.04454547166824341,0.02927502617239952,0.015759779140353203,0.16787147521972656,patient07065/study1/view1_frontal.jpg,,
1.0,1.0,0.5439453125,3.0,1.0,0.46654778718948364,0.23951496183872223,0.5896831154823303,1.0,1.0,0.6871532201766968,0.7398195862770081,0.1928723305463791,0.02553056739270687,0.022225646302103996,0.12885412573814392,patient07192/study1/view1_frontal.jpg,0.0,
1.0,1.0,0.4047751913265306,1.0,1.0,0.44356676936149597,0.2395627349615097,0.6783331036567688,2.0,2.0,0.47738462686538696,0.0632883831858635,0.7070481181144714,0.4599246680736542,0.041709013283252716,0.13238482177257538,patient08174/study1/view1_frontal.jpg,1.0,
1.0,1.0,0.5177774234693877,3.0,1.0,0.5255663990974426,0.29719147086143494,0.4622224271297455,1.0,1.0,0.2545751631259918,0.5005491375923157,0.2521933913230896,0.25314077734947205,0.5637649893760681,0.2078082263469696,patient08174/study2/view1_frontal.jpg,,
1.0,1.0,0.38217474489795916,1.0,1.0,0.4706878960132599,0.305339515209198,0.3864726722240448,1.0,1.0,0.5320625901222229,0.6439934372901917,0.24149827659130096,0.07035118341445923,0.11975961178541183,0.19170457124710083,patient08174/study3/view1_frontal.jpg,,
1.0,1.0,0.2770248724489796,1.0,1.0,0.48505353927612305,0.29671385884284973,0.42982789874076843,2.0,2.0,0.36386361718177795,0.1650579869747162,0.5841304659843445,0.6463903188705444,0.7246623635292053,0.18625392019748688,patient08174/study4/view1_frontal.jpg,1.0,
1.0,1.0,0.29880819515306123,2.0,1.0,0.46746423840522766,0.3089573383331299,0.22741907835006714,1.0,1.0,0.17791347205638885,0.4017197787761688,0.3662436008453369,0.18998835980892181,0.3915242552757263,0.19142816960811615,patient08174/study5/view1_frontal.jpg,1.0,
1.0,1.0,0.38125797193877553,4.0,1.0,0.4698968529701233,0.3045623302459717,0.4836573600769043,1.0,1.0,0.32513585686683655,0.45271340012550354,0.41970905661582947,0.05363159999251366,0.13368965685367584,0.1544700413942337,patient08829/study1/view1_frontal.jpg,,
1.0,1.0,0.3390266262755102,1.0,1.0,0.4902588725090027,0.2915683388710022,0.5284788608551025,2.0,2.0,0.46456414461135864,0.23135189712047577,0.6166061162948608,0.5214297771453857,0.5755295753479004,0.16853289306163788,patient08829/study2/view1_frontal.jpg,,
1.0,1.0,0.36820392219387754,3.0,1.0,0.4950392544269562,0.29928988218307495,0.6470121145248413,2.0,2.0,0.4730818271636963,0.08076713234186172,0.6961573362350464,0.8667963743209839,0.49864500761032104,0.18506178259849548,patient08952/study1/view1_frontal.jpg,,
1.0,1.0,0.36075015943877553,3.0,1.0,0.4580003321170807,0.2746410071849823,0.5253825783729553,2.0,2.0,0.331037312746048,0.36173015832901,0.46978995203971863,0.11939625442028046,0.7503929138183594,0.16503790020942688,patient08952/study2/view1_frontal.jpg,,
1.0,1.0,0.3627431441326531,4.0,1.0,0.45318859815597534,0.30397188663482666,0.569254457950592,2.0,2.0,0.46396297216415405,0.26600149273872375,0.5913550853729248,0.18608510494232178,0.7706348299980164,0.23295867443084717,patient08952/study3/view1_frontal.jpg,1.0,
1.0,1.0,0.4270766900510204,4.0,1.0,0.55971360206604,0.2912672460079193,0.6517975926399231,2.0,2.0,0.4129459857940674,0.16962598264217377,0.6294441819190979,0.7830912470817566,0.549871027469635,0.19778648018836975,patient08952/study4/view1_frontal.jpg,1.0,
1.0,1.0,0.5441047512755102,4.0,1.0,0.5483490824699402,0.29482871294021606,0.6347529292106628,1.0,1.0,0.4968031048774719,0.6038601994514465,0.2841396927833557,0.8283403515815735,0.7857241630554199,0.2584768831729889,patient08952/study5/view1_frontal.jpg,,
1.0,1.0,0.4157565369897959,3.0,1.0,0.4906376898288727,0.2886016368865967,0.4510647654533386,2.0,2.0,0.04294312000274658,0.2546845078468323,0.3880321681499481,0.4256279468536377,0.04379202425479889,0.17827928066253662,patient08952/study6/view1_frontal.jpg,,
1.0,1.0,0.5336814413265306,1.0,1.0,0.5291326642036438,0.28730493783950806,0.7100781202316284,2.0,2.0,0.579996645450592,0.14487877488136292,0.7270839810371399,0.8486469984054565,0.3292478024959564,0.20437271893024445,patient08952/study7/view1_frontal.jpg,,
1.0,1.0,0.5912587691326531,1.0,1.0,0.5086337924003601,0.29682594537734985,0.7644184231758118,2.0,2.0,0.6542930603027344,0.15119268000125885,0.7479237914085388,0.12400476634502411,0.002274885540828109,0.18531587719917297,patient09146/study1/view1_frontal.jpg,,
1.0,1.0,0.5487484056122449,4.0,1.0,0.5077664256095886,0.3072243630886078,0.7895927429199219,2.0,2.0,0.6266335248947144,0.13729964196681976,0.738376796245575,0.7433065176010132,0.12605591118335724,0.20662528276443481,patient09385/study1/view1_frontal.jpg,,
1.0,1.0,0.40529336734693877,1.0,1.0,0.46385064721107483,0.30258265137672424,0.5107807517051697,1.0,1.0,0.4899892807006836,0.5570204854011536,0.33685699105262756,0.06533541530370712,0.08557629585266113,0.16326391696929932,patient09842/study1/view1_frontal.jpg,,
1.0,1.0,0.42737563775510207,2.0,1.0,0.48196813464164734,0.31019145250320435,0.5082495808601379,2.0,2.0,0.08754336833953857,0.22072754800319672,0.4323449730873108,0.39338418841362,0.09184577316045761,0.18221017718315125,patient09842/study2/view1_frontal.jpg,,
1.0,1.0,0.3973014987244898,2.0,1.0,0.49438613653182983,0.3078025281429291,0.28204330801963806,1.0,1.0,0.401944100856781,0.5654692649841309,0.24448977410793304,0.10217200964689255,0.0813860297203064,0.15355798602104187,patient09842/study2/view2_frontal.jpg,,
1.0,1.0,0.5276426977040817,1.0,1.0,0.4800705313682556,0.3057936728000641,0.3021015524864197,1.0,1.0,0.9118898510932922,0.9248666763305664,0.04977298155426979,0.05205368623137474,0.015093947760760784,0.17092379927635193,patient09842/study3/view1_frontal.jpg,,
1.0,1.0,0.29494180484693877,2.0,1.0,0.5038245320320129,0.3056257963180542,0.4303719103336334,1.0,1.0,0.3703150153160095,0.49663594365119934,0.3622204065322876,0.16105268895626068,0.05073722451925278,0.12050323188304901,patient10001/study1/view1_frontal.jpg,,
1.0,1.0,0.26088169642857145,3.0,1.0,0.4869968295097351,0.3165748417377472,0.14927643537521362,1.0,1.0,0.6865845918655396,0.7514758706092834,0.1456044763326645,0.04042329639196396,0.04572976753115654,0.18397077918052673,patient10001/study10/view1_frontal.jpg,,
1.0,1.0,0.4405891262755102,2.0,1.0,0.49194225668907166,0.3098604083061218,0.34500518441200256,1.0,1.0,0.8404466509819031,0.8567805290222168,0.09870734065771103,0.027488907799124718,0.0063500795513391495,0.17059610784053802,patient10001/study11/view1_frontal.jpg,,
1.0,1.0,0.362484056122449,2.0,1.0,0.4940272271633148,0.30969762802124023,0.27779048681259155,1.0,1.0,0.7253066301345825,0.7944301962852478,0.1263434737920761,0.047080133110284805,0.009518644772469997,0.14466600120067596,patient10001/study12/view1_frontal.jpg,,
1.0,1.0,0.24665178571428573,1.0,1.0,0.48265621066093445,0.3141986131668091,0.46591418981552124,2.0,2.0,0.4424407482147217,0.318371057510376,0.5510776042938232,0.14753082394599915,0.06797408312559128,0.1518910825252533,patient10001/study13/view1_frontal.jpg,,
1.0,1.0,0.27283960459183676,1.0,1.0,0.5069923400878906,0.31127235293388367,0.1125432476401329,1.0,1.0,0.4083934426307678,0.5600629448890686,0.2882675230503082,0.037156037986278534,0.17681853473186493,0.1798090636730194,patient10001/study2/view1_frontal.jpg,,
1.0,1.0,0.22504783163265307,2.0,1.0,0.4567070007324219,0.3075990080833435,0.17767241597175598,1.0,1.0,0.39430633187294006,0.5617027282714844,0.27654436230659485,0.2496025115251541,0.09625082463026047,0.14087136089801788,patient10001/study3/view1_frontal.jpg,,
1.0,1.0,0.45553651147959184,8.0,1.0,0.4994429051876068,0.2910250127315521,0.5108570456504822,1.0,1.0,0.4412316679954529,0.5817378759384155,0.27479788661003113,0.054560430347919464,0.14494535326957703,0.16600893437862396,patient10001/study4/view1_frontal.jpg,,
1.0,1.0,0.44949776785714285,3.0,1.0,0.4991016089916229,0.29923906922340393,0.19490651786327362,1.0,1.0,0.9389259815216064,0.9477623701095581,0.03359925001859665,0.062374863773584366,0.017502663657069206,0.20588606595993042,patient10001/study5/view1_frontal.jpg,,
1.0,1.0,0.43614477040816324,7.0,1.0,0.49800989031791687,0.30581003427505493,0.7784608602523804,2.0,2.0,0.7124524712562561,0.07004695385694504,0.8168445229530334,0.056116215884685516,0.030683130025863647,0.15832392871379852,patient10001/study5/view2_frontal.jpg,,
1.0,1.0,0.24457908163265307,1.0,1.0,0.47623419761657715,0.30956903100013733,0.0067668817937374115,2.0,2.0,0.4507424831390381,0.1657702773809433,0.6547570824623108,0.02922026626765728,0.01146151963621378,0.1534689962863922,patient10001/study6/view1_frontal.jpg,,
1.0,1.0,0.42117745535714285,3.0,1.0,0.5302932858467102,0.29843685030937195,0.4399252235889435,1.0,1.0,0.7084386348724365,0.7520818114280701,0.16676481068134308,0.13491709530353546,0.005229623056948185,0.16443723440170288,patient10001/study7/view1_frontal.jpg,,
1.0,1.0,0.2623963647959184,2.0,1.0,0.4757480323314667,0.30760303139686584,0.15578918159008026,1.0,1.0,0.6465600728988647,0.728978157043457,0.15608221292495728,0.08307268470525742,0.01713677868247032,0.17416109144687653,patient10001/study8/view1_frontal.jpg,,
1.0,1.0,0.48232222576530615,1.0,1.0,0.5055503845214844,0.2800792157649994,0.584478497505188,2.0,2.0,0.08815863728523254,0.12097243964672089,0.467950701713562,0.05159173160791397,0.029758481308817863,0.1797712743282318,patient10001/study9/view1_frontal.jpg,,
1.0,1.0,0.35305723852040816,2.0,1.0,0.5371522903442383,0.308556467294693,0.6408926248550415,2.0,2.0,0.4695841670036316,0.07407518476247787,0.6942017674446106,0.6389750838279724,0.16302208602428436,0.13444462418556213,patient10340/study1/view1_frontal.jpg,1.0,
1.0,1.0,0.2692323022959184,3.0,1.0,0.4564649760723114,0.30490073561668396,0.5457122921943665,2.0,2.0,0.46110445261001587,0.0925603061914444,0.684272050857544,0.6662260890007019,0.5246816873550415,0.14098168909549713,patient10340/study2/view1_frontal.jpg,1.0,
1.0,1.0,0.2930285395408163,1.0,1.0,0.4650166630744934,0.2930452525615692,0.4541541337966919,2.0,2.0,0.36654818058013916,0.3070280849933624,0.5267637968063354,0.24818147718906403,0.9345787763595581,0.13734586536884308,patient10340/study3/view1_frontal.jpg,1.0,
1.0,1.0,0.3377710459183674,1.0,1.0,0.5036280751228333,0.31175652146339417,0.06741677969694138,2.0,2.0,0.6069399118423462,0.08642475306987762,0.781477689743042,0.07641889154911041,0.2288738340139389,0.2134549468755722,patient10340/study4/view1_frontal.jpg,1.0,
1.0,1.0,0.17735570790816327,2.0,1.0,0.45599350333213806,0.31463125348091125,0.24413733184337616,1.0,1.0,0.4589410126209259,0.5742409825325012,0.28578728437423706,0.2654585838317871,0.8913825750350952,0.1179981604218483,patient10340/study5/view1_frontal.jpg,1.0,
1.0,1.0,0.27927694515306123,2.0,1.0,0.44650012254714966,0.3111502528190613,0.3517167866230011,2.0,2.0,0.19882997870445251,0.256757915019989,0.4347032606601715,0.328721284866333,0.8667800426483154,0.12892161309719086,patient10340/study6/view1_frontal.jpg,,
1.0,1.0,0.3684829400510204,2.0,1.0,0.46265310049057007,0.3089413344860077,0.3167380690574646,1.0,1.0,0.5510342717170715,0.6684083342552185,0.1758294701576233,0.02854790911078453,0.019137553870677948,0.13359101116657257,patient10392/study1/view1_frontal.jpg,1.0,
1.0,1.0,0.3960459183673469,7.0,1.0,0.4939219355583191,0.3204245865345001,0.40654313564300537,1.0,1.0,0.15431296825408936,0.3889714479446411,0.3819234073162079,0.19456474483013153,0.12787434458732605,0.19320155680179596,patient10392/study2/view1_frontal.jpg,,
1.0,1.0,0.3644969706632653,1.0,1.0,0.48495805263519287,0.30434462428092957,0.3003745973110199,1.0,1.0,0.7605224847793579,0.8129304051399231,0.12707746028900146,0.16308142244815826,0.185784250497818,0.20570170879364014,patient10392/study2/view2_frontal.jpg,,
1.0,1.0,0.5031489158163265,1.0,1.0,0.5009640455245972,0.30081480741500854,0.8508801460266113,2.0,2.0,0.7490498423576355,0.01996687799692154,0.8645414710044861,0.7178350687026978,0.5008242726325989,0.15558895468711853,patient10537/study1/view1_frontal.jpg,,
1.0,1.0,0.28055245535714285,1.0,1.0,0.39893442392349243,0.2679706811904907,0.42854899168014526,2.0,2.0,0.24878078699111938,0.1412074714899063,0.5399993658065796,0.741500973701477,0.890823245048523,0.17844055593013763,patient10537/study10/view1_frontal.jpg,,
1.0,1.0,0.35835857780612246,2.0,1.0,0.3957211971282959,0.2570458948612213,0.4106961190700531,1.0,1.0,0.7476399540901184,0.7775906920433044,0.15770591795444489,0.1493038833141327,0.23239897191524506,0.13791966438293457,patient10537/study11/view1_frontal.jpg,,
1.0,1.0,0.35532924107142855,6.0,1.0,0.3920309543609619,0.2604709565639496,0.6536056399345398,2.0,2.0,0.3960689902305603,0.07533320039510727,0.6569877862930298,0.8532931208610535,0.9718513488769531,0.13556014001369476,patient10537/study12/view1_frontal.jpg,,
1.0,1.0,0.29446348852040816,3.0,1.0,0.37080052495002747,0.23808863759040833,0.5186640024185181,2.0,2.0,0.31193801760673523,0.11439096182584763,0.59602952003479,0.693311333656311,0.949655294418335,0.1566462367773056,patient10537/study12/view2_frontal.jpg,,
1.0,1.0,0.2772241709183674,3.0,1.0,0.3684755563735962,0.26431795954704285,0.40959689021110535,2.0,2.0,0.21232002973556519,0.1985550820827484,0.48962515592575073,0.3530438542366028,0.07858148217201233,0.11777795851230621,patient10537/study13/view1_frontal.jpg,,
1.0,1.0,0.36708785076530615,2.0,1.0,0.4359026253223419,0.27806058526039124,0.6931893825531006,2.0,2.0,0.6778340339660645,0.04824830964207649,0.8100644946098328,0.6964223384857178,0.7109600305557251,0.15563814342021942,patient10537/study14/view1_frontal.jpg,,
1.0,1.0,0.3216079400510204,2.0,1.0,0.43920695781707764,0.2820395231246948,0.6183640360832214,2.0,2.0,0.6230456233024597,0.11781225353479385,0.7204490900039673,0.09207485616207123,0.15676483511924744,0.13959619402885437,patient10537/study2/view1_frontal.jpg,,
1.0,1.0,0.3778499681122449,1.0,1.0,0.4440728724002838,0.30328765511512756,0.3203657269477844,1.0,1.0,0.8308883309364319,0.8512871861457825,0.10328403115272522,0.14120402932167053,0.12218935042619705,0.21337345242500305,patient10537/study3/view1_frontal.jpg,,
1.0,1.0,0.3317323022959184,1.0,1.0,0.4393819272518158,0.2817624807357788,0.6692644953727722,2.0,2.0,0.6804308295249939,0.041753120720386505,0.8083669543266296,0.7882930040359497,0.7120895385742188,0.1428823620080948,patient10537/study4/view1_frontal.jpg,,
1.0,1.0,0.32067123724489793,1.0,1.0,0.440988153219223,0.27670320868492126,0.7009468078613281,2.0,2.0,0.7607893347740173,0.02924085408449173,0.850739061832428,0.6361072659492493,0.8844488263130188,0.12276533991098404,patient10537/study5/view1_frontal.jpg,,
1.0,1.0,0.5659478635204082,1.0,1.0,0.5085158944129944,0.28718170523643494,0.4979504942893982,1.0,1.0,0.2728120684623718,0.4772401750087738,0.3183317184448242,0.2920040488243103,0.3948526680469513,0.16987621784210205,patient10537/study6/view1_frontal.jpg,,
1.0,1.0,0.5896444515306123,1.0,1.0,0.5137847065925598,0.29473331570625305,0.8048974275588989,2.0,2.0,0.6698235273361206,0.10502784699201584,0.785179615020752,0.16338178515434265,0.1205214112997055,0.15267683565616608,patient10537/study7/view1_frontal.jpg,,
1.0,1.0,0.2911352040816326,1.0,1.0,0.4381629526615143,0.2732373774051666,0.638498842716217,2.0,2.0,0.6162023544311523,0.04178947955369949,0.7797598838806152,0.8532080054283142,0.9431992769241333,0.15092922747135162,patient10537/study8/view1_frontal.jpg,,
1.0,1.0,0.32320232780612246,2.0,1.0,0.37511172890663147,0.24098193645477295,0.5563363432884216,2.0,2.0,0.38254088163375854,0.09275329113006592,0.6420402526855469,0.6670424938201904,0.6492562294006348,0.13437938690185547,patient10537/study9/view1_frontal.jpg,,
1.0,1.0,0.3584781568877551,1.0,1.0,0.3579465448856354,0.2598281800746918,0.13753923773765564,1.0,1.0,0.9244092106819153,0.9372304677963257,0.04127826169133186,0.009402352385222912,0.0008460227982141078,0.1341419368982315,patient10657/study1/view1_frontal.jpg,,
1.0,1.0,0.3796436543367347,1.0,1.0,0.3641219139099121,0.26184120774269104,0.12115424126386642,1.0,1.0,0.88182133436203,0.9127722382545471,0.05627680942416191,0.007772281765937805,0.0008852846221998334,0.15186120569705963,patient10657/study1/view2_frontal.jpg,,
1.0,1.0,0.35648517219387754,1.0,1.0,0.4057096242904663,0.252542108297348,0.44979721307754517,2.0,2.0,0.20961208641529083,0.29801884293556213,0.45529282093048096,0.07854322344064713,0.11340891569852829,0.13772714138031006,patient10824/study1/view1_frontal.jpg,,
1.0,1.0,0.44766422193877553,2.0,1.0,0.4081050753593445,0.2584633231163025,0.2765592932701111,1.0,1.0,0.8840420246124268,0.9056580662727356,0.05694456398487091,0.06006355956196785,0.09973541647195816,0.1789824366569519,patient10892/study1/view1_frontal.jpg,,
1.0,1.0,0.40330038265306123,4.0,1.0,0.375243216753006,0.2522840201854706,0.4266112744808197,1.0,1.0,0.1987120360136032,0.41541120409965515,0.38081496953964233,0.08042623847723007,0.25971341133117676,0.16376042366027832,patient10892/study2/view1_frontal.jpg,1.0,
1.0,1.0,0.21213329081632654,2.0,1.0,0.48094308376312256,0.28922039270401,0.08112173527479172,1.0,1.0,0.793460488319397,0.8359151482582092,0.09427519887685776,0.16516350209712982,0.012879728339612484,0.16048315167427063,patient10892/study3/view1_frontal.jpg,,
1.0,1.0,0.3036511479591837,1.0,1.0,0.470800518989563,0.29224950075149536,0.04777831584215164,1.0,1.0,0.8799580931663513,0.9070091843605042,0.05975189059972763,0.10031703859567642,0.09528348594903946,0.16852790117263794,patient10892/study4/view1_frontal.jpg,,
1.0,1.0,0.21611926020408162,3.0,1.0,0.44842296838760376,0.30567872524261475,0.23519033193588257,1.0,1.0,0.33981436491012573,0.5036965608596802,0.3098197877407074,0.09560399502515793,0.39420753717422485,0.19591113924980164,patient11285/study1/view1_frontal.jpg,1.0,
1.0,1.0,0.2613998724489796,4.0,1.0,0.4161786437034607,0.2857027053833008,0.053253158926963806,1.0,1.0,0.7751955389976501,0.8257874250411987,0.11977069079875946,0.045386090874671936,0.006640452425926924,0.15049119293689728,patient11307/study1/view1_frontal.jpg,,
1.0,1.0,0.32186702806122447,1.0,1.0,0.4653511047363281,0.2806999981403351,0.43761375546455383,2.0,2.0,0.28117942810058594,0.3112649917602539,0.4849572479724884,0.0687466412782669,0.02367374300956726,0.1491832584142685,patient11773/study1/view1_frontal.jpg,,
1.0,1.0,0.29904735331632654,2.0,1.0,0.4645661413669586,0.28622451424598694,0.15334074199199677,1.0,1.0,0.611449122428894,0.7151850461959839,0.16963887214660645,0.03853829577565193,0.09310169517993927,0.11110048741102219,patient11875/study1/view1_frontal.jpg,,
1.0,1.0,0.2616390306122449,1.0,1.0,0.4146030843257904,0.28749775886535645,0.2896518111228943,1.0,1.0,0.5198231339454651,0.6239977478981018,0.239944189786911,0.09191370755434036,0.24004662036895752,0.15451432764530182,patient11875/study2/view1_frontal.jpg,,
1.0,1.0,0.2911352040816326,3.0,1.0,0.4648022949695587,0.2644840478897095,0.17881399393081665,1.0,1.0,0.4174867868423462,0.597446620464325,0.22259359061717987,0.057422466576099396,0.12093716859817505,0.1354690045118332,patient12213/study1/view1_frontal.jpg,,
1.0,1.0,0.23467394770408162,1.0,1.0,0.41636696457862854,0.29511573910713196,0.2887732684612274,2.0,2.0,0.19334998726844788,0.29749226570129395,0.41405606269836426,0.33363857865333557,0.6495266556739807,0.14792045950889587,patient12213/study2/view1_frontal.jpg,,
1.0,1.0,0.38321109693877553,2.0,1.0,0.47224754095077515,0.265360563993454,0.25359705090522766,1.0,1.0,0.8141158223152161,0.8635692596435547,0.08339735865592957,0.04647567495703697,0.011537852697074413,0.12974610924720764,patient12213/study3/view1_frontal.jpg,,
1.0,1.0,0.3818957270408163,2.0,1.0,0.4056030213832855,0.27390149235725403,0.4774494767189026,1.0,1.0,0.3901112377643585,0.5152710676193237,0.3279525935649872,0.06603335589170456,0.2338714748620987,0.2014487087726593,patient12332/study1/view1_frontal.jpg,,
1.0,1.0,0.31156329719387754,3.0,1.0,0.46809014678001404,0.28365358710289,0.6367735266685486,2.0,2.0,0.6183359026908875,0.0964963436126709,0.7408233284950256,0.7353230118751526,0.8819980025291443,0.15517766773700714,patient12557/study1/view1_frontal.jpg,1.0,
1.0,1.0,0.33017777423469385,1.0,1.0,0.49011704325675964,0.28872913122177124,0.6722823977470398,2.0,2.0,0.6931023001670837,0.04702983796596527,0.8071897625923157,0.8493852019309998,0.9274135828018188,0.1656499058008194,patient12557/study2/view1_frontal.jpg,1.0,
1.0,1.0,0.3446069834183674,2.0,1.0,0.4718181788921356,0.2819165885448456,0.5848532915115356,2.0,2.0,0.5010015368461609,0.11641502380371094,0.7034898996353149,0.5053170323371887,0.7259658575057983,0.19096681475639343,patient12557/study3/view1_frontal.jpg,1.0,
1.0,1.0,0.2974131058673469,2.0,1.0,0.4814905524253845,0.29063189029693604,0.514056384563446,2.0,2.0,0.4588415324687958,0.25329938530921936,0.5945480465888977,0.16588284075260162,0.18009120225906372,0.18256448209285736,patient12557/study4/view1_frontal.jpg,1.0,
1.0,1.0,0.2741549744897959,2.0,1.0,0.49459123611450195,0.2853644788265228,0.5653102993965149,2.0,2.0,0.4201529622077942,0.061739761382341385,0.6690520644187927,0.8033416867256165,0.7706559300422668,0.15127906203269958,patient12557/study5/view1_frontal.jpg,1.0,
1.0,1.0,0.2785794005102041,3.0,1.0,0.47111985087394714,0.2963847517967224,0.21409708261489868,1.0,1.0,0.8350050449371338,0.8745225071907043,0.08356382697820663,0.04509561508893967,0.013362583704292774,0.13324971497058868,patient12602/study1/view1_frontal.jpg,,
1.0,1.0,0.33743223852040816,2.0,1.0,0.49372681975364685,0.291471928358078,0.0816878154873848,1.0,1.0,0.6601997017860413,0.7389523983001709,0.13661618530750275,0.02250000648200512,0.0032993110362440348,0.12112465500831604,patient12790/study1/view1_frontal.jpg,,
1.0,1.0,0.29934630102040816,4.0,1.0,0.44814059138298035,0.2915470004081726,0.175860196352005,1.0,1.0,0.6659755110740662,0.7524442076683044,0.1653449982404709,0.040271271020174026,0.18551984429359436,0.15399320423603058,patient13235/study1/view1_frontal.jpg,,
1.0,1.0,0.24148995535714285,3.0,1.0,0.4449708163738251,0.29902517795562744,0.03274993598461151,1.0,1.0,0.8014835715293884,0.8368620276451111,0.08846274763345718,0.01839280128479004,0.013437353074550629,0.11934122443199158,patient13235/study2/view1_frontal.jpg,,
1.0,1.0,0.27558992346938777,3.0,1.0,0.45940351486206055,0.2747800946235657,0.16235293447971344,1.0,1.0,0.8505892157554626,0.8858895897865295,0.06794705986976624,0.0518842488527298,0.21036817133426666,0.15961818397045135,patient13254/study1/view1_frontal.jpg,,
1.0,1.0,0.4026426977040816,2.0,1.0,0.4363897740840912,0.2806021571159363,0.3037107288837433,1.0,1.0,0.8916960954666138,0.9003053903579712,0.06781016290187836,0.047436293214559555,0.005663360934704542,0.13093164563179016,patient13536/study1/view1_frontal.jpg,,
1.0,1.0,0.36868223852040816,5.0,1.0,0.41393232345581055,0.2738775610923767,0.33361491560935974,1.0,1.0,0.7639862298965454,0.8097817301750183,0.1444227695465088,0.025249058380723,0.003481572028249502,0.1716388612985611,patient13536/study2/view1_frontal.jpg,,
1.0,1.0,0.3475964604591837,3.0,1.0,0.42910075187683105,0.2826313376426697,0.17676512897014618,1.0,1.0,0.6842280626296997,0.7641085982322693,0.13470980525016785,0.043488770723342896,0.020878687500953674,0.1625322848558426,patient13536/study3/view1_frontal.jpg,0.0,
1.0,1.0,0.3254942602040816,2.0,1.0,0.45930027961730957,0.27325430512428284,0.40858033299446106,1.0,1.0,0.213889941573143,0.40385034680366516,0.3678848147392273,0.05831195041537285,0.1218346506357193,0.21473358571529388,patient13536/study4/view1_frontal.jpg,,
1.0,1.0,0.3710339604591837,2.0,1.0,0.44261041283607483,0.2783665657043457,0.4026130735874176,1.0,1.0,0.44809889793395996,0.5916557908058167,0.2518226206302643,0.039138663560152054,0.07972647249698639,0.2011266052722931,patient13624/study1/view1_frontal.jpg,,
1.0,1.0,0.33948501275510207,1.0,1.0,0.4675435721874237,0.27783969044685364,0.21938523650169373,1.0,1.0,0.6781322360038757,0.7594470977783203,0.13609908521175385,0.030839374288916588,0.025537488982081413,0.13742490112781525,patient14228/study1/view1_frontal.jpg,,
1.0,1.0,0.3364756058673469,2.0,1.0,0.46298840641975403,0.28396594524383545,0.6193203926086426,2.0,2.0,0.5057892203330994,0.0799124538898468,0.7112679481506348,0.9775525331497192,0.954096794128418,0.17458780109882355,patient14230/study1/view1_frontal.jpg,,
1.0,1.0,0.36465640943877553,1.0,1.0,0.47721973061561584,0.292251318693161,0.37241965532302856,2.0,2.0,0.11197036504745483,0.31537771224975586,0.3774832785129547,0.8993710279464722,0.738573431968689,0.16935978829860687,patient14230/study2/view1_frontal.jpg,,
1.0,1.0,0.35744180484693877,3.0,1.0,0.4893018305301666,0.2891846299171448,0.64002525806427,2.0,2.0,0.49711620807647705,0.08572808653116226,0.7134836912155151,0.512965738773346,0.14456306397914886,0.1548319011926651,patient14230/study3/view1_frontal.jpg,,
1.0,1.0,0.37013711734693877,3.0,1.0,0.44220423698425293,0.27982863783836365,0.5012610554695129,2.0,2.0,0.22290250658988953,0.20999963581562042,0.5328588485717773,0.8377132415771484,0.6529518365859985,0.14796744287014008,patient14230/study4/view1_frontal.jpg,,
1.0,1.0,0.3678651147959184,2.0,1.0,0.44013723731040955,0.2723156809806824,0.6113472580909729,2.0,2.0,0.3943464756011963,0.09558123350143433,0.6493826508522034,0.37550047039985657,0.5589759945869446,0.15841363370418549,patient14230/study4/view2_frontal.jpg,,
1.0,1.0,0.3549705038265306,2.0,1.0,0.485729843378067,0.28879794478416443,0.45346373319625854,2.0,2.0,0.1578165590763092,0.20753860473632812,0.4593992233276367,0.8708194494247437,0.6859742999076843,0.14761365950107574,patient14230/study5/view1_frontal.jpg,,
1.0,1.0,0.39901546556122447,3.0,1.0,0.5024186372756958,0.28693029284477234,0.7108407616615295,2.0,2.0,0.36137303709983826,0.05166899412870407,0.6583484411239624,0.9216111898422241,0.8983480334281921,0.16868910193443298,patient14230/study6/view1_frontal.jpg,1.0,
1.0,1.0,0.3604113520408163,2.0,1.0,0.4300544261932373,0.2818644642829895,0.44644469022750854,2.0,2.0,0.28363698720932007,0.3240810036659241,0.490696519613266,0.10674627870321274,0.2696074843406677,0.22415105998516083,patient14230/study7/view1_frontal.jpg,1.0,
1.0,1.0,0.37992267219387754,1.0,1.0,0.49132609367370605,0.2860560417175293,0.6474632024765015,2.0,2.0,0.6127748489379883,0.09017258882522583,0.7608770728111267,0.10357781499624252,0.10659179836511612,0.14438502490520477,patient14486/study1/view1_frontal.jpg,,
1.0,1.0,0.36228475765306123,3.0,1.0,0.5081382989883423,0.28537076711654663,0.7435336112976074,2.0,2.0,0.65287846326828,0.03610166534781456,0.811770498752594,0.10865641385316849,0.04968056082725525,0.13495132327079773,patient14486/study2/view1_frontal.jpg,,
1.0,1.0,0.35861766581632654,1.0,1.0,0.45090246200561523,0.273710697889328,0.5204704403877258,2.0,2.0,0.12876784801483154,0.09449551999568939,0.5171361565589905,0.8553589582443237,0.9339017271995544,0.15907026827335358,patient14486/study3/view1_frontal.jpg,1.0,
1.0,1.0,0.3237802933673469,2.0,1.0,0.4350106418132782,0.2591705024242401,0.5761373043060303,2.0,2.0,0.37144920229911804,0.07917243242263794,0.6402371525764465,0.39117276668548584,0.6423735022544861,0.1307893842458725,patient14486/study4/view1_frontal.jpg,1.0,
1.0,1.0,0.37527901785714285,4.0,1.0,0.5359951853752136,0.27958235144615173,0.6872153878211975,2.0,2.0,0.4776463508605957,0.08019764721393585,0.7043042778968811,0.763859212398529,0.9674404859542847,0.13874544203281403,patient14486/study5/view1_frontal.jpg,,
1.0,1.0,0.44997608418367346,1.0,1.0,0.4732459783554077,0.28259414434432983,0.56425940990448,2.0,2.0,0.3091138005256653,0.2261718362569809,0.5602712035179138,0.16639362275600433,0.02942837029695511,0.1492185741662979,patient14488/study1/view1_frontal.jpg,,
1.0,1.0,0.4370615433673469,2.0,1.0,0.5373011827468872,0.27773505449295044,0.5291219353675842,1.0,1.0,0.5819546580314636,0.6635449528694153,0.23633958399295807,0.28846707940101624,0.001333662774413824,0.12443433701992035,patient14488/study2/view1_frontal.jpg,,
1.0,1.0,0.43508848852040816,1.0,1.0,0.5186640024185181,0.27018657326698303,0.5479984283447266,2.0,2.0,0.30783018469810486,0.27246978878974915,0.5319015979766846,0.4215887188911438,0.24007800221443176,0.13488885760307312,patient14511/study1/view1_frontal.jpg,,
1.0,1.0,0.4155970982142857,5.0,1.0,0.5095451474189758,0.28170305490493774,0.6051174998283386,2.0,2.0,0.3052908182144165,0.40029680728912354,0.4489164352416992,0.05247003585100174,0.01795309968292713,0.12372380495071411,patient14511/study2/view1_frontal.jpg,,
1.0,1.0,0.4040577168367347,3.0,1.0,0.49461886286735535,0.2829544246196747,0.6698891520500183,2.0,2.0,0.5711275339126587,0.16739512979984283,0.7017853856086731,0.11863049119710922,0.03025214560329914,0.13594458997249603,patient14511/study3/view1_frontal.jpg,,
1.0,1.0,0.45228794642857145,2.0,1.0,0.49149662256240845,0.27755624055862427,0.7468729019165039,2.0,2.0,0.5895553231239319,0.05100402981042862,0.7687855958938599,0.05247889459133148,0.08175180107355118,0.15339617431163788,patient14694/study1/view1_frontal.jpg,,
1.0,1.0,0.46908880739795916,1.0,1.0,0.48698893189430237,0.27746811509132385,0.7748827934265137,2.0,2.0,0.7301687002182007,0.04768170416355133,0.8331522345542908,0.051227815449237823,0.12115424126386642,0.1714509278535843,patient14694/study2/view1_frontal.jpg,,
1.0,1.0,0.49160953443877553,4.0,1.0,0.5341544151306152,0.27864688634872437,0.7630124688148499,2.0,2.0,0.529712975025177,0.10006130486726761,0.7148258686065674,0.45268720388412476,0.07657170295715332,0.1298494189977646,patient14694/study3/view1_frontal.jpg,,
1.0,1.0,0.5082908163265306,2.0,1.0,0.5315357446670532,0.26186391711235046,0.699454128742218,2.0,2.0,0.12485641241073608,0.0943119153380394,0.5020065307617188,0.8174944519996643,0.30255401134490967,0.1696251779794693,patient14694/study4/view1_frontal.jpg,,
1.0,1.0,0.48367745535714285,1.0,1.0,0.5027211904525757,0.28275465965270996,0.6202884316444397,2.0,2.0,0.2910829782485962,0.17762768268585205,0.5610581636428833,0.6132999062538147,0.12311507016420364,0.1757040172815323,patient14694/study5/view1_frontal.jpg,,
1.0,1.0,0.43899473852040816,2.0,1.0,0.4586823880672455,0.2879721522331238,0.6429519057273865,2.0,2.0,0.28847914934158325,0.11374117434024811,0.5921965837478638,0.9470766186714172,0.3079742193222046,0.19153660535812378,patient14940/study1/view1_frontal.jpg,,
1.0,1.0,0.44852120535714285,2.0,1.0,0.4776341915130615,0.27916476130485535,0.614595353603363,2.0,2.0,0.2688697874546051,0.15433523058891296,0.5686023235321045,0.8610413074493408,0.9263508319854736,0.18407537043094635,patient14940/study10/view1_frontal.jpg,,
1.0,1.0,0.40664859693877553,1.0,1.0,0.5020700097084045,0.2774110734462738,0.6830531358718872,2.0,2.0,0.5717651844024658,0.08503951132297516,0.7403119802474976,0.6216645240783691,0.35129234194755554,0.17201898992061615,patient14940/study11/view1_frontal.jpg,,
1.0,1.0,0.31674505739795916,1.0,1.0,0.4935745596885681,0.27982375025749207,0.5574923753738403,2.0,2.0,0.4936058521270752,0.236924409866333,0.612000584602356,0.9269117712974548,0.922091543674469,0.16939735412597656,patient14940/study2/view1_frontal.jpg,1.0,
1.0,1.0,0.3997130102040816,4.0,1.0,0.5009555220603943,0.2827174663543701,0.7706758379936218,2.0,2.0,0.6855610609054565,0.05311630293726921,0.8271767497062683,0.9797164797782898,0.8352441787719727,0.16888849437236786,patient14940/study3/view1_frontal.jpg,1.0,
1.0,1.0,0.3696986607142857,1.0,1.0,0.5232262015342712,0.2807306945323944,0.5886728763580322,2.0,2.0,0.4690312445163727,0.12081070989370346,0.6718123555183411,0.8212295770645142,0.9189309477806091,0.16460588574409485,patient14940/study4/view1_frontal.jpg,,
1.0,1.0,0.4563536352040816,1.0,1.0,0.49418869614601135,0.2778603434562683,0.6804191470146179,2.0,2.0,0.5756523013114929,0.11408151686191559,0.7362160086631775,0.9347943663597107,0.5917612910270691,0.17169442772865295,patient14940/study5/view1_frontal.jpg,1.0,
1.0,1.0,0.38504464285714285,1.0,1.0,0.5544649362564087,0.2645571827888489,0.6507662534713745,2.0,2.0,0.5748457908630371,0.13372902572155,0.6869239211082458,0.9547187685966492,0.6711541414260864,0.12912453711032867,patient14940/study6/view1_frontal.jpg,,
1.0,1.0,0.38831313775510207,1.0,1.0,0.49468883872032166,0.28328487277030945,0.6351591944694519,2.0,2.0,0.5610188245773315,0.10924001038074493,0.7189958095550537,0.8108412027359009,0.7997578978538513,0.1330420970916748,patient14940/study7/view1_frontal.jpg,,
1.0,1.0,0.47572544642857145,4.0,1.0,0.5036341547966003,0.2702578902244568,0.8138135671615601,2.0,2.0,0.7027850151062012,0.0629737451672554,0.8284603953361511,0.582057774066925,0.7445740699768066,0.14390486478805542,patient14940/study8/view1_frontal.jpg,1.0,
1.0,1.0,0.46568080357142855,1.0,1.0,0.5285359025001526,0.2669999897480011,0.8054580092430115,2.0,2.0,0.7270182371139526,0.0333150252699852,0.8421193957328796,0.8444971442222595,0.68479984998703,0.13342240452766418,patient14940/study8/view2_frontal.jpg,1.0,
1.0,1.0,0.4284717793367347,2.0,1.0,0.505233108997345,0.277118444442749,0.7190507054328918,2.0,2.0,0.6156015992164612,0.07000505924224854,0.7806838750839233,0.4535868167877197,0.7417677044868469,0.14645756781101227,patient14940/study9/view1_frontal.jpg,0.0,
1.0,1.0,0.3426139987244898,2.0,1.0,0.5035214424133301,0.28076454997062683,0.44241809844970703,1.0,1.0,0.31645554304122925,0.48302409052848816,0.3482401669025421,0.09678385406732559,0.04737142100930214,0.18236395716667175,patient15013/study1/view1_frontal.jpg,,
1.0,1.0,0.309749681122449,3.0,1.0,0.5151796936988831,0.28120478987693787,0.19260595738887787,1.0,1.0,0.47073420882225037,0.6313042640686035,0.21265991032123566,0.03511322662234306,0.012335404753684998,0.12711939215660095,patient15013/study2/view1_frontal.jpg,,
1.0,1.0,0.3422951211734694,3.0,1.0,0.5384591817855835,0.2852455675601959,0.2542423605918884,1.0,1.0,0.5867162942886353,0.6792301535606384,0.16552729904651642,0.07375866919755936,0.03252609819173813,0.1625996083021164,patient15013/study3/view1_frontal.jpg,0.0,
1.0,1.0,0.25801179846938777,3.0,1.0,0.5343824625015259,0.2812318801879883,0.6054672598838806,2.0,2.0,0.557853102684021,0.05762370303273201,0.7441017031669617,0.5454729199409485,0.2693045139312744,0.09782934933900833,patient15013/study4/view1_frontal.jpg,,
1.0,1.0,0.32401945153061223,1.0,1.0,0.46796074509620667,0.29994434118270874,0.08062666654586792,1.0,1.0,0.8665368556976318,0.8990287780761719,0.0647394210100174,0.07080726325511932,0.04069995507597923,0.16642963886260986,patient15196/study1/view1_frontal.jpg,,
1.0,1.0,0.3885124362244898,1.0,1.0,0.47432661056518555,0.29396459460258484,0.2743501365184784,1.0,1.0,0.7909230589866638,0.842032253742218,0.10516142100095749,0.04249173775315285,0.03181890398263931,0.16624699532985687,patient15310/study1/view1_frontal.jpg,,
1.0,1.0,0.39341517857142855,1.0,1.0,0.4806075692176819,0.2908021807670593,0.4452594220638275,1.0,1.0,0.33764976263046265,0.505548357963562,0.3265531063079834,0.21021609008312225,0.27884626388549805,0.2133764922618866,patient15329/study1/view1_frontal.jpg,,
1.0,1.0,0.3607700892857143,1.0,1.0,0.4876919090747833,0.29250016808509827,0.2456613928079605,1.0,1.0,0.4473019242286682,0.6036897301673889,0.21073877811431885,0.15015946328639984,0.4229292571544647,0.1630631685256958,patient15329/study2/view1_frontal.jpg,,
1.0,1.0,0.34767617984693877,2.0,1.0,0.5028120875358582,0.2919655740261078,0.3540588617324829,1.0,1.0,0.7323418259620667,0.7790877819061279,0.151509627699852,0.13672886788845062,0.10943622142076492,0.14208436012268066,patient15788/study1/view1_frontal.jpg,,
1.0,1.0,0.3905652104591837,4.0,1.0,0.4837498962879181,0.29217758774757385,0.6313011646270752,2.0,2.0,0.4656478464603424,0.16311237215995789,0.6513428688049316,0.16218408942222595,0.08383255451917648,0.1339772343635559,patient15800/study1/view1_frontal.jpg,,
1.0,1.0,0.4022241709183674,4.0,1.0,0.4639560282230377,0.2932604253292084,0.22478477656841278,1.0,1.0,0.8788474798202515,0.910984218120575,0.05251416563987732,0.061633434146642685,0.09321732819080353,0.18710510432720184,patient15838/study1/view1_frontal.jpg,,
1.0,1.0,0.4190250318877551,3.0,1.0,0.4932236969470978,0.283609539270401,0.13855014741420746,1.0,1.0,0.463083416223526,0.611178994178772,0.19702529907226562,0.01690424233675003,0.0019346459303051233,0.16112187504768372,patient16392/study1/view1_frontal.jpg,,
1.0,1.0,0.248046875,1.0,1.0,0.5212579965591431,0.2937803566455841,0.06219850853085518,1.0,1.0,0.7876182794570923,0.832594096660614,0.09780444949865341,0.010278369300067425,0.004857567138969898,0.11982476711273193,patient16447/study1/view1_frontal.jpg,,
1.0,1.0,0.21593989158163265,1.0,1.0,0.4832291007041931,0.2956324815750122,0.3123156726360321,2.0,2.0,0.24456052482128143,0.2509772479534149,0.46240144968032837,0.11580636352300644,0.06284348666667938,0.11489986628293991,patient16447/study10/view1_frontal.jpg,,
1.0,1.0,0.3614875637755102,3.0,1.0,0.4985715448856354,0.29159557819366455,0.4726068079471588,1.0,1.0,0.5359832048416138,0.6108781695365906,0.2731477618217468,0.05060911178588867,0.007302136160433292,0.14324882626533508,patient16447/study11/view1_frontal.jpg,,
1.0,1.0,0.37009725765306123,2.0,1.0,0.4981520473957062,0.2922096252441406,0.5419785976409912,1.0,1.0,0.4164842367172241,0.5235915780067444,0.4006282687187195,0.25871580839157104,0.09831894189119339,0.15378618240356445,patient16447/study2/view1_frontal.jpg,,
1.0,1.0,0.3151905293367347,2.0,1.0,0.5051873326301575,0.2937913239002228,0.25504589080810547,1.0,1.0,0.7420164942741394,0.8039972186088562,0.12134244292974472,0.11893817037343979,0.02712654136121273,0.12711645662784576,patient16447/study3/view1_frontal.jpg,,
1.0,1.0,0.3434909119897959,2.0,1.0,0.4955075979232788,0.30014505982398987,0.06334811449050903,2.0,2.0,0.19957467913627625,0.3361789584159851,0.3983205258846283,0.03926251828670502,0.004369070287793875,0.19146713614463806,patient16447/study4/view1_frontal.jpg,,
1.0,1.0,0.25948660714285715,1.0,1.0,0.4567752480506897,0.29440104961395264,0.1111694723367691,1.0,1.0,0.5093870162963867,0.6364126205444336,0.2320086807012558,0.07045584917068481,0.1650034636259079,0.14154070615768433,patient16447/study5/view1_frontal.jpg,,
1.0,1.0,0.22712053571428573,1.0,1.0,0.5022950172424316,0.2950247526168823,0.22976040840148926,2.0,2.0,0.15290528535842896,0.28780925273895264,0.40946635603904724,0.10846583545207977,0.25235414505004883,0.14340800046920776,patient16447/study6/view1_frontal.jpg,,
1.0,1.0,0.4096580038265306,5.0,1.0,0.49450668692588806,0.28038519620895386,0.27097874879837036,1.0,1.0,0.41394317150115967,0.5978237390518188,0.2182956337928772,0.07684522867202759,0.13690413534641266,0.15580856800079346,patient16447/study7/view1_frontal.jpg,,
1.0,1.0,0.3057238520408163,2.0,1.0,0.5320488810539246,0.2793656885623932,0.4963579475879669,2.0,2.0,0.3834846019744873,0.26997655630111694,0.5385607481002808,0.1612449288368225,0.7072417140007019,0.1497221291065216,patient16447/study8/view1_frontal.jpg,,
1.0,1.0,0.26426977040816324,2.0,1.0,0.5012639760971069,0.2915673851966858,0.39601871371269226,2.0,2.0,0.2446354627609253,0.19667166471481323,0.49559876322746277,0.02217036485671997,0.46202871203422546,0.13276749849319458,patient16447/study9/view1_frontal.jpg,,
1.0,1.0,0.3063217474489796,5.0,1.0,0.5310124158859253,0.28825870156288147,0.0922645553946495,1.0,1.0,0.8617432713508606,0.8920465707778931,0.07975563406944275,0.050049226731061935,0.04606463387608528,0.15764932334423065,patient16495/study1/view1_frontal.jpg,0.0,
1.0,1.0,0.3328483737244898,2.0,1.0,0.4893764853477478,0.29759907722473145,0.17990653216838837,1.0,1.0,0.4678850769996643,0.620805025100708,0.2042565792798996,0.03983477130532265,0.004922813270241022,0.1738577038049698,patient16495/study10/view1_frontal.jpg,,
1.0,1.0,0.34775589923469385,2.0,1.0,0.4754782021045685,0.29578208923339844,0.09147492796182632,1.0,1.0,0.7347853779792786,0.7935937643051147,0.10776686668395996,0.022984083741903305,0.006809608545154333,0.15151536464691162,patient16495/study11/view1_frontal.jpg,,
1.0,1.0,0.2922512755102041,5.0,1.0,0.5181370377540588,0.2794594168663025,0.12616412341594696,1.0,1.0,0.6432868242263794,0.739963173866272,0.16336049139499664,0.07502900809049606,0.053884368389844894,0.13340796530246735,patient16495/study2/view1_frontal.jpg,0.0,
1.0,1.0,0.3418765943877551,3.0,1.0,0.5071613788604736,0.2835550010204315,0.2987675666809082,1.0,1.0,0.6137083172798157,0.7045946717262268,0.15545882284641266,0.06899590790271759,0.011115902103483677,0.12502449750900269,patient16495/study3/view1_frontal.jpg,,
1.0,1.0,0.32362085459183676,3.0,1.0,0.5259208679199219,0.27839797735214233,0.6427337527275085,2.0,2.0,0.5971243381500244,0.11180095374584198,0.7385110855102539,0.048215631395578384,0.035802777856588364,0.07973963767290115,patient16495/study4/view1_frontal.jpg,,
1.0,1.0,0.30211654974489793,2.0,1.0,0.5240938663482666,0.274087131023407,0.41478726267814636,1.0,1.0,0.2923843264579773,0.45426881313323975,0.3613658547401428,0.18895208835601807,0.0875551775097847,0.12198159843683243,patient16495/study5/view1_frontal.jpg,,
1.0,1.0,0.3693000637755102,1.0,1.0,0.5061216354370117,0.28254640102386475,0.4160231649875641,1.0,1.0,0.6837126016616821,0.7227301597595215,0.20199164748191833,0.17494504153728485,0.03393029794096947,0.13840033113956451,patient16495/study6/view1_frontal.jpg,,
1.0,1.0,0.35706313775510207,5.0,1.0,0.5024295449256897,0.280960351228714,0.3313998579978943,1.0,1.0,0.595798671245575,0.6871840953826904,0.16527944803237915,0.04394668713212013,0.01319722831249237,0.12877890467643738,patient16495/study7/view1_frontal.jpg,,
1.0,1.0,0.29721380739795916,7.0,1.0,0.5103698372840881,0.270084410905838,0.1931580752134323,1.0,1.0,0.612293004989624,0.7221342325210571,0.17176197469234467,0.05926226079463959,0.02398149110376835,0.1320035308599472,patient16495/study8/view1_frontal.jpg,,
1.0,1.0,0.2745336415816326,5.0,1.0,0.5190411806106567,0.2871142029762268,0.15351469814777374,1.0,1.0,0.6223404407501221,0.7264276742935181,0.16948506236076355,0.0718570426106453,0.058786824345588684,0.11092304438352585,patient16495/study9/view1_frontal.jpg,,
1.0,1.0,0.2856544961734694,3.0,1.0,0.5134605765342712,0.29498541355133057,0.43343299627304077,2.0,2.0,0.2978695034980774,0.3215630054473877,0.4671652615070343,0.056122004985809326,0.040149837732315063,0.11548645794391632,patient16608/study1/view1_frontal.jpg,,
1.0,1.0,0.3840282206632653,1.0,1.0,0.4602021276950836,0.28752708435058594,0.404424250125885,1.0,1.0,0.6701172590255737,0.7257770895957947,0.19190987944602966,0.06946702301502228,0.08072657138109207,0.13927726447582245,patient16608/study2/view1_frontal.jpg,,
1.0,1.0,0.26717952806122447,1.0,1.0,0.4953800141811371,0.29270702600479126,0.3551693260669708,1.0,1.0,0.635279655456543,0.6950896978378296,0.2222040593624115,0.17121468484401703,0.18633627891540527,0.1491338014602661,patient16852/study1/view1_frontal.jpg,,
1.0,1.0,0.25356744260204084,4.0,1.0,0.46858325600624084,0.2977278530597687,0.004741147626191378,1.0,1.0,0.6932896375656128,0.7695003747940063,0.1542888879776001,0.012455739080905914,0.000169723920407705,0.12098164111375809,patient17266/study1/view1_frontal.jpg,,
1.0,1.0,0.24280532525510204,2.0,1.0,0.45105090737342834,0.2991284132003784,0.086159847676754,1.0,1.0,0.5663254261016846,0.6794490814208984,0.20742729306221008,0.020767521113157272,0.001516094896942377,0.14190414547920227,patient17266/study2/view1_frontal.jpg,,
1.0,1.0,0.33711336096938777,2.0,1.0,0.492382675409317,0.2929914891719818,0.21834784746170044,1.0,1.0,0.6065337657928467,0.7022053003311157,0.1536281704902649,0.05373760685324669,0.004398138262331486,0.1268797665834427,patient17266/study3/view1_frontal.jpg,,
1.0,1.0,0.27877869897959184,3.0,1.0,0.47517257928848267,0.29294291138648987,0.3631906509399414,1.0,1.0,0.477026104927063,0.6005675792694092,0.2738407552242279,0.15462128818035126,0.18959274888038635,0.16164669394493103,patient17555/study1/view1_frontal.jpg,,
1.0,1.0,0.2897799744897959,6.0,1.0,0.5109151005744934,0.29162877798080444,0.5558071136474609,2.0,2.0,0.4476693570613861,0.12167888879776001,0.6693150997161865,0.05726385489106178,0.09407047927379608,0.1000891923904419,patient17555/study10/view1_frontal.jpg,,
1.0,1.0,0.3101283482142857,5.0,1.0,0.49261826276779175,0.2976381480693817,0.16146908700466156,1.0,1.0,0.7777195572853088,0.824942946434021,0.12585407495498657,0.037278950214385986,0.006233818829059601,0.15871693193912506,patient17555/study11/view1_frontal.jpg,,
1.0,1.0,0.27674585459183676,4.0,1.0,0.4996499717235565,0.2928091287612915,0.45690372586250305,1.0,1.0,0.37051117420196533,0.47397133708000183,0.38414236903190613,0.2146114557981491,0.20785997807979584,0.14193087816238403,patient17555/study12/view1_frontal.jpg,,
1.0,1.0,0.2780811543367347,2.0,1.0,0.47669127583503723,0.29291194677352905,0.22554437816143036,1.0,1.0,0.790010392665863,0.8408603668212891,0.1082896739244461,0.1587894707918167,0.12859736382961273,0.1475747525691986,patient17555/study2/view1_frontal.jpg,,
1.0,1.0,0.27987484056122447,4.0,1.0,0.4589325189590454,0.2922900319099426,0.30903303623199463,1.0,1.0,0.6601172089576721,0.7462180256843567,0.16768109798431396,0.06024766340851784,0.012482143007218838,0.14686131477355957,patient17555/study3/view1_frontal.jpg,,
1.0,1.0,0.2925502232142857,2.0,1.0,0.468298077583313,0.293964147567749,0.26223063468933105,1.0,1.0,0.7019474506378174,0.7718703746795654,0.13952477276325226,0.08088992536067963,0.0456179603934288,0.15751904249191284,patient17555/study4/view1_frontal.jpg,,
1.0,1.0,0.299625318877551,2.0,1.0,0.4728599190711975,0.300015926361084,0.23119814693927765,1.0,1.0,0.6882591247558594,0.7552793025970459,0.13960564136505127,0.0886034220457077,0.03433020040392876,0.1476229429244995,patient17555/study5/view1_frontal.jpg,,
1.0,1.0,0.3088926977040816,4.0,1.0,0.5079627633094788,0.29329416155815125,0.2841113209724426,1.0,1.0,0.61930251121521,0.7026918530464172,0.15583723783493042,0.0728122666478157,0.03183053061366081,0.1619771420955658,patient17555/study6/view1_frontal.jpg,,
1.0,1.0,0.3255141900510204,1.0,1.0,0.48111093044281006,0.30012816190719604,0.3859308063983917,1.0,1.0,0.5272114276885986,0.6350437998771667,0.2571238577365875,0.16019576787948608,0.0952320396900177,0.14012743532657623,patient17555/study7/view1_frontal.jpg,,
1.0,1.0,0.23660714285714285,1.0,1.0,0.48752477765083313,0.3016022741794586,0.3646092414855957,1.0,1.0,0.2956318259239197,0.43774622678756714,0.38696596026420593,0.23816177248954773,0.08713334053754807,0.16677291691303253,patient17555/study8/view1_frontal.jpg,,
1.0,1.0,0.2697903380102041,2.0,1.0,0.49542537331581116,0.2962140440940857,0.31876248121261597,1.0,1.0,0.6617384552955627,0.7372156977653503,0.18440815806388855,0.08575917035341263,0.021357709541916847,0.13746242225170135,patient17555/study9/view1_frontal.jpg,,
1.0,1.0,0.2443797831632653,1.0,1.0,0.500217854976654,0.3016625642776489,0.1921178698539734,1.0,1.0,0.7985866665840149,0.8416426777839661,0.11359026283025742,0.017699232324957848,0.02513730525970459,0.1541246473789215,patient17643/study1/view1_frontal.jpg,,
1.0,1.0,0.2868104272959184,1.0,1.0,0.45041972398757935,0.3035341501235962,0.13143926858901978,1.0,1.0,0.6792721152305603,0.74608314037323,0.13786298036575317,0.07663100212812424,0.021997937932610512,0.20698057115077972,patient17643/study2/view1_frontal.jpg,,
1.0,1.0,0.2700294961734694,1.0,1.0,0.4273644983768463,0.30478355288505554,0.05216822028160095,1.0,1.0,0.6255199909210205,0.7153645157814026,0.18295377492904663,0.020762652158737183,0.0032034057658165693,0.16973690688610077,patient18013/study1/view1_frontal.jpg,,
1.0,1.0,0.2960180165816326,2.0,1.0,0.4663555324077606,0.2940755784511566,0.15686628222465515,1.0,1.0,0.7175711989402771,0.7772562503814697,0.1198163628578186,0.025776024907827377,0.002747143153101206,0.15082913637161255,patient18338/study1/view1_frontal.jpg,,
1.0,1.0,0.3257533482142857,2.0,1.0,0.5333051681518555,0.2914256751537323,0.6023663878440857,2.0,2.0,0.5754273533821106,0.15870147943496704,0.6945942044258118,0.14370447397232056,0.038525644689798355,0.1769733875989914,patient18338/study2/view1_frontal.jpg,,
1.0,1.0,0.3632015306122449,1.0,1.0,0.4515541195869446,0.29679784178733826,0.4187694787979126,1.0,1.0,0.7316200733184814,0.7582485675811768,0.17792721092700958,0.028918780386447906,0.05303090438246727,0.13912028074264526,patient18338/study3/view1_frontal.jpg,,
1.0,1.0,0.2985889668367347,1.0,1.0,0.5291929244995117,0.28414925932884216,0.3641369938850403,1.0,1.0,0.3230191171169281,0.48656758666038513,0.3374057710170746,0.2829863429069519,0.28657329082489014,0.16787193715572357,patient18338/study4/view1_frontal.jpg,,
1.0,1.0,0.3474968112244898,4.0,1.0,0.5161285996437073,0.28953319787979126,0.5739144682884216,2.0,2.0,0.3264849781990051,0.15038427710533142,0.6052209138870239,0.47130876779556274,0.305647611618042,0.14286425709724426,patient18338/study5/view1_frontal.jpg,,
1.0,1.0,0.3712531887755102,3.0,1.0,0.4650372862815857,0.2926260530948639,0.5979434251785278,2.0,2.0,0.2706862986087799,0.08387991040945053,0.5870946645736694,0.2642243206501007,0.1004457101225853,0.15838442742824554,patient18338/study6/view1_frontal.jpg,,
1.0,1.0,0.3059829400510204,2.0,1.0,0.5073872804641724,0.28703275322914124,0.46186545491218567,2.0,2.0,0.2964346408843994,0.17450246214866638,0.5382357239723206,0.07437034696340561,0.060164209455251694,0.13685591518878937,patient18338/study7/view1_frontal.jpg,,
1.0,1.0,0.24533641581632654,4.0,1.0,0.5172479748725891,0.2872912585735321,0.4762847423553467,2.0,2.0,0.3273393511772156,0.11062069237232208,0.5874173045158386,0.6651846766471863,0.4587544798851013,0.1266242116689682,patient18338/study8/view1_frontal.jpg,,
1.0,1.0,0.25209263392857145,2.0,1.0,0.5091474652290344,0.2950980067253113,0.4137105941772461,2.0,2.0,0.3263239860534668,0.21763163805007935,0.5153976678848267,0.461343377828598,0.09467177093029022,0.1503876894712448,patient18338/study8/view2_frontal.jpg,,
1.0,1.0,0.3115832270408163,4.0,1.0,0.4595394432544708,0.29676997661590576,0.5859135985374451,2.0,2.0,0.36313706636428833,0.07168596237897873,0.6399961113929749,0.6358303427696228,0.35966578125953674,0.1347397267818451,patient18898/study1/view1_frontal.jpg,,
1.0,1.0,0.393734056122449,3.0,1.0,0.4587680697441101,0.29646244645118713,0.5248379707336426,2.0,2.0,0.06656697392463684,0.1368331015110016,0.46994975209236145,0.39447590708732605,0.7031257748603821,0.1521092802286148,patient18898/study2/view1_frontal.jpg,,
1.0,1.0,0.30307318239795916,3.0,1.0,0.47887513041496277,0.28835973143577576,0.37645554542541504,1.0,1.0,0.6484237313270569,0.7073085904121399,0.20335333049297333,0.05413549020886421,0.09368487447500229,0.1308138370513916,patient18973/study1/view1_frontal.jpg,,
1.0,1.0,0.3291015625,4.0,1.0,0.4730568826198578,0.29363876581192017,0.47742554545402527,2.0,2.0,0.3117120862007141,0.3586973547935486,0.473636269569397,0.10659965127706528,0.1636052280664444,0.13927298784255981,patient19265/study1/view1_frontal.jpg,,
1.0,1.0,0.26064253826530615,2.0,1.0,0.43108266592025757,0.30350247025489807,0.155183807015419,1.0,1.0,0.6019676923751831,0.7040361762046814,0.1746874898672104,0.13562563061714172,0.09930145740509033,0.25269174575805664,patient19273/study1/view1_frontal.jpg,,
1.0,1.0,0.3147720025510204,3.0,1.0,0.4809093177318573,0.2968115508556366,0.311326801776886,1.0,1.0,0.3735434114933014,0.5345966219902039,0.26492297649383545,0.0756714791059494,0.05619069188833237,0.23292872309684753,patient19292/study1/view1_frontal.jpg,,
1.0,1.0,0.3820950255102041,2.0,1.0,0.47572922706604004,0.2849753499031067,0.28066250681877136,1.0,1.0,0.5463979244232178,0.6689544916152954,0.17353607714176178,0.03832843527197838,0.04416986554861069,0.10544248670339584,patient19635/study1/view1_frontal.jpg,,
1.0,1.0,0.3312141262755102,2.0,1.0,0.4468874931335449,0.30598166584968567,0.18598413467407227,1.0,1.0,0.7485392093658447,0.8034824132919312,0.10822054743766785,0.11182986944913864,0.16880403459072113,0.2069098800420761,patient19635/study10/view1_frontal.jpg,,
1.0,1.0,0.2666015625,2.0,1.0,0.32868891954421997,0.32566094398498535,0.22086919844150543,1.0,1.0,0.45993542671203613,0.6026352643966675,0.2302006334066391,0.12911567091941833,0.10986962914466858,0.14913535118103027,patient19635/study11/view1_frontal.jpg,,
1.0,1.0,0.3665298150510204,1.0,1.0,0.4786321818828583,0.2749914526939392,0.4185699224472046,1.0,1.0,0.4391690194606781,0.5772983431816101,0.28402236104011536,0.039965685456991196,0.024621663615107536,0.14599360525608063,patient19635/study12/view1_frontal.jpg,,
1.0,1.0,0.2846779336734694,2.0,1.0,0.4678214192390442,0.2941529452800751,0.18690656125545502,1.0,1.0,0.8633072376251221,0.88947993516922,0.07548469305038452,0.1066344678401947,0.14908748865127563,0.17297674715518951,patient19635/study13/view1_frontal.jpg,,
1.0,1.0,0.250797193877551,2.0,1.0,0.4747311472892761,0.3034576177597046,0.10193028301000595,1.0,1.0,0.8378187417984009,0.8741580843925476,0.07489487528800964,0.05251963064074516,0.18788588047027588,0.1314682513475418,patient19635/study2/view1_frontal.jpg,,
1.0,1.0,0.2245495854591837,2.0,1.0,0.32670795917510986,0.32661330699920654,0.12221120297908783,2.0,2.0,0.14036765694618225,0.317599892616272,0.41138389706611633,0.16759233176708221,0.4294884204864502,0.15315359830856323,patient19635/study3/view1_frontal.jpg,,
1.0,1.0,0.380680006377551,2.0,1.0,0.4245578944683075,0.2953042685985565,0.23661647737026215,1.0,1.0,0.5350015163421631,0.6502209901809692,0.17793607711791992,0.2137567549943924,0.07613188028335571,0.2175317108631134,patient19635/study4/view1_frontal.jpg,,
1.0,1.0,0.37268813775510207,1.0,1.0,0.4927939176559448,0.27923819422721863,0.3497689366340637,1.0,1.0,0.7116483449935913,0.7711815237998962,0.15653081238269806,0.09592891484498978,0.04412402585148811,0.13105443120002747,patient19635/study5/view1_frontal.jpg,,
1.0,1.0,0.28804607780612246,3.0,1.0,0.4597198963165283,0.3018067479133606,0.16827848553657532,1.0,1.0,0.6152405142784119,0.7115509510040283,0.16134780645370483,0.2299657166004181,0.17335772514343262,0.20675022900104523,patient19635/study6/view1_frontal.jpg,,
1.0,1.0,0.37926498724489793,2.0,1.0,0.48727238178253174,0.2847115099430084,0.5096296668052673,1.0,1.0,0.4077671468257904,0.5242490172386169,0.3363012969493866,0.37668079137802124,0.7184852957725525,0.15265128016471863,patient19635/study7/view1_frontal.jpg,,
1.0,1.0,0.38496492346938777,2.0,1.0,0.4683438539505005,0.2815639078617096,0.45504316687583923,1.0,1.0,0.6052848696708679,0.6717768907546997,0.22706744074821472,0.05574848875403404,0.051606014370918274,0.14570352435112,patient19635/study8/view1_frontal.jpg,,
1.0,1.0,0.3684032206632653,2.0,1.0,0.4939609467983246,0.2854835093021393,0.22224247455596924,1.0,1.0,0.8217608332633972,0.8679454922676086,0.0795135498046875,0.060885392129421234,0.016262618824839592,0.15951500833034515,patient19635/study9/view1_frontal.jpg,,
1.0,1.0,0.23732461734693877,3.0,1.0,0.34290966391563416,0.3259413540363312,0.3001209795475006,2.0,2.0,0.21268045902252197,0.3635767698287964,0.40329477190971375,0.403189092874527,0.6138706207275391,0.18758678436279297,patient19785/study1/view1_frontal.jpg,,
1.0,1.0,0.22522720025510204,2.0,1.0,0.35121628642082214,0.3220599293708801,0.07914841920137405,1.0,1.0,0.3690391182899475,0.534269392490387,0.29621854424476624,0.12313653528690338,0.2594913840293884,0.1274978518486023,patient20057/study1/view1_frontal.jpg,,
1.0,1.0,0.2653858418367347,5.0,1.0,0.3414720892906189,0.32120320200920105,0.2222498655319214,2.0,2.0,0.0019804835319519043,0.23976200819015503,0.3488205075263977,0.09921640902757645,0.11792313307523727,0.1656263917684555,patient20280/study1/view1_frontal.jpg,,
1.0,1.0,0.27244100765306123,1.0,1.0,0.3453666567802429,0.32329246401786804,0.14079150557518005,1.0,1.0,0.23758237063884735,0.4320160150527954,0.3615521192550659,0.09768816828727722,0.2070050835609436,0.1747874766588211,patient20280/study2/view1_frontal.jpg,0.0,
1.0,1.0,0.2784398915816326,1.0,1.0,0.3463340401649475,0.3238731622695923,0.3293001055717468,2.0,2.0,0.0005472302436828613,0.16384606063365936,0.4218921959400177,0.13157802820205688,0.19559045135974884,0.16965317726135254,patient20280/study3/view1_frontal.jpg,,
1.0,1.0,0.31150350765306123,3.0,1.0,0.35497012734413147,0.32179996371269226,0.23142825067043304,1.0,1.0,0.40114736557006836,0.5789687633514404,0.24912986159324646,0.14893971383571625,0.09161872416734695,0.18233776092529297,patient20280/study4/view1_frontal.jpg,0.0,
1.0,1.0,0.25743383290816324,1.0,1.0,0.3174082338809967,0.3116704523563385,0.061647165566682816,1.0,1.0,0.5095762014389038,0.6335707306861877,0.2642790973186493,0.03386710211634636,0.016421006992459297,0.19398124516010284,patient20288/study1/view1_frontal.jpg,,
1.0,1.0,0.25388632015306123,3.0,1.0,0.3249485194683075,0.3088080883026123,0.1706569939851761,1.0,1.0,0.5020068287849426,0.6400900483131409,0.2218266725540161,0.05456683412194252,0.03592715784907341,0.17418257892131805,patient20301/study1/view1_frontal.jpg,,
1.0,1.0,0.27596859056122447,1.0,1.0,0.320154070854187,0.3034120798110962,0.22772838175296783,1.0,1.0,0.4649564027786255,0.5980714559555054,0.227618008852005,0.05974757671356201,0.09361442178487778,0.17305465042591095,patient20437/study1/view1_frontal.jpg,,
1.0,1.0,0.39022640306122447,6.0,1.0,0.3413221538066864,0.3085414171218872,0.5016800165176392,2.0,2.0,0.34400075674057007,0.37108737230300903,0.49577996134757996,0.14841100573539734,0.21745148301124573,0.14629915356636047,patient20537/study1/view1_frontal.jpg,,
1.0,1.0,0.28920200892857145,4.0,1.0,0.360018253326416,0.31654030084609985,0.3582245111465454,1.0,1.0,0.3418344259262085,0.48650774359703064,0.33122146129608154,0.11027602106332779,0.18876765668392181,0.14681750535964966,patient20799/study1/view1_frontal.jpg,,
1.0,1.0,0.2770448022959184,6.0,1.0,0.3660542666912079,0.3134743571281433,0.29438477754592896,1.0,1.0,0.5317940711975098,0.6453287601470947,0.24673274159431458,0.11174099892377853,0.07940937578678131,0.18796207010746002,patient20799/study10/view1_frontal.jpg,,
1.0,1.0,0.26688058035714285,1.0,1.0,0.3650956451892853,0.31377556920051575,0.3143651485443115,2.0,2.0,0.1699623167514801,0.3169296383857727,0.4128941297531128,0.3734435439109802,0.4361068308353424,0.13537085056304932,patient20799/study11/view1_frontal.jpg,0.0,
1.0,1.0,0.32338169642857145,5.0,1.0,0.3635936677455902,0.3190954923629761,0.48333239555358887,2.0,2.0,0.27635371685028076,0.17264479398727417,0.5668520927429199,0.08227788656949997,0.11504217237234116,0.13027045130729675,patient20799/study12/view1_frontal.jpg,0.0,
1.0,1.0,0.28788663903061223,2.0,1.0,0.3706400990486145,0.31368139386177063,0.3962867856025696,1.0,1.0,0.38142216205596924,0.48806440830230713,0.37310320138931274,0.16091398894786835,0.508508563041687,0.11655630171298981,patient20799/study13/view1_frontal.jpg,1.0,
1.0,1.0,0.3321109693877551,1.0,1.0,0.4027186930179596,0.30895736813545227,0.4910842776298523,2.0,2.0,0.3744100332260132,0.38388878107070923,0.5086888074874878,0.12787221372127533,0.0598389133810997,0.15606603026390076,patient20799/study2/view1_frontal.jpg,,
1.0,1.0,0.3733657525510204,2.0,1.0,0.4149816036224365,0.3128478527069092,0.5427026748657227,2.0,2.0,0.36359095573425293,0.3202603757381439,0.5159286260604858,0.12855227291584015,0.04056544229388237,0.12387024611234665,patient20799/study3/view1_frontal.jpg,,
1.0,1.0,0.25643734056122447,3.0,1.0,0.3773402273654938,0.3080185055732727,0.4122526943683624,2.0,2.0,0.26351821422576904,0.20400680601596832,0.5247277021408081,0.27367594838142395,0.30385541915893555,0.13948170840740204,patient20799/study4/view1_frontal.jpg,,
1.0,1.0,0.25571986607142855,9.0,1.0,0.37385377287864685,0.31692978739738464,0.20709259808063507,1.0,1.0,0.634355366230011,0.7315428256988525,0.19627022743225098,0.1284666806459427,0.10832027345895767,0.1782197505235672,patient20799/study5/view1_frontal.jpg,,
1.0,1.0,0.2934072066326531,2.0,1.0,0.3591231405735016,0.31631818413734436,0.1784103661775589,1.0,1.0,0.8979194164276123,0.9141483306884766,0.05556464195251465,0.04956354573369026,0.04004382714629173,0.1671033650636673,patient20799/study6/view1_frontal.jpg,,
1.0,1.0,0.334163743622449,3.0,1.0,0.389490008354187,0.3165612816810608,0.46787020564079285,2.0,2.0,0.27992552518844604,0.3359636664390564,0.47037845849990845,0.25124824047088623,0.07779085636138916,0.15427419543266296,patient20799/study7/view1_frontal.jpg,0.0,
1.0,1.0,0.26821588010204084,3.0,1.0,0.36090826988220215,0.31261253356933594,0.3129440248012543,1.0,1.0,0.6382665634155273,0.6830935478210449,0.214424267411232,0.21923300623893738,0.2510519027709961,0.14465203881263733,patient20799/study8/view1_frontal.jpg,,
1.0,1.0,0.27598852040816324,2.0,1.0,0.3701937198638916,0.31536865234375,0.27422067523002625,1.0,1.0,0.4823896884918213,0.6218902468681335,0.2386091649532318,0.14384981989860535,0.057520899921655655,0.13384301960468292,patient20799/study9/view1_frontal.jpg,,
1.0,1.0,0.2604432397959184,2.0,1.0,0.3589785695075989,0.332589715719223,0.0938531905412674,1.0,1.0,0.18372495472431183,0.4015462398529053,0.3806324303150177,0.04564664512872696,0.009771067649126053,0.2012805938720703,patient20869/study1/view1_frontal.jpg,,
1.0,1.0,0.23190369897959184,5.0,1.0,0.33604660630226135,0.3240816593170166,0.17311976850032806,1.0,1.0,0.523877739906311,0.6541192531585693,0.21563921868801117,0.024949582293629646,0.02647915482521057,0.15928006172180176,patient21208/study1/view1_frontal.jpg,,
1.0,1.0,0.27818080357142855,1.0,1.0,0.3513999581336975,0.310619592666626,0.18317633867263794,1.0,1.0,0.6897107362747192,0.7608487010002136,0.1358318030834198,0.04970754683017731,0.028915151953697205,0.16292019188404083,patient21233/study1/view1_frontal.jpg,,
1.0,1.0,0.31287866709183676,2.0,1.0,0.32952579855918884,0.3121108412742615,0.38240906596183777,1.0,1.0,0.5362931489944458,0.6137130260467529,0.26724082231521606,0.2973712384700775,0.051494576036930084,0.15276981890201569,patient21233/study2/view1_frontal.jpg,,
1.0,1.0,0.27525111607142855,3.0,1.0,0.3116270899772644,0.31693756580352783,0.16309231519699097,1.0,1.0,0.7854292988777161,0.8219417929649353,0.14686495065689087,0.042385462671518326,0.10870586335659027,0.1487959772348404,patient21233/study3/view1_frontal.jpg,,
1.0,1.0,0.2149035395408163,3.0,1.0,0.2979544997215271,0.3080521523952484,0.13610051572322845,2.0,2.0,0.12078380584716797,0.195047989487648,0.46036913990974426,0.167364239692688,0.14728783071041107,0.23535937070846558,patient21233/study4/view1_frontal.jpg,,
1.0,1.0,0.2534279336734694,1.0,1.0,0.2974429726600647,0.3001791536808014,0.16779646277427673,2.0,2.0,0.1827399730682373,0.3161614239215851,0.4377540349960327,0.21011853218078613,0.3702779710292816,0.18773899972438812,patient21233/study5/view1_frontal.jpg,,
1.0,1.0,0.290218431122449,6.0,1.0,0.323091596364975,0.3251264691352844,0.09137677401304245,1.0,1.0,0.7647584676742554,0.8414537310600281,0.10779605060815811,0.015942884609103203,0.0010540054645389318,0.12432563304901123,patient21597/study1/view1_frontal.jpg,,
1.0,1.0,0.31236049107142855,4.0,1.0,0.3687532842159271,0.3036316931247711,0.30326950550079346,1.0,1.0,0.7511693835258484,0.7912119626998901,0.1687454879283905,0.05143541097640991,0.027909427881240845,0.10240105539560318,patient21597/study10/view1_frontal.jpg,,
1.0,1.0,0.31905691964285715,3.0,1.0,0.3787040710449219,0.305643767118454,0.20424045622348785,1.0,1.0,0.8796575665473938,0.9076583981513977,0.05816267430782318,0.056092023849487305,0.02199268713593483,0.12216916680335999,patient21597/study11/view1_frontal.jpg,,
1.0,1.0,0.3101283482142857,4.0,1.0,0.3107777535915375,0.3117600083351135,0.21015551686286926,1.0,1.0,0.5305272340774536,0.6651285290718079,0.20027022063732147,0.10287055373191833,0.004376015160232782,0.1835421770811081,patient21597/study12/view1_frontal.jpg,,
1.0,1.0,0.3051259566326531,1.0,1.0,0.32075628638267517,0.31180712580680847,0.1103658452630043,2.0,2.0,0.20912492275238037,0.2099858522415161,0.5040032863616943,0.011199907399713993,0.00306377443484962,0.1419120579957962,patient21597/study2/view1_frontal.jpg,,
1.0,1.0,0.25753348214285715,3.0,1.0,0.291749507188797,0.2951093316078186,0.13522809743881226,1.0,1.0,0.14747264981269836,0.4017173945903778,0.34403783082962036,0.1691836714744568,0.2540769875049591,0.16455350816249847,patient21597/study3/view1_frontal.jpg,,
1.0,1.0,0.3317123724489796,5.0,1.0,0.39816778898239136,0.29821714758872986,0.2480478286743164,1.0,1.0,0.8171567916870117,0.8509405851364136,0.11527565866708755,0.08236051350831985,0.0017856907797977328,0.11765356361865997,patient21597/study4/view1_frontal.jpg,,
1.0,1.0,0.2811702806122449,2.0,1.0,0.3042457103729248,0.30139777064323425,0.12885160744190216,2.0,2.0,0.1573512852191925,0.30529430508613586,0.42602846026420593,0.05549541488289833,0.005719236563891172,0.1941634565591812,patient21597/study5/view1_frontal.jpg,,
1.0,1.0,0.3988759566326531,4.0,1.0,0.3877849578857422,0.2965054512023926,0.4350311756134033,1.0,1.0,0.4221635162830353,0.5514639616012573,0.31923559308052063,0.0279118400067091,0.0039400034584105015,0.14165347814559937,patient21597/study6/view1_frontal.jpg,,
1.0,1.0,0.2726203762755102,3.0,1.0,0.3087323307991028,0.30921515822410583,0.12976916134357452,2.0,2.0,0.09807455539703369,0.31030213832855225,0.3857106566429138,0.09100745618343353,0.0003170834097545594,0.14045719802379608,patient21597/study7/view1_frontal.jpg,,
1.0,1.0,0.30600286989795916,5.0,1.0,0.37386462092399597,0.30123111605644226,0.39203089475631714,1.0,1.0,0.5148730874061584,0.6071318984031677,0.3006093204021454,0.044722624123096466,0.0025142268277704716,0.12171176820993423,patient21597/study8/view1_frontal.jpg,,
1.0,1.0,0.34169722576530615,1.0,1.0,0.396606981754303,0.3006923496723175,0.2789181172847748,1.0,1.0,0.8267914056777954,0.8557161092758179,0.097454734146595,0.041818782687187195,0.0009697247878648341,0.13677875697612762,patient21597/study9/view1_frontal.jpg,,
1.0,1.0,0.3309749681122449,4.0,1.0,0.3575994670391083,0.2995072901248932,0.38472333550453186,1.0,1.0,0.17005236446857452,0.40531444549560547,0.39797669649124146,0.048514481633901596,0.16607393324375153,0.14044569432735443,patient21607/study1/view1_frontal.jpg,,
1.0,1.0,0.10160235969387756,2.0,1.0,0.21869443356990814,0.2912764549255371,0.025693753734230995,2.0,2.0,0.29234471917152405,0.40381839871406555,0.4175543785095215,0.20724813640117645,0.03942973539233208,0.2204587161540985,patient21836/study1/view1_frontal.jpg,,
1.0,1.0,0.10700334821428571,2.0,1.0,0.21856728196144104,0.29846152663230896,0.043836403638124466,1.0,1.0,0.4235610365867615,0.5193171501159668,0.32933932542800903,0.332550048828125,0.40703681111335754,0.18023477494716644,patient22072/study1/view1_frontal.jpg,1.0,
1.0,1.0,0.11298230229591837,1.0,1.0,0.22439377009868622,0.29951757192611694,0.012864497490227222,1.0,1.0,0.464124858379364,0.5613343715667725,0.3702523708343506,0.21592821180820465,0.7430164813995361,0.12297213822603226,patient22072/study2/view1_frontal.jpg,,
1.0,1.0,0.10925542091836735,1.0,1.0,0.21673990786075592,0.29413148760795593,0.014390661381185055,2.0,2.0,0.3891785442829132,0.3804410696029663,0.5043687224388123,0.177937313914299,0.017757151275873184,0.17317160964012146,patient22203/study1/view1_frontal.jpg,,
1.0,1.0,0.06853874362244898,1.0,1.0,0.21221788227558136,0.2881883680820465,0.0034132422879338264,2.0,2.0,0.4019263982772827,0.22402538359165192,0.588950514793396,0.19970960915088654,0.11322431266307831,0.1666249781847,patient22203/study2/view1_frontal.jpg,,
1.0,1.0,0.1561902104591837,1.0,1.0,0.26292064785957336,0.3080236613750458,0.04674220457673073,1.0,1.0,0.7181788682937622,0.7870336771011353,0.15134653449058533,0.10596691071987152,0.24488258361816406,0.1693894863128662,patient22203/study3/view1_frontal.jpg,,
1.0,1.0,0.14684311224489796,1.0,1.0,0.24621053040027618,0.30241888761520386,0.06368722021579742,1.0,1.0,0.7804569602012634,0.8209197521209717,0.12171408534049988,0.2400236278772354,0.29365384578704834,0.16985264420509338,patient22203/study4/view1_frontal.jpg,,
1.0,1.0,0.12547831632653061,2.0,1.0,0.24121008813381195,0.3023671507835388,0.0485040545463562,2.0,2.0,0.2677721083164215,0.39392825961112976,0.4151192903518677,0.2530074715614319,0.32552942633628845,0.13700059056282043,patient22203/study5/view1_frontal.jpg,,
1.0,1.0,0.1387316645408163,2.0,1.0,0.2370803952217102,0.30502989888191223,0.031624775379896164,2.0,2.0,0.266243577003479,0.3989802300930023,0.41672423481941223,0.17221136391162872,0.07287459820508957,0.2026740163564682,patient22203/study6/view1_frontal.jpg,,
1.0,1.0,0.17843191964285715,2.0,1.0,0.2740137577056885,0.31725171208381653,0.09204233437776566,1.0,1.0,0.4902641475200653,0.6043391227722168,0.25104862451553345,0.12417977303266525,0.1829964965581894,0.14243821799755096,patient22203/study7/view1_frontal.jpg,,
1.0,1.0,0.13410794005102042,1.0,1.0,0.23586027324199677,0.30246177315711975,0.05159148573875427,1.0,1.0,0.4499434232711792,0.5516367554664612,0.34985050559043884,0.27493739128112793,0.028795236721634865,0.18289589881896973,patient22207/study1/view1_frontal.jpg,0.0,
1.0,1.0,0.17707669005102042,1.0,1.0,0.27434515953063965,0.30761784315109253,0.0003804883162956685,2.0,2.0,0.588952362537384,0.07952587306499481,0.7396621108055115,0.053074173629283905,0.01606648787856102,0.1702146679162979,patient22233/study1/view1_frontal.jpg,,
1.0,1.0,0.1696827168367347,2.0,1.0,0.25808221101760864,0.3005986511707306,0.09008093923330307,2.0,2.0,0.24633681774139404,0.25586292147636414,0.49288633465766907,0.05730564892292023,0.01952304132282734,0.17770329117774963,patient22233/study2/view1_frontal.jpg,,
1.0,1.0,0.18698182397959184,4.0,1.0,0.27127280831336975,0.304756760597229,0.12002583593130112,1.0,1.0,0.21858327090740204,0.4342647194862366,0.30038243532180786,0.029199562966823578,0.04933872073888779,0.1271190196275711,patient22233/study3/view1_frontal.jpg,,
1.0,1.0,0.12362484056122448,2.0,1.0,0.23011250793933868,0.2994201183319092,0.06493651121854782,1.0,1.0,0.4778099060058594,0.5748655200004578,0.2835580110549927,0.1141185462474823,0.0608559176325798,0.2089371234178543,patient22233/study4/view1_frontal.jpg,,
1.0,1.0,0.16436144770408162,3.0,1.0,0.2684498131275177,0.3070266544818878,0.008475832641124725,2.0,2.0,0.43464183807373047,0.0932626947760582,0.6197183728218079,0.0787692591547966,0.047318968921899796,0.14343568682670593,patient22233/study5/view1_frontal.jpg,,
1.0,1.0,0.15266262755102042,1.0,1.0,0.23478610813617706,0.294504314661026,0.13139013946056366,2.0,2.0,0.30129343271255493,0.3320156931877136,0.46979305148124695,0.07839569449424744,0.12117359787225723,0.15246844291687012,patient22257/study1/view1_frontal.jpg,,
1.0,1.0,0.12324617346938775,1.0,1.0,0.21935226023197174,0.28605109453201294,0.04204967990517616,1.0,1.0,0.4799705147743225,0.5777423977851868,0.35795190930366516,0.1871306151151657,0.010756541974842548,0.17296543717384338,patient22257/study2/view1_frontal.jpg,,
1.0,1.0,0.10602678571428571,1.0,1.0,0.19758716225624084,0.2754088342189789,0.17562301456928253,2.0,2.0,0.308481365442276,0.32883837819099426,0.42648154497146606,0.6123884320259094,0.2685340344905853,0.22007645666599274,patient22258/study1/view1_frontal.jpg,,
1.0,1.0,0.18845663265306123,1.0,1.0,0.2542109191417694,0.29577502608299255,0.19000069797039032,2.0,2.0,0.26586461067199707,0.11977528035640717,0.5713394284248352,0.19910719990730286,0.05937953665852547,0.16705454885959625,patient22360/study1/view1_frontal.jpg,,
1.0,1.0,0.17067920918367346,1.0,1.0,0.22575148940086365,0.290899395942688,0.05104634910821915,2.0,2.0,0.3613136410713196,0.12585130333900452,0.6177311539649963,0.13297408819198608,0.6856451034545898,0.1676143854856491,patient22360/study2/view1_frontal.jpg,,
1.0,1.0,0.1325733418367347,1.0,1.0,0.20997720956802368,0.28541210293769836,0.0194614939391613,2.0,2.0,0.41020143032073975,0.11487958580255508,0.6362199783325195,0.12397591769695282,0.08819224685430527,0.18017800152301788,patient22373/study1/view1_frontal.jpg,,
1.0,1.0,0.16810825892857142,3.0,1.0,0.267250657081604,0.30157536268234253,0.037732984870672226,2.0,2.0,0.2326350212097168,0.1587790995836258,0.5266416668891907,0.20401187241077423,0.21829533576965332,0.1399250626564026,patient22373/study2/view1_frontal.jpg,,
1.0,1.0,0.15224410076530612,1.0,1.0,0.2759200632572174,0.310540109872818,0.13857236504554749,2.0,2.0,0.22552430629730225,0.11136408150196075,0.5470017790794373,0.11582387983798981,0.0595608651638031,0.16521713137626648,patient22509/study1/view1_frontal.jpg,,
1.0,1.0,0.20446029974489796,3.0,1.0,0.29776591062545776,0.3107558488845825,0.10487192869186401,1.0,1.0,0.39573705196380615,0.5607328414916992,0.2742714285850525,0.02230263315141201,0.00974304974079132,0.10248827189207077,patient22762/study1/view1_frontal.jpg,,
1.0,1.0,0.2001355229591837,3.0,1.0,0.29802295565605164,0.3095206618309021,0.0420062281191349,1.0,1.0,0.7701961398124695,0.8198283314704895,0.10783442109823227,0.028309034183621407,0.018709290772676468,0.19033226370811462,patient22835/study1/view1_frontal.jpg,0.0,
1.0,1.0,0.1554328762755102,3.0,1.0,0.27183201909065247,0.32413250207901,0.01245879102498293,2.0,2.0,0.2685377895832062,0.14710848033428192,0.5460836291313171,0.05114760994911194,0.11136588454246521,0.14645527303218842,patient22969/study1/view1_frontal.jpg,1.0,
1.0,1.0,0.11587213010204081,2.0,1.0,0.22518500685691833,0.30420541763305664,0.07034037262201309,1.0,1.0,0.3990498483181,0.5085435509681702,0.327457457780838,0.2640458941459656,0.33451390266418457,0.18381361663341522,patient23167/study1/view1_frontal.jpg,,
1.0,1.0,0.10032684948979592,4.0,1.0,0.21466071903705597,0.2938293218612671,0.01612662710249424,1.0,1.0,0.5216869711875916,0.6405355334281921,0.24061593413352966,0.21333031356334686,0.2562078535556793,0.16229137778282166,patient23201/study1/view1_frontal.jpg,0.0,
1.0,1.0,0.13849250637755103,3.0,1.0,0.2556687593460083,0.3064490258693695,0.014317874796688557,1.0,1.0,0.749267041683197,0.811905562877655,0.12545591592788696,0.14083917438983917,0.23052044212818146,0.1367442011833191,patient23222/study1/view1_frontal.jpg,,
1.0,1.0,0.13006218112244897,1.0,1.0,0.24370631575584412,0.3011898398399353,0.04679597169160843,2.0,2.0,0.34509986639022827,0.20753659307956696,0.5687816739082336,0.23934315145015717,0.3066645860671997,0.18158188462257385,patient23222/study2/view1_frontal.jpg,,
1.0,1.0,0.09683912627551021,1.0,1.0,0.21807613968849182,0.2972554564476013,0.056229088455438614,2.0,2.0,0.424678772687912,0.29344528913497925,0.5461771488189697,0.38688480854034424,0.36859866976737976,0.17087435722351074,patient23222/study3/view1_frontal.jpg,,
1.0,1.0,0.08639588647959184,1.0,1.0,0.21839134395122528,0.28139710426330566,0.009710981510579586,2.0,2.0,0.389518141746521,0.33009809255599976,0.529710054397583,0.40644848346710205,0.10705830156803131,0.2049580216407776,patient23420/study1/view1_frontal.jpg,,
1.0,1.0,0.07156808035714286,1.0,1.0,0.2185239940881729,0.28950947523117065,0.1320946216583252,2.0,2.0,0.3896164298057556,0.20386172831058502,0.5632812976837158,0.8600854873657227,0.7825245261192322,0.15432435274124146,patient23508/study1/view1_frontal.jpg,,
1.0,1.0,0.14692283163265307,1.0,1.0,0.29776543378829956,0.3174746632575989,0.1081271693110466,2.0,2.0,0.24810688197612762,0.38907095789909363,0.3938014507293701,0.5020835399627686,0.024368809536099434,0.24372096359729767,patient23508/study2/view1_frontal.jpg,,
1.0,1.0,0.11308195153061225,3.0,1.0,0.2547578513622284,0.29773133993148804,0.07808519154787064,1.0,1.0,0.2530696392059326,0.43833985924720764,0.3662649691104889,0.5894951820373535,0.03733165189623833,0.15964354574680328,patient23659/study1/view1_frontal.jpg,,
1.0,1.0,0.13737643494897958,2.0,1.0,0.30114156007766724,0.31333598494529724,0.019661327823996544,1.0,1.0,0.3693366050720215,0.48965442180633545,0.366433709859848,0.20638374984264374,0.00933294277638197,0.19180823862552643,patient23738/study1/view1_frontal.jpg,,
1.0,1.0,0.1143375318877551,2.0,1.0,0.2600261867046356,0.28921768069267273,0.012471477501094341,1.0,1.0,0.6268489360809326,0.7110966444015503,0.19733254611492157,0.17160587012767792,0.0011215542908757925,0.1806587129831314,patient23751/study1/view1_frontal.jpg,,
1.0,1.0,0.07884247448979592,1.0,1.0,0.22966085374355316,0.28560513257980347,0.02061150036752224,1.0,1.0,0.40052881836891174,0.5019524693489075,0.4149356484413147,0.2903290390968323,0.0007796098361723125,0.21142683923244476,patient23751/study2/view1_frontal.jpg,,
1.0,1.0,0.13135762117346939,2.0,1.0,0.28261592984199524,0.29349833726882935,0.041746776551008224,1.0,1.0,0.436044842004776,0.5476956367492676,0.32369866967201233,0.17835824191570282,0.03134525567293167,0.18508687615394592,patient23879/study1/view1_frontal.jpg,0.0,
1.0,1.0,0.16252790178571427,1.0,1.0,0.2859548330307007,0.2921026051044464,0.022414179518818855,2.0,2.0,0.26918578147888184,0.3032068908214569,0.47270554304122925,0.14312011003494263,0.001165080931968987,0.15918482840061188,patient23898/study1/view1_frontal.jpg,,
1.0,1.0,0.18012595663265307,1.0,1.0,0.28988268971443176,0.295224130153656,0.0811627060174942,2.0,2.0,0.214592844247818,0.24197901785373688,0.48162633180618286,0.14041021466255188,0.041191466152668,0.18586832284927368,patient23898/study2/view1_frontal.jpg,,
1.0,1.0,0.16798867984693877,1.0,1.0,0.2918422818183899,0.29709067940711975,0.1224742978811264,1.0,1.0,0.3386903405189514,0.4827619194984436,0.3617797791957855,0.16089263558387756,0.03782883659005165,0.16924245655536652,patient23898/study3/view1_frontal.jpg,,
1.0,1.0,0.14598612882653061,1.0,1.0,0.2655532658100128,0.2965775728225708,0.08149225264787674,2.0,2.0,0.319657564163208,0.2107359766960144,0.5544607639312744,0.5930996537208557,0.37586310505867004,0.1939220428466797,patient23923/study1/view1_frontal.jpg,,
1.0,1.0,0.13165656887755103,1.0,1.0,0.28162962198257446,0.3022752106189728,0.06718641519546509,2.0,2.0,0.30756106972694397,0.10318559408187866,0.5671219229698181,0.5804563760757446,0.4800654947757721,0.25751084089279175,patient23923/study2/view1_frontal.jpg,,
1.0,1.0,0.09141820790816327,1.0,1.0,0.2299971729516983,0.2846565246582031,0.03229805827140808,2.0,2.0,0.3709394633769989,0.1366707980632782,0.61463862657547,0.407111257314682,0.003071561921387911,0.1148628517985344,patient24035/study1/view1_frontal.jpg,,
1.0,1.0,0.09650031887755102,1.0,1.0,0.2624821960926056,0.29133832454681396,0.017586180940270424,1.0,1.0,0.5599045753479004,0.657682478427887,0.26527637243270874,0.30755844712257385,0.014296617358922958,0.18055005371570587,patient24035/study2/view1_frontal.jpg,,
1.0,1.0,0.09803491709183673,1.0,1.0,0.2654190957546234,0.2963075041770935,0.026677316054701805,2.0,2.0,0.2424844205379486,0.1464824378490448,0.509015679359436,0.26992014050483704,0.12672394514083862,0.16316963732242584,patient24682/study1/view1_frontal.jpg,,
1.0,1.0,0.12575733418367346,1.0,1.0,0.2817932963371277,0.3021358847618103,0.01273338869214058,2.0,2.0,0.27825796604156494,0.13474343717098236,0.515291690826416,0.2067417949438095,0.9541370868682861,0.21176345646381378,patient24765/study1/view1_frontal.jpg,,
1.0,1.0,0.09751674107142858,5.0,1.0,0.2512950003147125,0.29671502113342285,0.04763017222285271,2.0,2.0,0.19410617649555206,0.3836161494255066,0.4052450358867645,0.5117847919464111,0.8125796914100647,0.25064000487327576,patient24825/study1/view1_frontal.jpg,1.0,
1.0,1.0,0.1526825573979592,1.0,1.0,0.29044172167778015,0.30701082944869995,0.04978359863162041,2.0,2.0,0.2570803761482239,0.2274654358625412,0.4996572732925415,0.37873905897140503,0.16890054941177368,0.23466360569000244,patient24834/study1/view1_frontal.jpg,,
1.0,1.0,0.21689652423469388,1.0,1.0,0.352788507938385,0.32349783182144165,0.002577377948909998,2.0,2.0,0.4180437922477722,0.13539734482765198,0.6396235823631287,0.15778490900993347,0.11328089237213135,0.17132939398288727,patient24834/study2/view1_frontal.jpg,,
1.0,1.0,0.2830835459183674,4.0,1.0,0.35919860005378723,0.32296329736709595,0.07228052616119385,2.0,2.0,0.18131673336029053,0.14662188291549683,0.4860653877258301,0.3145190179347992,0.15795117616653442,0.19589006900787354,patient24834/study3/view1_frontal.jpg,,
1.0,1.0,0.2848971619897959,1.0,1.0,0.3563930094242096,0.3209753632545471,0.1271623969078064,2.0,2.0,0.1678316295146942,0.3206676244735718,0.42797279357910156,0.3458986282348633,0.1079137921333313,0.19805189967155457,patient24834/study4/view1_frontal.jpg,,
1.0,1.0,0.16230867346938777,2.0,1.0,0.3047209084033966,0.3068132698535919,0.011110473424196243,2.0,2.0,0.3171527683734894,0.10264196991920471,0.5643212795257568,0.18714314699172974,0.02142896130681038,0.16657982766628265,patient24834/study5/view1_frontal.jpg,,
1.0,1.0,0.15782445790816327,1.0,1.0,0.3090279996395111,0.3111512064933777,0.03309917822480202,2.0,2.0,0.30047374963760376,0.17416156828403473,0.5488585233688354,0.23467521369457245,0.005526088643819094,0.23413240909576416,patient24874/study1/view1_frontal.jpg,,
1.0,1.0,0.21930803571428573,1.0,1.0,0.3589797616004944,0.31216350197792053,0.300790399312973,0.0,0.0,0.0,0.1344960331916809,0.4298519492149353,0.8788368105888367,0.11270944029092789,0.18983404338359833,patient24955/study1/view1_frontal.jpg,,
1.0,1.0,0.30014349489795916,1.0,1.0,0.40669921040534973,0.3105356693267822,0.35561442375183105,0.0,0.0,0.0,0.16864542663097382,0.39100781083106995,0.9530894160270691,0.1680719405412674,0.19509130716323853,patient24955/study10/view1_frontal.jpg,,
1.0,1.0,0.20998086734693877,1.0,1.0,0.35118818283081055,0.3238910436630249,0.32728856801986694,2.0,2.0,0.0945618748664856,0.11638133227825165,0.493028849363327,0.8648631572723389,0.11486120522022247,0.169255331158638,patient24955/study2/view1_frontal.jpg,,
1.0,1.0,0.2642299107142857,5.0,1.0,0.3983832001686096,0.31070977449417114,0.23416586220264435,0.0,0.0,0.0,0.15728652477264404,0.3297802805900574,0.21786713600158691,0.08586630970239639,0.18412865698337555,patient24955/study3/view1_frontal.jpg,,
1.0,1.0,0.2030452806122449,1.0,1.0,0.3484794795513153,0.31858474016189575,0.24338583648204803,2.0,2.0,0.03228402137756348,0.12844233214855194,0.45717892050743103,0.9188469052314758,0.2856503129005432,0.17454352974891663,patient24955/study4/view1_frontal.jpg,,
1.0,1.0,0.24541613520408162,2.0,1.0,0.3819946050643921,0.31419745087623596,0.4865278899669647,2.0,2.0,0.22392946481704712,0.06648048013448715,0.5879484415054321,0.9459723234176636,0.15877340734004974,0.1692672222852707,patient24955/study5/view1_frontal.jpg,,
1.0,1.0,0.21348852040816327,1.0,1.0,0.3664608299732208,0.3166532516479492,0.33626678586006165,2.0,2.0,0.08159631490707397,0.1096036359667778,0.48996806144714355,0.726503312587738,0.03448297455906868,0.16790923476219177,patient24955/study6/view1_frontal.jpg,,
1.0,1.0,0.24485809948979592,2.0,1.0,0.37303730845451355,0.31857672333717346,0.3464573621749878,0.0,0.0,0.0,0.11424335837364197,0.45124438405036926,0.758211076259613,0.08025706559419632,0.1635126918554306,patient24955/study6/view2_frontal.jpg,,
1.0,1.0,0.2768654336734694,3.0,1.0,0.4014362692832947,0.3121885359287262,0.44676730036735535,2.0,2.0,0.1057298481464386,0.10741183906793594,0.5123904347419739,0.810492992401123,0.20123694837093353,0.21313554048538208,patient24955/study7/view1_frontal.jpg,,
1.0,1.0,0.2614198022959184,2.0,1.0,0.41365790367126465,0.31448033452033997,0.23027566075325012,0.0,0.0,0.0,0.18886063992977142,0.34735915064811707,0.8642080426216125,0.6697021722793579,0.23539257049560547,patient24955/study8/view1_frontal.jpg,,
1.0,1.0,0.27283960459183676,8.0,1.0,0.4115388095378876,0.3100143074989319,0.3989362418651581,0.0,0.0,0.0,0.11725436896085739,0.44076523184776306,0.913813591003418,0.894402027130127,0.24551331996917725,patient24955/study9/view1_frontal.jpg,,
1.0,1.0,0.36658960459183676,1.0,1.0,0.42178434133529663,0.31020522117614746,0.16037461161613464,2.0,2.0,0.2180798053741455,0.17092561721801758,0.5500510931015015,0.21970120072364807,0.6693419218063354,0.21047185361385345,patient25064/study1/view1_frontal.jpg,,
1.0,1.0,0.31166294642857145,7.0,1.0,0.43624892830848694,0.30706197023391724,0.2470235973596573,0.0,0.0,0.0,0.15065167844295502,0.28106197714805603,0.11471298336982727,0.41944393515586853,0.21122409403324127,patient25064/study2/view1_frontal.jpg,1.0,
1.0,1.0,0.301578443877551,1.0,1.0,0.3984999656677246,0.298102468252182,0.027909979224205017,2.0,2.0,0.7248971462249756,0.041728079319000244,0.8370062708854675,0.057651009410619736,0.09980383515357971,0.1839844435453415,patient25064/study3/view1_frontal.jpg,0.0,
1.0,1.0,0.24473852040816327,2.0,1.0,0.37941882014274597,0.3050459921360016,0.0743899866938591,2.0,2.0,0.14318609237670898,0.24279789626598358,0.41406968235969543,0.23249070346355438,0.06682001054286957,0.20243699848651886,patient25160/study1/view1_frontal.jpg,0.0,
1.0,1.0,0.19744499362244897,1.0,1.0,0.3663696050643921,0.30330759286880493,0.031409233808517456,2.0,2.0,0.18859831988811493,0.20590092241764069,0.43254756927490234,0.11412157118320465,0.009702768176794052,0.22500894963741302,patient25386/study1/view1_frontal.jpg,,
1.0,1.0,0.31138392857142855,4.0,1.0,0.4093233346939087,0.3069157898426056,0.4425201416015625,2.0,2.0,0.0026702880859375,0.11677784472703934,0.4546794593334198,0.9608572125434875,0.71722012758255,0.16014961898326874,patient25386/study2/view1_frontal.jpg,,
1.0,1.0,0.2587890625,1.0,1.0,0.3633381724357605,0.28821778297424316,0.11145246773958206,2.0,2.0,0.3920551836490631,0.07298769801855087,0.673748791217804,0.17558851838111877,0.30037060379981995,0.16120100021362305,patient25615/study1/view1_frontal.jpg,,
1.0,1.0,0.270687181122449,1.0,1.0,0.37213996052742004,0.28903600573539734,0.13175995647907257,2.0,2.0,0.24465137720108032,0.13481563329696655,0.5662837624549866,0.19545294344425201,0.6648252606391907,0.16033723950386047,patient25615/study2/view1_frontal.jpg,,
1.0,1.0,0.18568638392857142,1.0,1.0,0.3855576813220978,0.3073124885559082,0.05641835555434227,2.0,2.0,0.4283285439014435,0.07078202813863754,0.6770405173301697,0.26738259196281433,0.06662110984325409,0.1477404683828354,patient25743/study1/view1_frontal.jpg,,
1.0,1.0,0.24998007015306123,1.0,1.0,0.39623206853866577,0.3064939081668854,0.11146771162748337,2.0,2.0,0.30543777346611023,0.10762326419353485,0.6075546741485596,0.4098854064941406,0.3228004276752472,0.22738951444625854,patient25743/study10/view1_frontal.jpg,,
1.0,1.0,0.14441167091836735,1.0,1.0,0.3078409731388092,0.2913145124912262,0.03403787687420845,2.0,2.0,0.1720021665096283,0.14765124022960663,0.44376471638679504,0.2174633890390396,0.21456477046012878,0.17998197674751282,patient25743/study11/view1_frontal.jpg,,
1.0,1.0,0.20390226403061223,1.0,1.0,0.3492718040943146,0.28809067606925964,0.11964641511440277,2.0,2.0,0.1596686840057373,0.14011576771736145,0.48906561732292175,0.3796747624874115,0.42354920506477356,0.1854550838470459,patient25743/study12/view1_frontal.jpg,,
1.0,1.0,0.27010921556122447,2.0,1.0,0.3937261402606964,0.30240964889526367,0.09503854066133499,2.0,2.0,0.19626685976982117,0.14957879483699799,0.5191676616668701,0.16440768539905548,0.3478504717350006,0.15709258615970612,patient25743/study13/view1_frontal.jpg,,
1.0,1.0,0.2885841836734694,2.0,1.0,0.3833044767379761,0.29603055119514465,0.11936457455158234,2.0,2.0,0.20910823345184326,0.1402505338191986,0.5415459275245667,0.07782644033432007,0.03215796500444412,0.20065352320671082,patient25743/study14/view1_frontal.jpg,,
1.0,1.0,0.21667729591836735,1.0,1.0,0.3660408854484558,0.3023388981819153,0.10643193125724792,2.0,2.0,0.27410149574279785,0.09402993321418762,0.5809044241905212,0.4626818895339966,0.7218796610832214,0.16032083332538605,patient25743/study15/view1_frontal.jpg,,
1.0,1.0,0.2029655612244898,2.0,1.0,0.37709948420524597,0.3058519661426544,0.16675254702568054,0.0,0.0,0.0,0.17684605717658997,0.3881224989891052,0.6306204795837402,0.7153216004371643,0.1754782348871231,patient25743/study16/view1_frontal.jpg,,
1.0,1.0,0.2251873405612245,1.0,1.0,0.3736169636249542,0.29996001720428467,0.10028345137834549,2.0,2.0,0.27676087617874146,0.11042499542236328,0.579136073589325,0.3156605064868927,0.4342135787010193,0.13467204570770264,patient25743/study17/view1_frontal.jpg,,
1.0,1.0,0.18795838647959184,2.0,1.0,0.40231853723526,0.3114459812641144,0.20181359350681305,0.0,0.0,0.0,0.1630030870437622,0.41278353333473206,0.6983445286750793,0.5913252234458923,0.13312411308288574,patient25743/study18/view1_frontal.jpg,,
1.0,1.0,0.341976243622449,1.0,1.0,0.3504023551940918,0.2797826826572418,0.21731480956077576,2.0,2.0,0.06406387686729431,0.22714203596115112,0.428732693195343,0.3012784421443939,0.3355606496334076,0.17769183218479156,patient25743/study19/view1_frontal.jpg,,
1.0,1.0,0.2846181441326531,1.0,1.0,0.39365848898887634,0.3099181354045868,0.24643419682979584,2.0,2.0,0.061795711517333984,0.1293388456106186,0.4760934114456177,0.3539147973060608,0.44434621930122375,0.1665095090866089,patient25743/study2/view1_frontal.jpg,,
1.0,1.0,0.30699936224489793,1.0,1.0,0.38894185423851013,0.30484920740127563,0.23170624673366547,2.0,2.0,0.026052385568618774,0.22606591880321503,0.3976319134235382,0.36901819705963135,0.13072308897972107,0.17514756321907043,patient25743/study20/view1_frontal.jpg,,
1.0,1.0,0.26303411989795916,1.0,1.0,0.3903840482234955,0.3036307692527771,0.08622829616069794,2.0,2.0,0.4362142086029053,0.08513446897268295,0.6926695704460144,0.1507040411233902,0.4036574959754944,0.16540764272212982,patient25743/study21/view1_frontal.jpg,,
1.0,1.0,0.2790577168367347,1.0,1.0,0.3562370240688324,0.28425994515419006,0.16922956705093384,2.0,2.0,0.12156665325164795,0.18333518505096436,0.4721715748310089,0.07494170218706131,0.16666962206363678,0.15650177001953125,patient25743/study22/view1_frontal.jpg,,
1.0,1.0,0.16507892219387754,2.0,1.0,0.353384792804718,0.28707244992256165,0.12847667932510376,2.0,2.0,0.07237902283668518,0.3102203905582428,0.37236887216567993,0.48717162013053894,0.31147071719169617,0.16469527781009674,patient25743/study23/view1_frontal.jpg,,
1.0,1.0,0.10680404974489796,1.0,1.0,0.29745304584503174,0.29064908623695374,0.027814079076051712,2.0,2.0,0.21141955256462097,0.19740667939186096,0.4707808792591095,0.267776221036911,0.16961462795734406,0.20497263967990875,patient25743/study24/view1_frontal.jpg,,
1.0,1.0,0.1612922512755102,1.0,1.0,0.3119169771671295,0.2946380376815796,0.059266529977321625,2.0,2.0,0.22501304745674133,0.14115113019943237,0.4961068332195282,0.3126147389411926,0.326150506734848,0.14303402602672577,patient25743/study25/view1_frontal.jpg,,
1.0,1.0,0.33492107780612246,2.0,1.0,0.34668537974357605,0.2838016748428345,0.17472544312477112,1.0,1.0,0.4973306357860565,0.6685474514961243,0.17054404318332672,0.1968282163143158,0.1353372186422348,0.2347526103258133,patient25743/study3/view1_frontal.jpg,,
1.0,1.0,0.3147122130102041,2.0,1.0,0.3961698114871979,0.2973213791847229,0.23443473875522614,0.0,0.0,0.0,0.14524297416210175,0.4198295474052429,0.26156067848205566,0.35090601444244385,0.15959306061267853,patient25743/study4/view1_frontal.jpg,,
1.0,1.0,0.2907764668367347,1.0,1.0,0.4021003246307373,0.3110126554965973,0.13001471757888794,2.0,2.0,0.3627060055732727,0.1019074022769928,0.65505051612854,0.14404195547103882,0.0023625183384865522,0.13559098541736603,patient25743/study5/view1_frontal.jpg,,
1.0,1.0,0.13271285076530612,2.0,1.0,0.30662062764167786,0.29451677203178406,0.019800197333097458,2.0,2.0,0.20382091403007507,0.17604964971542358,0.4728500545024872,0.10765523463487625,0.31507909297943115,0.1543562114238739,patient25743/study6/view1_frontal.jpg,,
1.0,1.0,0.25777264030612246,1.0,1.0,0.41345587372779846,0.31257113814353943,0.15627612173557281,2.0,2.0,0.21265417337417603,0.10162387043237686,0.559231698513031,0.5239097476005554,0.3286793828010559,0.15365466475486755,patient25743/study7/view1_frontal.jpg,,
1.0,1.0,0.14680325255102042,1.0,1.0,0.3058939278125763,0.29499369859695435,0.05130861699581146,1.0,1.0,0.2982373535633087,0.4369477331638336,0.35796141624450684,0.20330363512039185,0.5001058578491211,0.18531425297260284,patient25743/study8/view1_frontal.jpg,,
1.0,1.0,0.31112484056122447,1.0,1.0,0.3815012574195862,0.2961041033267975,0.11717492341995239,2.0,2.0,0.3310823142528534,0.11784422397613525,0.6256944537162781,0.19582919776439667,0.5706340670585632,0.1358318328857422,patient25743/study9/view1_frontal.jpg,,
1.0,1.0,0.15126753826530612,1.0,1.0,0.31010639667510986,0.2926451563835144,0.03046281822025776,2.0,2.0,0.373115599155426,0.11562876403331757,0.6040465235710144,0.1967027485370636,0.025542698800563812,0.18704180419445038,patient26018/study1/view1_frontal.jpg,,
1.0,1.0,0.1917450573979592,1.0,1.0,0.3471176028251648,0.2926138937473297,0.1671639233827591,2.0,2.0,0.15401902794837952,0.12238958477973938,0.5123887658119202,0.5934271812438965,0.6211832761764526,0.2673080861568451,patient26465/study1/view1_frontal.jpg,,
1.0,1.0,0.1818797831632653,2.0,1.0,0.3888794779777527,0.3006233274936676,0.09383007884025574,1.0,1.0,0.21024033427238464,0.4315454661846161,0.28862524032592773,0.2236647754907608,0.03268292173743248,0.14414118230342865,patient26585/study1/view1_frontal.jpg,,
1.0,1.0,0.21990593112244897,1.0,1.0,0.3507598638534546,0.2928248643875122,0.031245563179254532,2.0,2.0,0.2415742725133896,0.18970145285129547,0.4876909852027893,0.07989400625228882,0.001258627395145595,0.16487736999988556,patient26585/study2/view1_frontal.jpg,,
1.0,1.0,0.15872130102040816,1.0,1.0,0.32939741015434265,0.2926843762397766,0.03512706980109215,2.0,2.0,0.25237733125686646,0.28372853994369507,0.4141821563243866,0.2747954726219177,0.015277395024895668,0.2016836255788803,patient26668/study1/view1_frontal.jpg,,
1.0,1.0,0.22028459821428573,2.0,1.0,0.3753124177455902,0.29671579599380493,0.10774580389261246,2.0,2.0,0.09001174569129944,0.21655045449733734,0.41628578305244446,0.17115123569965363,0.10197930783033371,0.21124914288520813,patient26892/study1/view1_frontal.jpg,,
1.0,1.0,0.2830436862244898,3.0,1.0,0.39373892545700073,0.30097851157188416,0.08223410695791245,2.0,2.0,0.3763161599636078,0.08306042850017548,0.6225582957267761,0.05866267532110214,0.03160702809691429,0.14768874645233154,patient27230/study1/view1_frontal.jpg,,
1.0,1.0,0.21715561224489796,2.0,1.0,0.3259909749031067,0.2906075119972229,0.08833800256252289,2.0,2.0,0.16999304294586182,0.17185790836811066,0.47710999846458435,0.4145297408103943,0.11077983677387238,0.24536468088626862,patient27443/study1/view1_frontal.jpg,0.0,
1.0,1.0,0.4048549107142857,1.0,1.0,0.48360663652420044,0.28511932492256165,0.34875157475471497,1.0,1.0,0.7126595377922058,0.7846836447715759,0.14043894410133362,0.015940675511956215,0.004208313301205635,0.14332324266433716,patient27547/study1/view1_frontal.jpg,0.0,
1.0,1.0,0.38058035714285715,1.0,1.0,0.4827061593532562,0.2854558527469635,0.11496599018573761,1.0,1.0,0.9209558963775635,0.9347219467163086,0.04200940579175949,0.04865946248173714,0.012283402495086193,0.14786028861999512,patient27547/study1/view2_frontal.jpg,0.0,
1.0,1.0,0.3823740433673469,2.0,1.0,0.46229392290115356,0.28961479663848877,0.45737284421920776,1.0,1.0,0.485870897769928,0.5888551473617554,0.2766065001487732,0.02086518332362175,0.004528365097939968,0.12100333720445633,patient27547/study2/view1_frontal.jpg,,
1.0,1.0,0.34353077168367346,1.0,1.0,0.4411385655403137,0.28497862815856934,0.2854968309402466,1.0,1.0,0.7023658752441406,0.7804560661315918,0.1339169144630432,0.011407456360757351,0.00028736659442074597,0.14638641476631165,patient27547/study2/view2_frontal.jpg,,
1.0,1.0,0.42809311224489793,1.0,1.0,0.47108596563339233,0.28020790219306946,0.3451883792877197,1.0,1.0,0.5126502513885498,0.6552752256393433,0.2020997852087021,0.06904668360948563,0.003855690825730562,0.14719608426094055,patient27547/study3/view1_frontal.jpg,,
1.0,1.0,0.37926498724489793,5.0,1.0,0.48279643058776855,0.283424437046051,0.24957455694675446,1.0,1.0,0.4870504140853882,0.6443542242050171,0.19532397389411926,0.02315599098801613,0.009429355151951313,0.1559785008430481,patient27547/study4/view1_frontal.jpg,,
1.0,1.0,0.500358737244898,2.0,1.0,0.4820765256881714,0.2800479233264923,0.6606816053390503,2.0,2.0,0.3228093087673187,0.19392578303813934,0.557895839214325,0.1124941036105156,0.10837554186582565,0.15906240046024323,patient27547/study5/view1_frontal.jpg,,
1.0,1.0,0.3635204081632653,1.0,1.0,0.4509560465812683,0.2814388573169708,0.28386059403419495,1.0,1.0,0.5712831020355225,0.6837884783744812,0.17364518344402313,0.07512805610895157,0.07700107991695404,0.1700679212808609,patient27547/study6/view1_frontal.jpg,,
1.0,1.0,0.474430006377551,1.0,1.0,0.46236902475357056,0.28337785601615906,0.4365943968296051,1.0,1.0,0.7239766716957092,0.7795735597610474,0.14582942426204681,0.13842737674713135,0.7208720445632935,0.1570529341697693,patient27547/study7/view1_frontal.jpg,,
1.0,1.0,0.3717514349489796,2.0,1.0,0.4472779929637909,0.2816527783870697,0.28318506479263306,1.0,1.0,0.8947213888168335,0.9042790532112122,0.06435123085975647,0.12187740951776505,0.013908909633755684,0.21574078500270844,patient27665/study1/view1_frontal.jpg,,
1.0,1.0,0.4720982142857143,1.0,1.0,0.4519934058189392,0.27449101209640503,0.4287666976451874,1.0,1.0,0.7640301585197449,0.8095447421073914,0.1251075118780136,0.08089897036552429,0.007009266875684261,0.14418838918209076,patient27687/study1/view1_frontal.jpg,,
1.0,1.0,0.4034398915816326,1.0,1.0,0.4893980920314789,0.2855062782764435,0.5097573399543762,1.0,1.0,0.5998125672340393,0.6607699990272522,0.2563830018043518,0.75897216796875,0.020464783534407616,0.12869992852210999,patient27926/study1/view1_frontal.jpg,,
1.0,1.0,0.2518933354591837,2.0,1.0,0.39642488956451416,0.294221431016922,0.17165271937847137,1.0,1.0,0.7652540802955627,0.8246701955795288,0.09994915127754211,0.5453478097915649,0.25695329904556274,0.24734963476657867,patient28050/study1/view1_frontal.jpg,,
1.0,1.0,0.39217952806122447,4.0,1.0,0.5601838827133179,0.2569647431373596,0.3171984851360321,1.0,1.0,0.7372860908508301,0.8069941997528076,0.10439630597829819,0.07425282895565033,0.0007873378344811499,0.12525291740894318,patient28509/study1/view1_frontal.jpg,,
1.0,1.0,0.14463089923469388,2.0,1.0,0.2997376322746277,0.28608372807502747,0.19721576571464539,1.0,1.0,0.38804805278778076,0.5051469206809998,0.3453722894191742,0.599592924118042,0.0172475166618824,0.14651067554950714,patient28509/study2/view1_frontal.jpg,,
1.0,1.0,0.4805883290816326,6.0,1.0,0.4802696704864502,0.28334948420524597,0.5107829570770264,1.0,1.0,0.7100573182106018,0.7870203852653503,0.14124834537506104,0.048626795411109924,0.025984395295381546,0.14552557468414307,patient28509/study3/view1_frontal.jpg,,
1.0,1.0,0.5081513073979592,3.0,1.0,0.5812251567840576,0.23240666091442108,0.46694979071617126,1.0,1.0,0.34837180376052856,0.5431384444236755,0.2585252523422241,0.007889727130532265,0.005560776684433222,0.14949093759059906,patient28509/study4/view1_frontal.jpg,,
1.0,1.0,0.4999402104591837,1.0,1.0,0.5520414113998413,0.26786136627197266,0.4212006628513336,1.0,1.0,0.4763301610946655,0.6254737973213196,0.22538261115550995,0.07723647356033325,0.01447822991758585,0.1559668332338333,patient28509/study5/view1_frontal.jpg,,
1.0,1.0,0.3309948979591837,1.0,1.0,0.44189757108688354,0.297307550907135,0.11374597996473312,2.0,2.0,0.40118974447250366,0.09177711606025696,0.6808830499649048,0.0024468714836984873,0.000490641628857702,0.12034248560667038,patient28509/study6/view1_frontal.jpg,,
1.0,1.0,0.46484375,1.0,1.0,0.5643377304077148,0.25986459851264954,0.4140452742576599,1.0,1.0,0.838183581829071,0.8548281192779541,0.10185250639915466,0.1975070983171463,0.01209496334195137,0.18060778081417084,patient28509/study7/view1_frontal.jpg,,
1.0,1.0,0.5045838647959183,1.0,1.0,0.5722621083259583,0.25345683097839355,0.5944270491600037,1.0,1.0,0.5318172574043274,0.6133253574371338,0.31397244334220886,0.7023639678955078,0.07262757420539856,0.21442964673042297,patient28509/study8/view1_frontal.jpg,,
1.0,1.0,0.5020926339285714,2.0,1.0,0.5859245657920837,0.24341748654842377,0.6124157309532166,2.0,2.0,0.17951005697250366,0.24153265357017517,0.4701661765575409,0.20061415433883667,0.00809454545378685,0.1395334005355835,patient28509/study9/view1_frontal.jpg,,
1.0,1.0,0.09247448979591837,1.0,1.0,0.24332544207572937,0.270677387714386,0.01856168732047081,2.0,2.0,0.2808162569999695,0.2821960151195526,0.49931013584136963,0.1828051060438156,0.03560131415724754,0.15777690708637238,patient28603/study1/view1_frontal.jpg,,
1.0,1.0,0.09829400510204081,2.0,1.0,0.24490141868591309,0.2735464870929718,0.01332760788500309,1.0,1.0,0.5275591015815735,0.6158945560455322,0.2861390709877014,0.19821538031101227,0.001220160978846252,0.14824128150939941,patient28603/study2/view1_frontal.jpg,,
1.0,1.0,0.09518494897959184,1.0,1.0,0.2382647842168808,0.2679683566093445,0.027718309313058853,1.0,1.0,0.5027285218238831,0.6014126539230347,0.32547467947006226,0.3324987292289734,0.16830343008041382,0.1826949566602707,patient28888/study1/view1_frontal.jpg,,
1.0,1.0,0.0885483099489796,2.0,1.0,0.23498530685901642,0.2682759463787079,0.026454905048012733,2.0,2.0,0.3063225746154785,0.2518308758735657,0.5272458791732788,0.2960416078567505,0.050526730716228485,0.17870688438415527,patient28888/study1/view2_frontal.jpg,,
1.0,1.0,0.08591757015306123,1.0,1.0,0.2443571239709854,0.27079200744628906,0.02651074342429638,2.0,2.0,0.31050533056259155,0.35211214423179626,0.47919654846191406,0.27907484769821167,0.1224450021982193,0.15873782336711884,patient28918/study1/view1_frontal.jpg,,
1.0,1.0,0.12131297831632654,3.0,1.0,0.2424941211938858,0.27176353335380554,0.030621515586972237,2.0,2.0,0.2614387571811676,0.09340185672044754,0.5319551825523376,0.3099512457847595,0.32205522060394287,0.2207864224910736,patient28918/study2/view1_frontal.jpg,,
1.0,1.0,0.09741709183673469,1.0,1.0,0.2437840849161148,0.2731083929538727,0.04206506535410881,2.0,2.0,0.21997708082199097,0.17440538108348846,0.49595072865486145,0.4145554006099701,0.5786253809928894,0.20088374614715576,patient29620/study1/view1_frontal.jpg,1.0,
1.0,1.0,0.09492586096938775,1.0,1.0,0.25275030732154846,0.27918413281440735,0.033641353249549866,1.0,1.0,0.2822982668876648,0.4355310797691345,0.41123610734939575,0.362470805644989,0.08220143616199493,0.20665156841278076,patient29620/study2/view1_frontal.jpg,,
1.0,1.0,0.11967873086734694,1.0,1.0,0.25535306334495544,0.27777060866355896,0.021583767607808113,2.0,2.0,0.2956303358078003,0.25953781604766846,0.5180462598800659,0.26621660590171814,0.06904742121696472,0.1596967726945877,patient29620/study3/view1_frontal.jpg,,
1.0,1.0,0.07314253826530612,2.0,1.0,0.24951152503490448,0.2752792537212372,0.016027934849262238,2.0,2.0,0.22173771262168884,0.18469804525375366,0.4974423348903656,0.2972313165664673,0.4136262834072113,0.18877092003822327,patient29620/study4/view1_frontal.jpg,,
1.0,1.0,0.12862723214285715,2.0,1.0,0.25857147574424744,0.2836945950984955,0.060454122722148895,2.0,2.0,0.23933812975883484,0.18130068480968475,0.5289549231529236,0.3229663372039795,0.06927411258220673,0.22090071439743042,patient29620/study5/view1_frontal.jpg,,
1.0,1.0,0.11172672193877552,1.0,1.0,0.2576604187488556,0.27970749139785767,0.043500833213329315,2.0,2.0,0.37648841738700867,0.0735197514295578,0.6126739382743835,0.2809290885925293,0.012533089146018028,0.18806010484695435,patient30115/study1/view1_frontal.jpg,,
1.0,1.0,0.08577806122448979,2.0,1.0,0.24048539996147156,0.26630106568336487,0.011167933233082294,2.0,2.0,0.2873115837574005,0.4060053527355194,0.44065314531326294,0.3750782608985901,0.06083843484520912,0.20724129676818848,patient30225/study1/view1_frontal.jpg,,
1.0,1.0,0.3488919005102041,5.0,1.0,0.4417090117931366,0.28213414549827576,0.27044108510017395,1.0,1.0,0.8903780579566956,0.9115163087844849,0.06734542548656464,0.17042961716651917,0.1808442324399948,0.16246217489242554,patient30225/study10/view1_frontal.jpg,0.0,
1.0,1.0,0.19485411352040816,1.0,1.0,0.3670062720775604,0.3043878376483917,0.1209094226360321,2.0,2.0,0.07991823554039001,0.2670373022556305,0.3765018582344055,0.28669053316116333,0.07969652861356735,0.20865777134895325,patient30225/study11/view1_frontal.jpg,,
1.0,1.0,0.17883051658163265,1.0,1.0,0.30104440450668335,0.2846319377422333,0.026229282841086388,2.0,2.0,0.19938549399375916,0.17251957952976227,0.4583365321159363,0.28118014335632324,0.007166733033955097,0.18710969388484955,patient30225/study12/view1_frontal.jpg,,
1.0,1.0,0.06536989795918367,1.0,1.0,0.211082324385643,0.2659352719783783,0.014626119285821915,2.0,2.0,0.35492372512817383,0.13749811053276062,0.5888352990150452,0.3941141963005066,0.005287709645926952,0.22111114859580994,patient30225/study13/view1_frontal.jpg,,
1.0,1.0,0.16286670918367346,1.0,1.0,0.3489811420440674,0.3007323145866394,0.08013783395290375,2.0,2.0,0.32834097743034363,0.08496181666851044,0.606464147567749,0.25279349088668823,0.09768711030483246,0.16756583750247955,patient30225/study2/view1_frontal.jpg,0.0,
1.0,1.0,0.35196109693877553,2.0,1.0,0.4438190758228302,0.2867116332054138,0.42742061614990234,1.0,1.0,0.23292289674282074,0.42587101459503174,0.3729475438594818,0.2101791352033615,0.13391244411468506,0.1524680256843567,patient30225/study3/view1_frontal.jpg,1.0,
1.0,1.0,0.1337292729591837,4.0,1.0,0.3039202392101288,0.2871130704879761,0.11641483753919601,2.0,2.0,0.10547369718551636,0.12930087745189667,0.48808640241622925,0.38759946823120117,0.1764785200357437,0.23552069067955017,patient30225/study4/view1_frontal.jpg,,
1.0,1.0,0.13974808673469388,1.0,1.0,0.296936959028244,0.2817031145095825,0.077646404504776,2.0,2.0,0.24676063656806946,0.09658462554216385,0.5305418372154236,0.3367655575275421,0.14329425990581512,0.2583853602409363,patient30225/study5/view1_frontal.jpg,,
1.0,1.0,0.24716996173469388,1.0,1.0,0.36635255813598633,0.31369030475616455,0.2529528737068176,2.0,2.0,0.015261292457580566,0.26679813861846924,0.36450180411338806,0.34955647587776184,0.12591345608234406,0.2610827088356018,patient30225/study6/view1_frontal.jpg,,
1.0,1.0,0.15206473214285715,2.0,1.0,0.3326711058616638,0.3063211441040039,0.17317983508110046,2.0,2.0,0.035095036029815674,0.148676335811615,0.4316250681877136,0.332073837518692,0.09351959079504013,0.1483558863401413,patient30225/study7/view1_frontal.jpg,,
1.0,1.0,0.19664779974489796,1.0,1.0,0.3473363220691681,0.3116251230239868,0.08267240971326828,2.0,2.0,0.3601735234260559,0.0816388949751854,0.6326243877410889,0.19848796725273132,0.16167138516902924,0.20682933926582336,patient30225/study8/view1_frontal.jpg,,
1.0,1.0,0.13426737882653061,1.0,1.0,0.30501630902290344,0.28819912672042847,0.060232020914554596,2.0,2.0,0.44708549976348877,0.06464888155460358,0.6828687787055969,0.30053967237472534,0.058437131345272064,0.2017384022474289,patient30225/study9/view1_frontal.jpg,,
1.0,1.0,0.2686742665816326,3.0,1.0,0.4176355004310608,0.285915344953537,0.4216557741165161,1.0,1.0,0.28690364956855774,0.4304390549659729,0.42958974838256836,0.12128882855176926,0.1426325887441635,0.1018916442990303,patient30681/study1/view1_frontal.jpg,,
1.0,1.0,0.2836814413265306,2.0,1.0,0.4283111095428467,0.29510271549224854,0.010637808591127396,1.0,1.0,0.8769606351852417,0.9062561988830566,0.055856864899396896,0.03428329899907112,0.049735378473997116,0.14601483941078186,patient31052/study1/view1_frontal.jpg,,
1.0,1.0,0.3482142857142857,2.0,1.0,0.41708046197891235,0.28305450081825256,0.09846406430006027,1.0,1.0,0.9278424382209778,0.9414348602294922,0.036995433270931244,0.03425868600606918,0.0011361950309947133,0.11402261257171631,patient31287/study1/view1_frontal.jpg,,
1.0,1.0,0.33041693239795916,5.0,1.0,0.39980313181877136,0.2902238667011261,0.0887831524014473,1.0,1.0,0.798994243144989,0.854636549949646,0.09384475648403168,0.015661882236599922,0.0016150256851688027,0.16513480246067047,patient31368/study1/view1_frontal.jpg,,
1.0,1.0,0.37216996173469385,10.0,1.0,0.4446679651737213,0.29075887799263,0.6234228610992432,2.0,2.0,0.32012081146240234,0.10848937928676605,0.6105979084968567,0.17019522190093994,0.06926000118255615,0.13061760365962982,patient31525/study1/view1_frontal.jpg,,
1.0,1.0,0.32832429846938777,3.0,1.0,0.437584787607193,0.2945178747177124,0.3385610580444336,1.0,1.0,0.5547932386398315,0.6733153462409973,0.20442327857017517,0.10335090756416321,0.023719079792499542,0.1525755375623703,patient31525/study2/view1_frontal.jpg,,
1.0,1.0,0.36240433673469385,2.0,1.0,0.43001821637153625,0.29358479380607605,0.5852377414703369,2.0,2.0,0.5146826505661011,0.20176962018013,0.6542863845825195,0.15853251516819,0.021565847098827362,0.12116856127977371,patient31525/study3/view1_frontal.jpg,,
1.0,1.0,0.400211256377551,4.0,1.0,0.47924208641052246,0.2831824719905853,0.3604450523853302,1.0,1.0,0.8858516812324524,0.8975251317024231,0.06782521307468414,0.1311812847852707,0.08437372744083405,0.19018426537513733,patient31525/study4/view1_frontal.jpg,,
1.0,1.0,0.37472098214285715,1.0,1.0,0.46035829186439514,0.2829815149307251,0.33931657671928406,1.0,1.0,0.5912579298019409,0.704500675201416,0.18225662410259247,0.044477108865976334,0.03431728109717369,0.1584569215774536,patient31525/study5/view1_frontal.jpg,,
1.0,1.0,0.3268295599489796,5.0,1.0,0.430252343416214,0.2912338376045227,0.3676559627056122,1.0,1.0,0.364690363407135,0.5333685874938965,0.3200949728488922,0.06231847032904625,0.07420235127210617,0.13940027356147766,patient31525/study6/view1_frontal.jpg,,
1.0,1.0,0.3351203762755102,2.0,1.0,0.4327930510044098,0.294742226600647,0.7155777215957642,2.0,2.0,0.6887079477310181,0.029690979048609734,0.8342041969299316,0.39538511633872986,0.9514321684837341,0.09103358536958694,patient32143/study1/view1_frontal.jpg,1.0,
1.0,1.0,0.28134964923469385,1.0,1.0,0.39467331767082214,0.2936798632144928,0.5357204675674438,2.0,2.0,0.32144203782081604,0.06408224999904633,0.6308206915855408,0.5328369736671448,0.840565025806427,0.14680731296539307,patient32143/study2/view1_frontal.jpg,1.0,
1.0,1.0,0.3464205994897959,3.0,1.0,0.4098544120788574,0.28838157653808594,0.6847149133682251,2.0,2.0,0.48835158348083496,0.054301951080560684,0.7142425179481506,0.23093460500240326,0.16439056396484375,0.14704376459121704,patient32193/study1/view1_frontal.jpg,0.0,
1.0,1.0,0.3542530293367347,3.0,1.0,0.41322678327560425,0.2869548499584198,0.6264773011207581,2.0,2.0,0.43157514929771423,0.08675413578748703,0.6704003214836121,0.13437595963478088,0.35716575384140015,0.1811935305595398,patient32193/study2/view1_frontal.jpg,0.0,
1.0,1.0,0.16753029336734693,1.0,1.0,0.32464563846588135,0.28487759828567505,0.04746837541460991,1.0,1.0,0.4011750817298889,0.5321778059005737,0.28148195147514343,0.09933816641569138,0.07251161336898804,0.15764033794403076,patient32193/study3/view1_frontal.jpg,,
1.0,1.0,0.1495735012755102,2.0,1.0,0.2890855073928833,0.28072625398635864,0.05456135421991348,1.0,1.0,0.7378849387168884,0.7964028716087341,0.13338249921798706,0.12025932222604752,0.06598841398954391,0.15314899384975433,patient32193/study4/view1_frontal.jpg,0.0,
1.0,1.0,0.19405691964285715,2.0,1.0,0.3640143871307373,0.3001537322998047,0.07911006361246109,1.0,1.0,0.6751184463500977,0.7588216662406921,0.1358683854341507,0.046808112412691116,0.05135275796055794,0.16423481702804565,patient32193/study5/view1_frontal.jpg,1.0,
1.0,1.0,0.1286670918367347,1.0,1.0,0.29259616136550903,0.2838791608810425,0.06223314628005028,1.0,1.0,0.7229044437408447,0.7906794548034668,0.12313849478960037,0.16159629821777344,0.8552442789077759,0.15805143117904663,patient32552/study1/view1_frontal.jpg,,
1.0,1.0,0.09520487882653061,1.0,1.0,0.2602927088737488,0.2703363001346588,0.007923390716314316,2.0,2.0,0.3448733389377594,0.37510794401168823,0.479593425989151,0.18580971658229828,0.012503848411142826,0.15648384392261505,patient32569/study1/view1_frontal.jpg,,
1.0,1.0,0.09339126275510204,1.0,1.0,0.25887903571128845,0.2732674479484558,0.01770242489874363,2.0,2.0,0.2986789047718048,0.2383110672235489,0.5234310030937195,0.3751482367515564,0.3321249783039093,0.1803961843252182,patient32695/study1/view1_frontal.jpg,,
1.0,1.0,0.16388313137755103,2.0,1.0,0.3093700110912323,0.28481894731521606,0.06679604202508926,1.0,1.0,0.7132666110992432,0.7873305082321167,0.138605535030365,0.04989298805594444,0.004009451251477003,0.1274002492427826,patient32802/study1/view1_frontal.jpg,,
1.0,1.0,0.13105867346938777,2.0,1.0,0.3159654438495636,0.29307299852371216,0.014675237238407135,1.0,1.0,0.17996938526630402,0.3909008502960205,0.37156668305397034,0.19241158664226532,0.0705583244562149,0.14603526890277863,patient32803/study1/view1_frontal.jpg,,
1.0,1.0,0.14684311224489796,1.0,1.0,0.3062021732330322,0.28676825761795044,0.042111825197935104,2.0,2.0,0.22363457083702087,0.3285060524940491,0.414181649684906,0.21651217341423035,0.04769827798008919,0.15203692018985748,patient33494/study1/view1_frontal.jpg,,
1.0,1.0,0.10782047193877552,1.0,1.0,0.2771185338497162,0.2813023328781128,0.005339508876204491,2.0,2.0,0.29852044582366943,0.14914070069789886,0.5340002179145813,0.14713291823863983,0.06529350578784943,0.16148623824119568,patient33934/study1/view1_frontal.jpg,,
1.0,1.0,0.12280771683673469,1.0,1.0,0.27334606647491455,0.28120869398117065,0.01035540271550417,1.0,1.0,0.5478102564811707,0.6481029391288757,0.2890457212924957,0.28626832365989685,0.12349990010261536,0.1710296869277954,patient34115/study1/view1_frontal.jpg,,
1.0,1.0,0.20452008928571427,1.0,1.0,0.29780906438827515,0.2847323715686798,0.11026620864868164,2.0,2.0,0.25305891036987305,0.12955684959888458,0.5544377565383911,0.18084648251533508,0.439841628074646,0.2196594476699829,patient34496/study1/view1_frontal.jpg,,
1.0,1.0,0.24445950255102042,1.0,1.0,0.34849056601524353,0.29336225986480713,0.17134501039981842,1.0,1.0,0.3826265335083008,0.5563545823097229,0.28717508912086487,0.11378023028373718,0.0018469265196472406,0.1318175494670868,patient34606/study1/view1_frontal.jpg,0.0,
1.0,1.0,0.27413504464285715,1.0,1.0,0.3478626608848572,0.3026094436645508,0.1379435956478119,1.0,1.0,0.5641363859176636,0.6835805177688599,0.199040949344635,0.08143529295921326,0.0011765331728383899,0.20666323602199554,patient34606/study2/view1_frontal.jpg,0.0,
1.0,1.0,0.18211894132653061,3.0,1.0,0.3316093683242798,0.30006879568099976,0.10205850750207901,2.0,2.0,0.1214677095413208,0.23411990702152252,0.4372043311595917,0.33391299843788147,0.055927008390426636,0.19520175457000732,patient34946/study1/view1_frontal.jpg,,
1.0,1.0,0.17759486607142858,3.0,1.0,0.3504657447338104,0.2838791310787201,0.04922688752412796,2.0,2.0,0.46399903297424316,0.07349687814712524,0.6752262711524963,0.03466756269335747,0.024470767006278038,0.19101294875144958,patient35320/study1/view1_frontal.jpg,,
1.0,1.0,0.3186583227040816,1.0,1.0,0.4077276587486267,0.3150933086872101,0.3478267192840576,1.0,1.0,0.632344126701355,0.697633683681488,0.20504605770111084,0.5874595046043396,0.519598662853241,0.1863059550523758,patient35320/study2/view1_frontal.jpg,,
1.0,1.0,0.2891222895408163,5.0,1.0,0.4090762138366699,0.3158823251724243,0.31237727403640747,1.0,1.0,0.4824755787849426,0.6210293173789978,0.26060497760772705,0.43840649724006653,0.34532588720321655,0.14822566509246826,patient35320/study3/view1_frontal.jpg,,
1.0,1.0,0.31700414540816324,3.0,1.0,0.4108494222164154,0.2949913442134857,0.40223032236099243,2.0,2.0,0.19682390987873077,0.3551426827907562,0.4181095063686371,0.12390448153018951,0.2759793996810913,0.1377616673707962,patient35518/study1/view1_frontal.jpg,,
1.0,1.0,0.1997967155612245,1.0,1.0,0.3705809712409973,0.27180394530296326,0.04352084547281265,2.0,2.0,0.1669788807630539,0.325241357088089,0.33419302105903625,0.08259471505880356,0.6094068288803101,0.16637015342712402,patient35518/study2/view1_frontal.jpg,,
1.0,1.0,0.31816007653061223,2.0,1.0,0.41559866070747375,0.2882317006587982,0.4559648036956787,2.0,2.0,0.22622132301330566,0.167049840092659,0.5252583026885986,0.3553563952445984,0.7819756865501404,0.13448232412338257,patient35518/study3/view1_frontal.jpg,,
1.0,1.0,0.16350446428571427,1.0,1.0,0.36251187324523926,0.2752609848976135,0.174969881772995,1.0,1.0,0.32539695501327515,0.47700750827789307,0.31347307562828064,0.37105029821395874,0.9886080026626587,0.1793639361858368,patient35518/study4/view1_frontal.jpg,,
1.0,1.0,0.18791852678571427,1.0,1.0,0.3655627369880676,0.27605798840522766,0.22306104004383087,2.0,2.0,0.18812739849090576,0.11946843564510345,0.5119810104370117,0.19946902990341187,0.9727345705032349,0.11759684234857559,patient35518/study5/view1_frontal.jpg,1.0,
1.0,1.0,0.18006616709183673,1.0,1.0,0.3649475574493408,0.27514976263046265,0.1045667827129364,2.0,2.0,0.47821375727653503,0.06333959847688675,0.7263904213905334,0.11095757782459259,0.9453956484794617,0.14040134847164154,patient35518/study6/view1_frontal.jpg,1.0,
1.0,1.0,0.1620495854591837,2.0,1.0,0.31944358348846436,0.27290117740631104,0.024743029847741127,2.0,2.0,0.4809854030609131,0.08550514280796051,0.6689134836196899,0.10365454852581024,0.7037144899368286,0.19218745827674866,patient35518/study7/view1_frontal.jpg,,
1.0,1.0,0.3286830357142857,3.0,1.0,0.3955460488796234,0.28127047419548035,0.5165395736694336,2.0,2.0,0.32907241582870483,0.16207599639892578,0.5935154557228088,0.1778811514377594,0.3085165321826935,0.18307837843894958,patient35595/study1/view1_frontal.jpg,,
1.0,1.0,0.26622289540816324,2.0,1.0,0.42043787240982056,0.2948748767375946,0.24551686644554138,2.0,2.0,0.06599518656730652,0.3351742923259735,0.3654104471206665,0.18499086797237396,0.7979809045791626,0.15568013489246368,patient35595/study2/view1_frontal.jpg,,
1.0,1.0,0.20543686224489796,1.0,1.0,0.3378892242908478,0.27742835879325867,0.1292293667793274,2.0,2.0,0.17236095666885376,0.2443677932024002,0.4595237672328949,0.11041693389415741,0.5692261457443237,0.15332438051700592,patient35595/study3/view1_frontal.jpg,1.0,
1.0,1.0,0.2768455038265306,3.0,1.0,0.37551257014274597,0.28371763229370117,0.10793051868677139,2.0,2.0,0.48056459426879883,0.05734442174434662,0.7039820551872253,0.08814985305070877,0.26180413365364075,0.23615622520446777,patient35989/study1/view1_frontal.jpg,,
1.0,1.0,0.29846938775510207,3.0,1.0,0.37310245633125305,0.2861238121986389,0.23703445494174957,0.0,0.0,0.0,0.15376338362693787,0.38257792592048645,0.0445183701813221,0.3445245325565338,0.14955592155456543,patient35989/study10/view1_frontal.jpg,,
1.0,1.0,0.28103077168367346,4.0,1.0,0.3755289614200592,0.2827722430229187,0.20387738943099976,2.0,2.0,0.07745486497879028,0.0928339883685112,0.5054304599761963,0.11350836604833603,0.5770247578620911,0.19947491586208344,patient35989/study11/view1_frontal.jpg,,
1.0,1.0,0.28342235331632654,1.0,1.0,0.36257511377334595,0.2842652499675751,0.22883610427379608,2.0,2.0,0.06093791127204895,0.2880561351776123,0.3811667859554291,0.06684908270835876,0.2934756875038147,0.14364108443260193,patient35989/study12/view1_frontal.jpg,,
1.0,1.0,0.2551817602040816,2.0,1.0,0.3774842917919159,0.28997892141342163,0.15945908427238464,2.0,2.0,0.11008152365684509,0.2078566998243332,0.4395957589149475,0.06283006072044373,0.06752021610736847,0.12782254815101624,patient35989/study13/view1_frontal.jpg,,
1.0,1.0,0.3253148915816326,4.0,1.0,0.4258216619491577,0.28382769227027893,0.4896557629108429,2.0,2.0,0.3005243241786957,0.3377053737640381,0.4814094603061676,0.038214005529880524,0.029296068474650383,0.10790480673313141,patient35989/study14/view1_frontal.jpg,,
1.0,1.0,0.27419483418367346,1.0,1.0,0.3716256320476532,0.2784748375415802,0.2607521712779999,2.0,2.0,0.07652157545089722,0.12862786650657654,0.4791968762874603,0.16410018503665924,0.2508571743965149,0.14664241671562195,patient35989/study2/view1_frontal.jpg,,
1.0,1.0,0.3113639987244898,1.0,1.0,0.36973074078559875,0.28372177481651306,0.02913282997906208,2.0,2.0,0.7414767742156982,0.035080425441265106,0.8482327461242676,0.024799447506666183,0.022025620564818382,0.16111084818840027,patient35989/study3/view1_frontal.jpg,,
1.0,1.0,0.26331313775510207,2.0,1.0,0.3987875282764435,0.27332818508148193,0.30825820565223694,2.0,2.0,0.05618670582771301,0.2565475404262543,0.3962589502334595,0.13560818135738373,0.6306623220443726,0.1327735185623169,patient35989/study4/view1_frontal.jpg,,
1.0,1.0,0.30287388392857145,1.0,1.0,0.37050628662109375,0.2806203067302704,0.15983304381370544,2.0,2.0,0.34945952892303467,0.08643314242362976,0.6551133990287781,0.05511053279042244,0.23454399406909943,0.20889931917190552,patient35989/study5/view1_frontal.jpg,,
1.0,1.0,0.29749282525510207,2.0,1.0,0.37941092252731323,0.2828832268714905,0.02204124443233013,2.0,2.0,0.7877435088157654,0.023737052455544472,0.8738721609115601,0.022968601435422897,0.18802191317081451,0.18824616074562073,patient35989/study6/view1_frontal.jpg,,
1.0,1.0,0.2858139349489796,3.0,1.0,0.4048682153224945,0.2779896557331085,0.18416647613048553,1.0,1.0,0.2359694391489029,0.46792715787887573,0.28195422887802124,0.06091857701539993,0.24383732676506042,0.11917462944984436,patient35989/study7/view1_frontal.jpg,,
1.0,1.0,0.296695631377551,1.0,1.0,0.3665727376937866,0.2795315086841583,0.24695466458797455,2.0,2.0,0.04587849974632263,0.2008669376373291,0.4152016043663025,0.04791620001196861,0.4345235228538513,0.20226019620895386,patient35989/study8/view1_frontal.jpg,,
1.0,1.0,0.24876434948979592,1.0,1.0,0.39977845549583435,0.2834005653858185,0.02090628445148468,2.0,2.0,0.7582534551620483,0.03421475365757942,0.8571345806121826,0.021962691098451614,0.21044373512268066,0.139717236161232,patient35989/study9/view1_frontal.jpg,,
1.0,1.0,0.15108816964285715,1.0,1.0,0.38091644644737244,0.2761921286582947,0.025862891227006912,2.0,2.0,0.23306702077388763,0.2695671617984772,0.3900182545185089,0.2315201759338379,0.39940086007118225,0.15069352090358734,patient36228/study1/view1_frontal.jpg,,
1.0,1.0,0.04241071428571429,1.0,1.0,0.3926418125629425,0.2791690230369568,0.14878913760185242,2.0,2.0,0.37526315450668335,0.06313043087720871,0.6379410624504089,0.16662436723709106,0.011288897134363651,0.15830139815807343,patient36228/study2/view1_frontal.jpg,,
1.0,1.0,0.0470344387755102,1.0,1.0,0.37889596819877625,0.26503270864486694,0.11434153467416763,2.0,2.0,0.4496806263923645,0.054205115884542465,0.7114156484603882,0.7764203548431396,0.9361178278923035,0.2200041562318802,patient37049/study1/view1_frontal.jpg,1.0,
1.0,1.0,0.04549984056122449,1.0,1.0,0.37876930832862854,0.2686643600463867,0.2049701064825058,2.0,2.0,0.3194478154182434,0.06489023566246033,0.5710055232048035,0.3541161119937897,0.09355030953884125,0.15181133151054382,patient37437/study1/view1_frontal.jpg,,
1.0,1.0,0.03960060586734694,1.0,1.0,0.36651110649108887,0.2696027159690857,0.15742331743240356,2.0,2.0,0.3684534430503845,0.06330924481153488,0.6300118565559387,0.45866772532463074,0.07989946752786636,0.15989384055137634,patient37685/study1/view1_frontal.jpg,,
1.0,1.0,0.1353435905612245,1.0,1.0,0.3817279636859894,0.2696816921234131,0.02411726675927639,2.0,2.0,0.218672513961792,0.32008254528045654,0.36245018243789673,0.2519972622394562,0.008313009515404701,0.14794506132602692,patient37804/study1/view1_frontal.jpg,,
1.0,1.0,0.2326610331632653,4.0,1.0,0.3702254891395569,0.2909928560256958,0.1146916002035141,2.0,2.0,0.1307906210422516,0.220714271068573,0.4530430734157562,0.0334215983748436,0.04834522679448128,0.15602101385593414,patient37804/study2/view1_frontal.jpg,,
1.0,1.0,0.3145129145408163,1.0,1.0,0.3808971345424652,0.2889062762260437,0.26757004857063293,1.0,1.0,0.28746503591537476,0.48105475306510925,0.2690144181251526,0.06048604100942612,0.11454063653945923,0.17080135643482208,patient37804/study3/view1_frontal.jpg,,
1.0,1.0,0.2846779336734694,1.0,1.0,0.46933645009994507,0.2533051371574402,0.4674094617366791,2.0,2.0,0.32301944494247437,0.14839714765548706,0.5602321624755859,0.9565081596374512,0.5716871023178101,0.211763396859169,patient38238/study1/view1_frontal.jpg,,
1.0,1.0,0.1673309948979592,4.0,1.0,0.42987895011901855,0.26665252447128296,0.2661760151386261,2.0,2.0,0.13988164067268372,0.17092838883399963,0.45848143100738525,0.42687952518463135,0.9227326512336731,0.1189698874950409,patient38238/study2/view1_frontal.jpg,,
1.0,1.0,0.22530691964285715,2.0,1.0,0.4441782832145691,0.26928624510765076,0.4116438031196594,2.0,2.0,0.35021358728408813,0.314505010843277,0.49148204922676086,0.7817299962043762,0.9675068855285645,0.1280040144920349,patient38238/study3/view1_frontal.jpg,1.0,
1.0,1.0,0.17745535714285715,2.0,1.0,0.47317278385162354,0.2524426281452179,0.290652334690094,2.0,2.0,0.06004408001899719,0.10624475032091141,0.47053849697113037,0.926547110080719,0.9797781705856323,0.16700586676597595,patient38238/study4/view1_frontal.jpg,,
1.0,1.0,0.2398955676020408,3.0,1.0,0.4726096987724304,0.25409239530563354,0.33496832847595215,2.0,2.0,0.05430355668067932,0.15013529360294342,0.420919805765152,0.9692853093147278,0.9736749529838562,0.17752203345298767,patient38238/study5/view1_frontal.jpg,,
1.0,1.0,0.4443957270408163,3.0,1.0,0.4766184091567993,0.2616545259952545,0.6125049591064453,2.0,2.0,0.19894468784332275,0.18343548476696014,0.5059002041816711,0.14365071058273315,0.45856979489326477,0.16813965141773224,patient38269/study1/view1_frontal.jpg,1.0,
1.0,1.0,0.20292570153061223,1.0,1.0,0.4263511300086975,0.26590555906295776,0.07394594699144363,2.0,2.0,0.322203129529953,0.1384718120098114,0.5925793647766113,0.5292045474052429,0.08159215748310089,0.17125682532787323,patient38269/study2/view1_frontal.jpg,,
1.0,1.0,0.44040975765306123,2.0,1.0,0.46982458233833313,0.26391252875328064,0.6035040616989136,1.0,1.0,0.3368445932865143,0.44929060339927673,0.42486923933029175,0.10175265371799469,0.5569103956222534,0.1327889859676361,patient38269/study3/view1_frontal.jpg,1.0,
1.0,1.0,0.18596540178571427,1.0,1.0,0.4495195746421814,0.2656647861003876,0.08889670670032501,2.0,2.0,0.12511000037193298,0.25064587593078613,0.3698444962501526,0.6279104948043823,0.3969981372356415,0.17045168578624725,patient38269/study4/view1_frontal.jpg,1.0,
1.0,1.0,0.47522720025510207,5.0,1.0,0.47762417793273926,0.2715311348438263,0.39610886573791504,1.0,1.0,0.7245677709579468,0.8003396391868591,0.12160548567771912,0.033436164259910583,0.1491876244544983,0.13710810244083405,patient38471/study1/view1_frontal.jpg,,
1.0,1.0,0.5151466836734694,4.0,1.0,0.4771066904067993,0.2538251578807831,0.7583391070365906,2.0,2.0,0.2902941405773163,0.08399830758571625,0.6031479239463806,0.5543690323829651,0.5543723106384277,0.17735673487186432,patient38825/study1/view1_frontal.jpg,,
1.0,1.0,0.49513711734693877,4.0,1.0,0.4740508794784546,0.2614782750606537,0.8840628266334534,2.0,2.0,0.770868182182312,0.037634264677762985,0.8783754110336304,0.4812542796134949,0.41914233565330505,0.14309850335121155,patient38825/study2/view1_frontal.jpg,,
1.0,1.0,0.5500039859693877,1.0,1.0,0.47613680362701416,0.24823065102100372,0.7376877069473267,2.0,2.0,0.4463435709476471,0.11227738857269287,0.6639784574508667,0.41100969910621643,0.9090922474861145,0.18899135291576385,patient38825/study3/view1_frontal.jpg,1.0,
1.0,1.0,0.5330038265306123,2.0,1.0,0.49901652336120605,0.25222206115722656,0.6618503928184509,2.0,2.0,0.2943597435951233,0.3479025065898895,0.45468273758888245,0.17426718771457672,0.09328693896532059,0.11610542237758636,patient38848/study1/view1_frontal.jpg,,
1.0,1.0,0.5233976403061225,3.0,1.0,0.4641290307044983,0.26815927028656006,0.6522133350372314,2.0,2.0,0.15962284803390503,0.2143193632364273,0.4619544744491577,0.034878116101026535,0.06128348782658577,0.13167506456375122,patient38883/study1/view1_frontal.jpg,,
1.0,1.0,0.47720025510204084,2.0,1.0,0.42925748229026794,0.2561664283275604,0.7306346297264099,2.0,2.0,0.42119741439819336,0.08002420514822006,0.6827430129051208,0.698054313659668,0.23300567269325256,0.1220352053642273,patient38947/study1/view1_frontal.jpg,,
1.0,1.0,0.4536033163265306,4.0,1.0,0.5023812055587769,0.2657325863838196,0.6717416048049927,2.0,2.0,0.32770243287086487,0.1485494077205658,0.5697247385978699,0.18356773257255554,0.04988102614879608,0.14922578632831573,patient39356/study1/view1_frontal.jpg,,
1.0,1.0,0.26134008290816324,4.0,1.0,0.40370017290115356,0.27868831157684326,0.022072644904255867,2.0,2.0,0.6346770524978638,0.06688583642244339,0.759297251701355,0.012513094581663609,0.00176247488707304,0.13798832893371582,patient39356/study2/view1_frontal.jpg,,
1.0,1.0,0.28647161989795916,1.0,1.0,0.4166533946990967,0.2692018449306488,0.12800772488117218,1.0,1.0,0.41870614886283875,0.5731574892997742,0.20983359217643738,0.007764337584376335,0.038992155343294144,0.13968625664710999,patient39356/study3/view1_frontal.jpg,,
1.0,1.0,0.31008848852040816,3.0,1.0,0.565974771976471,0.27430272102355957,0.42930081486701965,2.0,2.0,0.19094116985797882,0.3514704704284668,0.4141521155834198,0.280468612909317,0.007172045297920704,0.13100062310695648,patient39356/study4/view1_frontal.jpg,,
1.0,1.0,0.37675382653061223,1.0,1.0,0.5439147353172302,0.2775155007839203,0.6070517897605896,2.0,2.0,0.4495372176170349,0.12106474488973618,0.6642362475395203,0.5513172149658203,0.18311551213264465,0.13222160935401917,patient39356/study5/view1_frontal.jpg,,
1.0,1.0,0.4130859375,1.0,1.0,0.5464768409729004,0.2614978849887848,0.6401551365852356,2.0,2.0,0.48473018407821655,0.12559309601783752,0.6768769025802612,0.8376150131225586,0.5770494937896729,0.17489612102508545,patient39356/study6/view1_frontal.jpg,,
1.0,1.0,0.4098971619897959,2.0,1.0,0.5322881937026978,0.26236119866371155,0.39767205715179443,1.0,1.0,0.7637136578559875,0.7966809868812561,0.13750356435775757,0.3744615316390991,0.9433289170265198,0.17197729647159576,patient39356/study7/view1_frontal.jpg,,
1.0,1.0,0.3334462691326531,1.0,1.0,0.568604052066803,0.24112479388713837,0.3620733916759491,1.0,1.0,0.22073309123516083,0.4342552721500397,0.3225780725479126,0.3342486023902893,0.43408674001693726,0.18213845789432526,patient39356/study8/view1_frontal.jpg,,
1.0,1.0,0.5024314413265306,1.0,1.0,0.5420981049537659,0.26665419340133667,0.55078125,1.0,1.0,0.5468344688415527,0.6492321491241455,0.26173779368400574,0.06519316136837006,0.08322110772132874,0.15091025829315186,patient39356/study9/view1_frontal.jpg,,
1.0,1.0,0.3928172831632653,3.0,1.0,0.5337339639663696,0.2669115662574768,0.6736416816711426,2.0,2.0,0.416833758354187,0.09104732424020767,0.6606103181838989,0.7378764152526855,0.18867884576320648,0.1746092438697815,patient40041/study1/view1_frontal.jpg,,
1.0,1.0,0.351741868622449,2.0,1.0,0.5298497676849365,0.2749180495738983,0.4879817068576813,2.0,2.0,0.2769433259963989,0.25297120213508606,0.5107296705245972,0.9842677712440491,0.6804983019828796,0.15760715305805206,patient40041/study2/view1_frontal.jpg,,
1.0,1.0,0.23704559948979592,4.0,1.0,0.46128466725349426,0.2711227238178253,0.07644007354974747,1.0,1.0,0.6244335174560547,0.730815052986145,0.17978256940841675,0.07004715502262115,0.001655065338127315,0.14539651572704315,patient40281/study1/view1_frontal.jpg,,
1.0,1.0,0.2770448022959184,2.0,1.0,0.4492676258087158,0.26738494634628296,0.2425289750099182,1.0,1.0,0.8124461770057678,0.8537175059318542,0.09777805954217911,0.07340187579393387,0.024211140349507332,0.12106256932020187,patient40281/study10/view1_frontal.jpg,,
1.0,1.0,0.24808673469387754,2.0,1.0,0.47532767057418823,0.267861008644104,0.05075036734342575,2.0,2.0,0.09550155699253082,0.2927763760089874,0.32647234201431274,0.3210469186306,0.02128882147371769,0.15682972967624664,patient40281/study2/view1_frontal.jpg,,
1.0,1.0,0.44567123724489793,2.0,1.0,0.4942874014377594,0.2779364585876465,0.5751684308052063,1.0,1.0,0.2961214780807495,0.4603138267993927,0.3914244771003723,0.10922116041183472,0.006720469333231449,0.14068199694156647,patient40281/study3/view1_frontal.jpg,,
1.0,1.0,0.2917330994897959,2.0,1.0,0.4768408238887787,0.2598491907119751,0.02242165431380272,2.0,2.0,0.42100054025650024,0.14040866494178772,0.6123286485671997,0.37286123633384705,0.0813303291797638,0.15783369541168213,patient40281/study4/view1_frontal.jpg,,
1.0,1.0,0.26735889668367346,3.0,1.0,0.47097209095954895,0.262275367975235,0.23315121233463287,1.0,1.0,0.28112733364105225,0.500130295753479,0.280866801738739,0.49731341004371643,0.13673527538776398,0.20040886104106903,patient40281/study5/view1_frontal.jpg,,
1.0,1.0,0.2914341517857143,1.0,1.0,0.45926809310913086,0.2690953016281128,0.15774542093276978,1.0,1.0,0.36427736282348633,0.5375784039497375,0.23321163654327393,0.32623907923698425,0.015976782888174057,0.16649261116981506,patient40281/study6/view1_frontal.jpg,,
1.0,1.0,0.2843391262755102,1.0,1.0,0.4471125304698944,0.27236440777778625,0.4142981469631195,2.0,2.0,0.26855117082595825,0.2505262792110443,0.4930431842803955,0.2039928436279297,0.15186963975429535,0.11501849442720413,patient40281/study7/view1_frontal.jpg,,
1.0,1.0,0.3686623086734694,4.0,1.0,0.49134060740470886,0.28114432096481323,0.5016486644744873,2.0,2.0,0.22642254829406738,0.2975395619869232,0.476981520652771,0.16629338264465332,0.015840569511055946,0.13437780737876892,patient40281/study8/view1_frontal.jpg,,
1.0,1.0,0.3401626275510204,1.0,1.0,0.4926653504371643,0.26540428400039673,0.17119084298610687,1.0,1.0,0.2692679166793823,0.4849587082862854,0.2855696380138397,0.12370028346776962,0.004031499847769737,0.19398926198482513,patient40281/study9/view1_frontal.jpg,,
1.0,1.0,0.20754942602040816,2.0,1.0,0.4108571410179138,0.280811071395874,0.20030203461647034,1.0,1.0,0.6045327186584473,0.699552595615387,0.18763823807239532,0.1909962147474289,0.5642809271812439,0.10045400261878967,patient40964/study1/view1_frontal.jpg,,
1.0,1.0,0.22797751913265307,4.0,1.0,0.4103815257549286,0.27434784173965454,0.2822885811328888,1.0,1.0,0.14511403441429138,0.3965758979320526,0.3519621789455414,0.36443060636520386,0.7584425210952759,0.14724686741828918,patient40964/study1/view2_frontal.jpg,,
1.0,1.0,0.279296875,2.0,1.0,0.46728867292404175,0.26537713408470154,0.34125417470932007,2.0,2.0,0.03116506338119507,0.23435525596141815,0.40153375267982483,0.8584392070770264,0.7926585078239441,0.1365862637758255,patient40964/study2/view1_frontal.jpg,1.0,
1.0,1.0,0.2938257334183674,2.0,1.0,0.4283035397529602,0.2875363528728485,0.24160465598106384,1.0,1.0,0.12194159626960754,0.3943578004837036,0.3332259953022003,0.35275396704673767,0.8649571537971497,0.1480575054883957,patient40964/study3/view1_frontal.jpg,1.0,
1.0,1.0,0.24469866071428573,1.0,1.0,0.4128802418708801,0.28212040662765503,0.15315033495426178,1.0,1.0,0.4534674286842346,0.6007466316223145,0.25078240036964417,0.03193694353103638,0.021543774753808975,0.16390395164489746,patient41024/study1/view1_frontal.jpg,,
1.0,1.0,0.4475047831632653,5.0,1.0,0.49563077092170715,0.25981155037879944,0.44058987498283386,1.0,1.0,0.7770404815673828,0.8196341395378113,0.11197119951248169,0.013860708102583885,0.0036911149509251118,0.11024713516235352,patient41111/study1/view1_frontal.jpg,,
1.0,1.0,0.42344945790816324,2.0,1.0,0.4893558621406555,0.24242661893367767,0.7357812523841858,2.0,2.0,0.43498170375823975,0.052373871207237244,0.6948443651199341,0.31998375058174133,0.544315755367279,0.11287473142147064,patient41157/study1/view1_frontal.jpg,,
1.0,1.0,0.3320910395408163,3.0,1.0,0.47150206565856934,0.24632027745246887,0.2785072326660156,1.0,1.0,0.02754226326942444,0.34393805265426636,0.3396662175655365,0.12125802785158157,0.9129042625427246,0.169283926486969,patient41157/study2/view1_frontal.jpg,,
1.0,1.0,0.427913743622449,3.0,1.0,0.4774378538131714,0.2597113251686096,0.661824107170105,2.0,2.0,0.3386285901069641,0.11294785887002945,0.6053816080093384,0.15795353055000305,0.1415431946516037,0.11498982459306717,patient41504/study1/view1_frontal.jpg,,
1.0,1.0,0.44535235969387754,4.0,1.0,0.4836404323577881,0.2529768645763397,0.7105290293693542,2.0,2.0,0.28201720118522644,0.0774235874414444,0.6022968292236328,0.3510638475418091,0.6458930373191833,0.15034173429012299,patient41504/study10/view1_frontal.jpg,,
1.0,1.0,0.46974649234693877,1.0,1.0,0.4799310266971588,0.2555338144302368,0.6864275336265564,2.0,2.0,0.5320621728897095,0.11545669287443161,0.7115792036056519,0.36635658144950867,0.571155309677124,0.14250372350215912,patient41504/study11/view1_frontal.jpg,1.0,
1.0,1.0,0.35837850765306123,2.0,1.0,0.4727809727191925,0.25858867168426514,0.46359607577323914,2.0,2.0,0.22106105089187622,0.23812131583690643,0.49074599146842957,0.022164884954690933,0.44237950444221497,0.13421498239040375,patient41504/study12/view1_frontal.jpg,1.0,
1.0,1.0,0.30606265943877553,3.0,1.0,0.4965236186981201,0.26971232891082764,0.567543089389801,2.0,2.0,0.29747259616851807,0.09072303026914597,0.6030739545822144,0.137173131108284,0.1517733633518219,0.10536175221204758,patient41504/study13/view1_frontal.jpg,,
1.0,1.0,0.4766222895408163,1.0,1.0,0.4735933542251587,0.2671637237071991,0.6224705576896667,2.0,2.0,0.29480671882629395,0.15670208632946014,0.5704898834228516,0.745195209980011,0.3377820551395416,0.14956627786159515,patient41504/study14/view1_frontal.jpg,,
1.0,1.0,0.3208506058673469,2.0,1.0,0.4704640805721283,0.26146963238716125,0.6608654260635376,2.0,2.0,0.49746447801589966,0.048355478793382645,0.719620943069458,0.8027686476707458,0.7366799116134644,0.13865433633327484,patient41504/study15/view1_frontal.jpg,,
1.0,1.0,0.4975486288265306,1.0,1.0,0.4905553460121155,0.25272053480148315,0.8409522175788879,2.0,2.0,0.7452181577682495,0.024628624320030212,0.8596956729888916,0.6590698957443237,0.48046553134918213,0.15697896480560303,patient41504/study16/view1_frontal.jpg,,
1.0,1.0,0.5134327168367347,1.0,1.0,0.48373499512672424,0.24208904802799225,0.845429539680481,2.0,2.0,0.6115521192550659,0.029461117461323738,0.7910454869270325,0.532870888710022,0.3203141689300537,0.15753093361854553,patient41504/study17/view1_frontal.jpg,1.0,
1.0,1.0,0.4399314413265306,2.0,1.0,0.47127050161361694,0.2695729434490204,0.6906622648239136,2.0,2.0,0.42352932691574097,0.0782008022069931,0.6719229817390442,0.3533182144165039,0.24080109596252441,0.14357885718345642,patient41504/study18/view1_frontal.jpg,1.0,
1.0,1.0,0.4439174107142857,2.0,1.0,0.4948022663593292,0.25656580924987793,0.7005853056907654,2.0,2.0,0.4674738049507141,0.09066495299339294,0.6902385354042053,0.5558058619499207,0.24648860096931458,0.14822128415107727,patient41504/study19/view1_frontal.jpg,,
1.0,1.0,0.47811702806122447,2.0,1.0,0.4720541536808014,0.26468855142593384,0.8080407381057739,2.0,2.0,0.6320062875747681,0.03875873610377312,0.8057036995887756,0.5057305693626404,0.2299221158027649,0.15013886988162994,patient41504/study2/view1_frontal.jpg,,
1.0,1.0,0.439453125,3.0,1.0,0.49426648020744324,0.253825843334198,0.714318037033081,2.0,2.0,0.4794515371322632,0.08993211388587952,0.6977266669273376,0.7803282141685486,0.36813884973526,0.14869408309459686,patient41504/study20/view1_frontal.jpg,,
1.0,1.0,0.41679288903061223,1.0,1.0,0.49411165714263916,0.26978373527526855,0.6254525184631348,2.0,2.0,0.36304062604904175,0.11497410386800766,0.6036511659622192,0.2948157489299774,0.15719662606716156,0.15190660953521729,patient41504/study21/view1_frontal.jpg,,
1.0,1.0,0.4253029336734694,1.0,1.0,0.49662554264068604,0.2556743621826172,0.7751375436782837,2.0,2.0,0.6730164289474487,0.027619067579507828,0.8226986527442932,0.5728177428245544,0.795395016670227,0.13419166207313538,patient41504/study3/view1_frontal.jpg,,
1.0,1.0,0.20218829719387754,1.0,1.0,0.4911615550518036,0.2757028043270111,0.22972747683525085,2.0,2.0,0.11897033452987671,0.18934909999370575,0.4429972767829895,0.056601062417030334,0.4306289851665497,0.16766096651554108,patient41504/study4/view1_frontal.jpg,,
1.0,1.0,0.42564174107142855,1.0,1.0,0.48251280188560486,0.2571578323841095,0.43379947543144226,1.0,1.0,0.7070549130439758,0.7512648105621338,0.17012961208820343,0.21145787835121155,0.2458305060863495,0.15279529988765717,patient41504/study5/view1_frontal.jpg,,
1.0,1.0,0.3216079400510204,3.0,1.0,0.4360910654067993,0.2645583748817444,0.4993935227394104,1.0,1.0,0.3703099489212036,0.47774457931518555,0.3806855380535126,0.14078159630298615,0.17481522262096405,0.12338785082101822,patient41504/study6/view1_frontal.jpg,,
1.0,1.0,0.2467315051020408,1.0,1.0,0.38124677538871765,0.27528509497642517,0.27765756845474243,1.0,1.0,0.5211050510406494,0.63543301820755,0.2339717298746109,0.16392870247364044,0.08655297011137009,0.1412111222743988,patient41504/study6/view2_frontal.jpg,,
1.0,1.0,0.4616549744897959,3.0,1.0,0.4799051880836487,0.26232001185417175,0.3871278166770935,1.0,1.0,0.034776777029037476,0.37221091985702515,0.29035496711730957,0.07992678135633469,0.17136859893798828,0.13272875547409058,patient41504/study7/view1_frontal.jpg,,
1.0,1.0,0.31740274234693877,2.0,1.0,0.4273517429828644,0.25847741961479187,0.614289402961731,2.0,2.0,0.5714319944381714,0.0816381648182869,0.7372653484344482,0.1194276213645935,0.1706996113061905,0.16344943642616272,patient41504/study8/view1_frontal.jpg,,
1.0,1.0,0.39710220025510207,5.0,1.0,0.4709865152835846,0.2661912441253662,0.4823668599128723,2.0,2.0,0.19917023181915283,0.3515791893005371,0.4213949143886566,0.017164723947644234,0.019813356921076775,0.11901096254587173,patient41504/study9/view1_frontal.jpg,,
1.0,1.0,0.3120615433673469,2.0,1.0,0.45987996459007263,0.27418962121009827,0.5025410652160645,2.0,2.0,0.3245582580566406,0.13492169976234436,0.5945765972137451,0.18625788390636444,0.012081749737262726,0.17137376964092255,patient41593/study1/view1_frontal.jpg,,
1.0,1.0,0.3629623724489796,5.0,1.0,0.4614982306957245,0.2771397531032562,0.44148245453834534,1.0,1.0,0.40685468912124634,0.5479233860969543,0.30941006541252136,0.23076216876506805,0.12023315578699112,0.15021973848342896,patient41835/study1/view1_frontal.jpg,1.0,
1.0,1.0,0.3735451211734694,3.0,1.0,0.46533071994781494,0.265767902135849,0.5620034337043762,2.0,2.0,0.29089638590812683,0.14593841135501862,0.5853583216667175,0.8628402352333069,0.9059152007102966,0.16492940485477448,patient41835/study10/view1_frontal.jpg,,
1.0,1.0,0.3185188137755102,1.0,1.0,0.45105624198913574,0.27611270546913147,0.4825633764266968,2.0,2.0,0.37062257528305054,0.21302245557308197,0.5665534734725952,0.07557100057601929,0.17199832201004028,0.18009953200817108,patient41835/study2/view1_frontal.jpg,,
1.0,1.0,0.14435188137755103,1.0,1.0,0.5129320025444031,0.27426019310951233,0.10599813610315323,2.0,2.0,0.2824394404888153,0.11723089963197708,0.5857846736907959,0.32099658250808716,0.21509845554828644,0.17320185899734497,patient41835/study3/view1_frontal.jpg,,
1.0,1.0,0.36935985331632654,1.0,1.0,0.47461771965026855,0.27172696590423584,0.5945250391960144,2.0,2.0,0.5210393071174622,0.14352917671203613,0.682565450668335,0.3490529954433441,0.46762704849243164,0.18601974844932556,patient41835/study4/view1_frontal.jpg,,
1.0,1.0,0.2937858737244898,1.0,1.0,0.46150845289230347,0.2552453279495239,0.55174720287323,2.0,2.0,0.46749037504196167,0.08234701305627823,0.6845664978027344,0.31216177344322205,0.6620555520057678,0.17430558800697327,patient41835/study5/view1_frontal.jpg,,
1.0,1.0,0.333984375,3.0,1.0,0.45696619153022766,0.27813300490379333,0.513074517250061,2.0,2.0,0.36402958631515503,0.21978628635406494,0.5843778848648071,0.12166616320610046,0.2752244174480438,0.1355842500925064,patient41835/study6/view1_frontal.jpg,,
1.0,1.0,0.38869180484693877,3.0,1.0,0.47616398334503174,0.2633543014526367,0.6632271409034729,2.0,2.0,0.4191169738769531,0.08427522331476212,0.6683638691902161,0.58247971534729,0.769583523273468,0.18907612562179565,patient41835/study7/view1_frontal.jpg,,
1.0,1.0,0.39552774234693877,3.0,1.0,0.4699518382549286,0.2786191999912262,0.6846039295196533,2.0,2.0,0.45108580589294434,0.0679139494895935,0.691585898399353,0.18212831020355225,0.5797795057296753,0.15699662268161774,patient41835/study8/view1_frontal.jpg,,
1.0,1.0,0.37587691326530615,2.0,1.0,0.4657554626464844,0.2624080181121826,0.593365490436554,2.0,2.0,0.34414398670196533,0.10850062221288681,0.6178216934204102,0.8416503667831421,0.8781366944313049,0.17438054084777832,patient41835/study9/view1_frontal.jpg,,
1.0,1.0,0.16880580357142858,1.0,1.0,0.5007890462875366,0.2766309380531311,0.1555601954460144,2.0,2.0,0.22094237804412842,0.14160576462745667,0.5344327688217163,0.338407039642334,0.36131036281585693,0.18663328886032104,patient41935/study1/view1_frontal.jpg,,
1.0,1.0,0.12824856505102042,1.0,1.0,0.5031891465187073,0.2800290882587433,0.09763910621404648,2.0,2.0,0.28780272603034973,0.11934264004230499,0.5863792896270752,0.20470234751701355,0.04521562159061432,0.1721654236316681,patient41935/study2/view1_frontal.jpg,,
1.0,1.0,0.1441326530612245,2.0,1.0,0.4894307851791382,0.28013065457344055,0.25203749537467957,2.0,2.0,0.20913490653038025,0.1282941997051239,0.4867369830608368,0.16076895594596863,0.33286696672439575,0.15267743170261383,patient42551/study1/view1_frontal.jpg,,
1.0,1.0,0.10931521045918367,1.0,1.0,0.5014391541481018,0.27626702189445496,0.1433720737695694,2.0,2.0,0.27921798825263977,0.10265856981277466,0.5768915414810181,0.43565964698791504,0.18696922063827515,0.1771790236234665,patient42551/study2/view1_frontal.jpg,,
1.0,1.0,0.12639508928571427,1.0,1.0,0.496953547000885,0.273320734500885,0.1924390345811844,2.0,2.0,0.21761837601661682,0.13367271423339844,0.4988025426864624,0.2583898603916168,0.22815445065498352,0.13909536600112915,patient42551/study3/view1_frontal.jpg,,
1.0,1.0,0.11736686862244898,1.0,1.0,0.5253714919090271,0.2823868989944458,0.11173194646835327,2.0,2.0,0.36503514647483826,0.07763642817735672,0.6559679508209229,0.4086669087409973,0.183055117726326,0.1588355153799057,patient42551/study4/view1_frontal.jpg,,
1.0,1.0,0.1594188456632653,1.0,1.0,0.4988684356212616,0.2767702639102936,0.1113213524222374,2.0,2.0,0.2505268454551697,0.13869282603263855,0.5545598268508911,0.24393436312675476,0.10762562602758408,0.18156594038009644,patient42551/study5/view1_frontal.jpg,,
1.0,1.0,0.1385921556122449,1.0,1.0,0.5034788250923157,0.27758365869522095,0.22700029611587524,2.0,2.0,0.22093823552131653,0.12479173392057419,0.4917607307434082,0.5473722219467163,0.27429160475730896,0.20950725674629211,patient42551/study6/view1_frontal.jpg,,
1.0,1.0,0.01721938775510204,2.0,1.0,0.5029654502868652,0.2842678725719452,0.0038717519491910934,2.0,2.0,0.8383034467697144,0.013911017216742039,0.9097136855125427,0.2957950830459595,0.1584395319223404,0.14963257312774658,patient42551/study7/view1_frontal.jpg,,
1.0,1.0,0.14742107780612246,1.0,1.0,0.49203261733055115,0.27050352096557617,0.10515156388282776,2.0,2.0,0.23517295718193054,0.14275357127189636,0.5332562923431396,0.19202814996242523,0.17572593688964844,0.17309841513633728,patient42551/study8/view1_frontal.jpg,,
1.0,1.0,0.2888233418367347,3.0,1.0,0.47348570823669434,0.262919545173645,0.4014493525028229,1.0,1.0,0.23468239605426788,0.40661758184432983,0.38861262798309326,0.2822147607803345,0.03697134926915169,0.12757684290409088,patient42751/study1/view1_frontal.jpg,,
1.0,1.0,0.36732700892857145,2.0,1.0,0.4822421073913574,0.2663224935531616,0.49214836955070496,2.0,2.0,0.2535567879676819,0.33696624636650085,0.4375551640987396,0.07371208071708679,0.005539110861718655,0.12498856335878372,patient42761/study1/view1_frontal.jpg,,
1.0,1.0,0.365055006377551,3.0,1.0,0.4750598073005676,0.2687123119831085,0.5527308583259583,2.0,2.0,0.3320416212081909,0.215448260307312,0.5745944976806641,0.18861447274684906,0.003766011679545045,0.13834084570407867,patient42761/study2/view1_frontal.jpg,,
1.0,1.0,0.22658242984693877,1.0,1.0,0.4789530038833618,0.2669938802719116,0.415958970785141,2.0,2.0,0.36899062991142273,0.27491825819015503,0.5228645205497742,0.2529624104499817,0.012566249817609787,0.1225188598036766,patient42761/study3/view1_frontal.jpg,,
1.0,1.0,0.32296316964285715,3.0,1.0,0.49305424094200134,0.2603832185268402,0.605404257774353,2.0,2.0,0.49154800176620483,0.16361574828624725,0.6587889790534973,0.9836709499359131,0.771609365940094,0.14516113698482513,patient42931/study1/view1_frontal.jpg,,
1.0,1.0,0.3157485650510204,2.0,1.0,0.5028622150421143,0.26006031036376953,0.48718148469924927,1.0,1.0,0.48289036750793457,0.5821903347969055,0.31272435188293457,0.7605978846549988,0.3209136426448822,0.16162079572677612,patient42931/study2/view1_frontal.jpg,,
1.0,1.0,0.1669323979591837,2.0,1.0,0.4914277493953705,0.28048765659332275,0.2711043655872345,1.0,1.0,0.2866458594799042,0.42957013845443726,0.3653663098812103,0.6390346884727478,0.7957302927970886,0.11956773698329926,patient42931/study3/view1_frontal.jpg,,
1.0,1.0,0.36385921556122447,2.0,1.0,0.4800529479980469,0.2685612440109253,0.33438602089881897,1.0,1.0,0.09530439972877502,0.3866012692451477,0.322101891040802,0.8552825450897217,0.8478736877441406,0.16908764839172363,patient42931/study4/view1_frontal.jpg,,
1.0,1.0,0.3342434630102041,4.0,1.0,0.45400479435920715,0.2702990472316742,0.5574123859405518,2.0,2.0,0.3701933026313782,0.3459790349006653,0.4785592257976532,0.061001308262348175,0.011203101836144924,0.13065803050994873,patient43970/study1/view1_frontal.jpg,,
1.0,1.0,0.326969068877551,5.0,1.0,0.46677133440971375,0.2691383957862854,0.4652095139026642,2.0,2.0,0.23280279338359833,0.34267500042915344,0.4652058780193329,0.10187101364135742,0.0204623993486166,0.16445313394069672,patient43970/study2/view1_frontal.jpg,,
1.0,1.0,0.3604711415816326,3.0,1.0,0.4526079595088959,0.2576644718647003,0.49263855814933777,2.0,2.0,0.23803867399692535,0.39385443925857544,0.40468356013298035,0.07531800866127014,0.008436383679509163,0.18895834684371948,patient43970/study3/view1_frontal.jpg,,
1.0,1.0,0.34982860331632654,4.0,1.0,0.4620510935783386,0.2556067407131195,0.5702358484268188,2.0,2.0,0.3618277311325073,0.2675205171108246,0.5396242141723633,0.08456352353096008,0.046616774052381516,0.20871081948280334,patient44356/study1/view1_frontal.jpg,,
1.0,1.0,0.33970424107142855,7.0,1.0,0.4746708869934082,0.2605769634246826,0.5967851877212524,2.0,2.0,0.37371787428855896,0.15276646614074707,0.6255366802215576,0.09384366124868393,0.07443620264530182,0.14160242676734924,patient44356/study2/view1_frontal.jpg,,
1.0,1.0,0.36427774234693877,2.0,1.0,0.45746877789497375,0.254452109336853,0.4578545093536377,2.0,2.0,0.006748884916305542,0.164068341255188,0.4128767251968384,0.2583066523075104,0.18308424949645996,0.1871539205312729,patient44644/study1/view1_frontal.jpg,,
1.0,1.0,0.3317123724489796,3.0,1.0,0.4632244408130646,0.25020545721054077,0.47485849261283875,2.0,2.0,0.1705845594406128,0.169834703207016,0.5029013752937317,0.20111358165740967,0.2825855314731598,0.1805868297815323,patient44644/study2/view1_frontal.jpg,,
1.0,1.0,0.34695870535714285,1.0,1.0,0.4476652443408966,0.24826468527317047,0.37663382291793823,2.0,2.0,0.06795898079872131,0.23227931559085846,0.3883936405181885,0.12235590070486069,0.0941753089427948,0.19245712459087372,patient44644/study3/view1_frontal.jpg,,
1.0,1.0,0.2958386479591837,2.0,1.0,0.47121113538742065,0.2575480043888092,0.4978286623954773,2.0,2.0,0.3953782916069031,0.23593534529209137,0.5566009283065796,0.9727584719657898,0.3936941921710968,0.18407408893108368,patient44740/study1/view1_frontal.jpg,,
1.0,1.0,0.35973373724489793,3.0,1.0,0.4427171051502228,0.2544518709182739,0.3893779218196869,1.0,1.0,0.20485879480838776,0.4257049858570099,0.3400936722755432,0.2007857859134674,0.2359876185655594,0.14535914361476898,patient44740/study2/view1_frontal.jpg,,
1.0,1.0,0.361507493622449,6.0,1.0,0.4771481454372406,0.26325884461402893,0.4279504716396332,2.0,2.0,0.1749224215745926,0.36470121145248413,0.42196905612945557,0.5730884075164795,0.27123284339904785,0.1851976364850998,patient44740/study3/view1_frontal.jpg,,
1.0,1.0,0.26052295918367346,5.0,1.0,0.46709388494491577,0.2562200129032135,0.3381463885307312,1.0,1.0,0.6780210733413696,0.7366602420806885,0.17914634943008423,0.5760802030563354,0.022469758987426758,0.1731593906879425,patient44740/study4/view1_frontal.jpg,,
1.0,1.0,0.3542330994897959,1.0,1.0,0.46892789006233215,0.2579183876514435,0.6365432143211365,2.0,2.0,0.6013050079345703,0.12621553242206573,0.7101426720619202,0.8205031156539917,0.0703272819519043,0.23276075720787048,patient44740/study5/view1_frontal.jpg,,
1.0,1.0,0.3485730229591837,1.0,1.0,0.4636908173561096,0.25764766335487366,0.5556256771087646,2.0,2.0,0.3874870538711548,0.11865824460983276,0.6344143748283386,0.2197037786245346,0.08812496066093445,0.180479496717453,patient44740/study6/view1_frontal.jpg,,
1.0,1.0,0.3019969706632653,1.0,1.0,0.484447181224823,0.27047109603881836,0.38655054569244385,1.0,1.0,0.6013190746307373,0.6757073402404785,0.23355843126773834,0.5977692604064941,0.006794463377445936,0.20599403977394104,patient44740/study7/view1_frontal.jpg,,
1.0,1.0,0.41442123724489793,2.0,1.0,0.4702952206134796,0.25988662242889404,0.54781574010849,2.0,2.0,0.29031288623809814,0.24398279190063477,0.5139085650444031,0.17376460134983063,0.1834796816110611,0.24205972254276276,patient45072/study1/view1_frontal.jpg,,
1.0,1.0,0.289241868622449,1.0,1.0,0.4409043490886688,0.2541410028934479,0.47640740871429443,2.0,2.0,0.16947400569915771,0.08539270609617233,0.539454996585846,0.34645527601242065,0.39499765634536743,0.16633006930351257,patient45072/study2/view1_frontal.jpg,,
1.0,1.0,0.3842673788265306,2.0,1.0,0.46036046743392944,0.2552736699581146,0.5088785886764526,2.0,2.0,0.1093769371509552,0.1562541425228119,0.4674067199230194,0.12152795493602753,0.005495017860084772,0.1634489893913269,patient45084/study1/view1_frontal.jpg,,
1.0,1.0,0.3790258290816326,2.0,1.0,0.44975149631500244,0.24943149089813232,0.5770788788795471,2.0,2.0,0.3499251902103424,0.14126387238502502,0.6043306589126587,0.18722978234291077,0.021904604509472847,0.16331914067268372,patient45118/study1/view1_frontal.jpg,,
1.0,1.0,0.3910435267857143,3.0,1.0,0.4469261169433594,0.2442503273487091,0.3198852837085724,1.0,1.0,0.6447920203208923,0.7383455634117126,0.1390695720911026,0.07475780695676804,0.1939363032579422,0.13427716493606567,patient45165/study1/view1_frontal.jpg,,
1.0,1.0,0.35323660714285715,2.0,1.0,0.4483439326286316,0.23615804314613342,0.5133675932884216,2.0,2.0,0.3093099594116211,0.2634046673774719,0.5106362700462341,0.5319631695747375,0.26010662317276,0.14825086295604706,patient45165/study2/view1_frontal.jpg,,
1.0,1.0,0.4102359693877551,6.0,1.0,0.45951539278030396,0.22774001955986023,0.2596426010131836,1.0,1.0,0.8074929714202881,0.8485981822013855,0.08087904751300812,0.1267632097005844,0.45159977674484253,0.1447402834892273,patient45165/study3/view1_frontal.jpg,,
1.0,1.0,0.39359454719387754,3.0,1.0,0.45468661189079285,0.23437225818634033,0.4200724959373474,1.0,1.0,0.4841264486312866,0.6260702610015869,0.2319858819246292,0.2606222927570343,0.23942671716213226,0.14970073103904724,patient45165/study4/view1_frontal.jpg,,
1.0,1.0,0.2631736288265306,1.0,1.0,0.5000420212745667,0.2697708308696747,0.4144514501094818,2.0,2.0,0.28341591358184814,0.17729824781417847,0.519346296787262,0.7767062783241272,0.21028690040111542,0.15847431123256683,patient45165/study5/view1_frontal.jpg,,
1.0,1.0,0.4644052933673469,1.0,1.0,0.4391254782676697,0.2223961055278778,0.3381088078022003,1.0,1.0,0.6820498704910278,0.773525059223175,0.13259252905845642,0.09008589386940002,0.1824311465024948,0.15939192473888397,patient45165/study6/view1_frontal.jpg,,
1.0,1.0,0.39170121173469385,1.0,1.0,0.4350076913833618,0.24438457190990448,0.5825358629226685,2.0,2.0,0.44613999128341675,0.33865317702293396,0.5675081610679626,0.06442659348249435,0.12076841294765472,0.20237605273723602,patient45165/study7/view1_frontal.jpg,,
1.0,1.0,0.37095424107142855,5.0,1.0,0.4310799539089203,0.22553245723247528,0.6339228749275208,2.0,2.0,0.34290292859077454,0.16487345099449158,0.5977131724357605,0.1318989098072052,0.14090517163276672,0.16076315939426422,patient45165/study8/view1_frontal.jpg,,
1.0,1.0,0.38829320790816324,2.0,1.0,0.4535599648952484,0.22665704786777496,0.27086544036865234,1.0,1.0,0.8917827606201172,0.9058348536491394,0.061056941747665405,0.20428018271923065,0.0669563040137291,0.19230487942695618,patient45165/study9/view1_frontal.jpg,,
1.0,1.0,0.43985172193877553,2.0,1.0,0.42842280864715576,0.22398073971271515,0.4937598407268524,0.0,0.0,0.0,0.24103590846061707,0.3766545057296753,0.3690274953842163,0.7046048045158386,0.21496765315532684,patient45556/study1/view1_frontal.jpg,,
1.0,1.0,0.39670360331632654,3.0,1.0,0.4366005063056946,0.22246171534061432,0.5566409230232239,2.0,2.0,0.1109464168548584,0.14603540301322937,0.4783903956413269,0.7123381495475769,0.9665874242782593,0.17034882307052612,patient45556/study2/view1_frontal.jpg,,
1.0,1.0,0.4345105229591837,1.0,1.0,0.4118924140930176,0.22633670270442963,0.5376733541488647,2.0,2.0,0.2178347259759903,0.2494986206293106,0.4491000175476074,0.5036607384681702,0.48473799228668213,0.18465672433376312,patient45556/study3/view1_frontal.jpg,,
1.0,1.0,0.39969308035714285,1.0,1.0,0.4946887791156769,0.2237921953201294,0.5116642117500305,2.0,2.0,0.09328284859657288,0.17143148183822632,0.44802913069725037,0.3173890709877014,0.7440189719200134,0.17809650301933289,patient45712/study1/view1_frontal.jpg,,
1.0,1.0,0.38626036352040816,2.0,1.0,0.45064058899879456,0.22414718568325043,0.4266417920589447,2.0,2.0,0.06644409894943237,0.34420567750930786,0.3702496886253357,0.9784750938415527,0.06313369423151016,0.21595428884029388,patient45871/study1/view1_frontal.jpg,,
1.0,1.0,0.3295798788265306,1.0,1.0,0.474790096282959,0.22676067054271698,0.4306444525718689,2.0,2.0,0.15268278121948242,0.2750706672668457,0.43413373827934265,0.6154301166534424,0.855894148349762,0.17901915311813354,patient46167/study1/view1_frontal.jpg,,
1.0,1.0,0.4038783482142857,3.0,1.0,0.4676910638809204,0.22211308777332306,0.3092820942401886,1.0,1.0,0.2553728222846985,0.5095195770263672,0.24761202931404114,0.21694140136241913,0.06448917090892792,0.141013965010643,patient46167/study2/view1_frontal.jpg,,
1.0,1.0,0.376773756377551,2.0,1.0,0.47448232769966125,0.2217557281255722,0.38259944319725037,1.0,1.0,0.5892531275749207,0.6986907720565796,0.19187158346176147,0.5971847772598267,0.8699285387992859,0.2610742151737213,patient46167/study3/view1_frontal.jpg,1.0,
1.0,1.0,0.3715919961734694,2.0,1.0,0.47389963269233704,0.2230258733034134,0.3489711582660675,1.0,1.0,0.30504074692726135,0.5175957083702087,0.26984938979148865,0.5330080986022949,0.49128133058547974,0.2260328084230423,patient46167/study4/view1_frontal.jpg,,
1.0,1.0,0.4314014668367347,3.0,1.0,0.45349034667015076,0.23387229442596436,0.7208846211433411,2.0,2.0,0.49830925464630127,0.0785333588719368,0.7217360138893127,0.24582800269126892,0.7300801873207092,0.1599225550889969,patient46236/study1/view1_frontal.jpg,1.0,
1.0,1.0,0.42307079081632654,1.0,1.0,0.48244211077690125,0.30810731649398804,0.36401939392089844,1.0,1.0,0.5385112166404724,0.6537349820137024,0.19725869596004486,0.5542252659797668,0.9963490962982178,0.19750595092773438,patient46236/study2/view1_frontal.jpg,1.0,
1.0,1.0,0.28780691964285715,1.0,1.0,0.43674251437187195,0.22558145225048065,0.42652302980422974,2.0,2.0,0.19045805931091309,0.1679336279630661,0.4926483929157257,0.9479538798332214,0.9397191405296326,0.1578984409570694,patient46236/study3/view1_frontal.jpg,1.0,
1.0,1.0,0.40525350765306123,2.0,1.0,0.489849716424942,0.3119075894355774,0.23802626132965088,1.0,1.0,0.7201328277587891,0.7895123958587646,0.1117178276181221,0.42617133259773254,0.5277076959609985,0.20075061917304993,patient46236/study4/view1_frontal.jpg,1.0,
1.0,1.0,0.4209582270408163,1.0,1.0,0.477548211812973,0.22339674830436707,0.35148486495018005,1.0,1.0,0.03438103199005127,0.35746681690216064,0.31944742798805237,0.9179245829582214,0.8298497796058655,0.1797504425048828,patient46236/study5/view1_frontal.jpg,1.0,
1.0,1.0,0.3430723852040816,1.0,1.0,0.42620447278022766,0.233018696308136,0.519501268863678,2.0,2.0,0.30637556314468384,0.2339475154876709,0.552098274230957,0.9784618616104126,0.6457279920578003,0.16035841405391693,patient46236/study6/view1_frontal.jpg,1.0,
1.0,1.0,0.4967514349489796,1.0,1.0,0.5907787680625916,0.3061976432800293,0.4976517856121063,1.0,1.0,0.6671116948127747,0.7265469431877136,0.1926400363445282,0.5131363868713379,0.35313960909843445,0.2769528925418854,patient46267/study1/view1_frontal.jpg,,
1.0,1.0,0.534538424744898,1.0,1.0,0.5742526054382324,0.3086812198162079,0.4685410261154175,1.0,1.0,0.7941890358924866,0.8275048136711121,0.12125706672668457,0.35958361625671387,0.3120535612106323,0.22112244367599487,patient46267/study2/view1_frontal.jpg,,
1.0,1.0,0.5081313775510204,3.0,1.0,0.5836188793182373,0.3120119571685791,0.44996944069862366,1.0,1.0,0.8293329477310181,0.8540326952934265,0.09972795099020004,0.3442286252975464,0.17322364449501038,0.2253599762916565,patient46267/study3/view1_frontal.jpg,,
1.0,1.0,0.3141541772959184,3.0,1.0,0.46982163190841675,0.2750970125198364,0.39055827260017395,1.0,1.0,0.2818799614906311,0.4591427147388458,0.35748302936553955,0.13624805212020874,0.33257269859313965,0.17214329540729523,patient46267/study4/view1_frontal.jpg,,
1.0,1.0,0.5446229272959183,2.0,1.0,0.5682001113891602,0.30807092785835266,0.5664553642272949,1.0,1.0,0.6317141056060791,0.7160066366195679,0.19970078766345978,0.7204066514968872,0.4989122152328491,0.25787124037742615,patient46267/study5/view1_frontal.jpg,,
1.0,1.0,0.5466557716836735,1.0,1.0,0.5402555465698242,0.29804447293281555,0.5224730968475342,1.0,1.0,0.769263744354248,0.7970014810562134,0.1542723923921585,0.34915173053741455,0.19385908544063568,0.2291790246963501,patient46267/study6/view1_frontal.jpg,1.0,
1.0,1.0,0.5144889987244898,1.0,1.0,0.46277451515197754,0.23652392625808716,0.6000874638557434,2.0,2.0,0.1736423373222351,0.18183083832263947,0.4929790198802948,0.3461844325065613,0.005174596328288317,0.17700207233428955,patient46423/study1/view1_frontal.jpg,,
1.0,1.0,0.3367944834183674,4.0,1.0,0.4433972239494324,0.24529992043972015,0.09885522723197937,1.0,1.0,0.9386137127876282,0.951692521572113,0.031564030796289444,0.3231220841407776,0.01834162324666977,0.18627524375915527,patient46423/study2/view1_frontal.jpg,,
1.0,1.0,0.32874282525510207,4.0,1.0,0.42716479301452637,0.23276208341121674,0.2476525902748108,1.0,1.0,0.8262372612953186,0.8711749315261841,0.07631076127290726,0.31721413135528564,0.018962640315294266,0.20171865820884705,patient46423/study3/view1_frontal.jpg,,
1.0,1.0,0.46340880102040816,6.0,1.0,0.5131269693374634,0.2344415783882141,0.7965618371963501,2.0,2.0,0.5515249967575073,0.06790630519390106,0.7534084320068359,0.8973671793937683,0.6265776753425598,0.1650417447090149,patient46492/study1/view1_frontal.jpg,,
1.0,1.0,0.5303332270408163,3.0,1.0,0.516465425491333,0.2203734815120697,0.4127298891544342,1.0,1.0,0.8871338367462158,0.9031522274017334,0.06379085779190063,0.4480321407318115,0.26192185282707214,0.2098846286535263,patient46739/study1/view1_frontal.jpg,,
1.0,1.0,0.38121811224489793,2.0,1.0,0.4768998920917511,0.24228385090827942,0.6831201910972595,2.0,2.0,0.4967139661312103,0.060823846608400345,0.7173402905464172,0.27668341994285583,0.42562395334243774,0.180813267827034,patient46739/study2/view1_frontal.jpg,,
1.0,1.0,0.4309231505102041,3.0,1.0,0.4885872006416321,0.24559034407138824,0.16205452382564545,1.0,1.0,0.8345050811767578,0.8812656998634338,0.07197371125221252,0.026190806180238724,0.0013062006328254938,0.15380994975566864,patient46739/study3/view1_frontal.jpg,,
1.0,1.0,0.47847576530612246,1.0,1.0,0.5006370544433594,0.24121645092964172,0.19587799906730652,1.0,1.0,0.9279765486717224,0.9389604926109314,0.03876449912786484,0.06313717365264893,0.0010304241441190243,0.14441733062267303,patient46739/study4/view1_frontal.jpg,,
1.0,1.0,0.5205676020408163,1.0,1.0,0.5086723566055298,0.24650849401950836,0.6247683763504028,2.0,2.0,0.22769930958747864,0.1755579113960266,0.5272672772407532,0.3928871154785156,0.09384925663471222,0.20034731924533844,patient46814/study1/view1_frontal.jpg,,
1.0,1.0,0.45675223214285715,7.0,1.0,0.5080351829528809,0.23347872495651245,0.7112940549850464,2.0,2.0,0.31402358412742615,0.10329670459032059,0.6053634285926819,0.31405818462371826,0.06593925505876541,0.1750584840774536,patient46814/study2/view1_frontal.jpg,,
1.0,1.0,0.5281808035714286,1.0,1.0,0.5033254027366638,0.24003459513187408,0.4003618061542511,1.0,1.0,0.5537645220756531,0.6865195631980896,0.18540644645690918,0.19277475774288177,0.18569821119308472,0.19977277517318726,patient47001/study1/view1_frontal.jpg,,
1.0,1.0,0.5207270408163265,2.0,1.0,0.5042710304260254,0.24016600847244263,0.5924105048179626,1.0,1.0,0.35930922627449036,0.5190903544425964,0.31985652446746826,0.5366495847702026,0.31964966654777527,0.2075122594833374,patient47001/study1/view2_frontal.jpg,,
1.0,1.0,0.41523836096938777,2.0,1.0,0.4712947607040405,0.24678976833820343,0.23754402995109558,1.0,1.0,0.617236852645874,0.7276341915130615,0.14495523273944855,0.11002840846776962,0.025484181940555573,0.15148186683654785,patient47001/study2/view1_frontal.jpg,,
1.0,1.0,0.3853236607142857,1.0,1.0,0.5090175271034241,0.24395300447940826,0.5174478888511658,1.0,1.0,0.4200242757797241,0.5456287264823914,0.37255752086639404,0.8551430702209473,0.30784478783607483,0.20646363496780396,patient47001/study3/view1_frontal.jpg,,
1.0,1.0,0.39162149234693877,8.0,1.0,0.4535991847515106,0.24782226979732513,0.5789204835891724,2.0,2.0,0.13706064224243164,0.1050201952457428,0.509064793586731,0.2963770031929016,0.4048961400985718,0.1570073515176773,patient47471/study1/view1_frontal.jpg,0.0,
1.0,1.0,0.39809869260204084,4.0,1.0,0.4376678168773651,0.2476004660129547,0.5532433390617371,2.0,2.0,0.19239497184753418,0.2069396823644638,0.5085322260856628,0.11897736042737961,0.030813494697213173,0.14578783512115479,patient47471/study2/view1_frontal.jpg,,
1.0,1.0,0.4913703762755102,6.0,1.0,0.4589671790599823,0.2535894811153412,0.2760660946369171,1.0,1.0,0.5852178931236267,0.7150332927703857,0.16226117312908173,0.06818517297506332,0.033442553132772446,0.1900220662355423,patient47471/study3/view1_frontal.jpg,,
1.0,1.0,0.4343112244897959,4.0,1.0,0.4376019835472107,0.24702948331832886,0.24922767281532288,1.0,1.0,0.4583660960197449,0.6446312069892883,0.17744016647338867,0.05202319473028183,0.025575537234544754,0.155739426612854,patient47471/study4/view1_frontal.jpg,,
1.0,1.0,0.5969587053571429,3.0,1.0,0.48836761713027954,0.23895354568958282,0.6621009707450867,1.0,1.0,0.2712021470069885,0.4548393189907074,0.36152347922325134,0.48184049129486084,0.23424530029296875,0.22784240543842316,patient47597/study1/view1_frontal.jpg,,
1.0,1.0,0.2772640306122449,7.0,1.0,0.3851456046104431,0.262611985206604,0.08539075404405594,2.0,2.0,0.27351126074790955,0.254610151052475,0.5055944919586182,0.023356379941105843,0.031919971108436584,0.16746920347213745,patient47681/study1/view1_frontal.jpg,,
1.0,1.0,0.27152423469387754,3.0,1.0,0.3757176995277405,0.26255762577056885,0.07843656092882156,2.0,2.0,0.49268460273742676,0.10318917781114578,0.7013874650001526,0.037512581795454025,0.005168558564037085,0.16117770969867706,patient47681/study2/view1_frontal.jpg,,
1.0,1.0,0.1437938456632653,2.0,1.0,0.3677690327167511,0.26511433720588684,0.2284526526927948,1.0,1.0,0.2574078142642975,0.3962157070636749,0.3954015374183655,0.3944835364818573,0.2915652394294739,0.1610136181116104,patient48180/study1/view1_frontal.jpg,,
1.0,1.0,0.2774633290816326,1.0,1.0,0.3938148021697998,0.26026955246925354,0.20019285380840302,2.0,2.0,0.14721563458442688,0.2776142954826355,0.427629292011261,0.03898021951317787,0.14657798409461975,0.1501542329788208,patient48540/study1/view1_frontal.jpg,,
1.0,1.0,0.2889429209183674,2.0,1.0,0.3829195201396942,0.25963521003723145,0.05959339812397957,2.0,2.0,0.5848844051361084,0.08931698650121689,0.7453152537345886,0.033175721764564514,0.05865967646241188,0.14299677312374115,patient48889/study1/view1_frontal.jpg,,
1.0,1.0,0.2735172193877551,6.0,1.0,0.3905964195728302,0.2675130367279053,0.3021620512008667,2.0,2.0,0.04143393039703369,0.27921923995018005,0.38281264901161194,0.06158013269305229,0.05745437368750572,0.16724884510040283,patient48889/study2/view1_frontal.jpg,,
1.0,1.0,0.1865234375,4.0,1.0,0.37742841243743896,0.2630692720413208,0.06270294636487961,2.0,2.0,0.37848737835884094,0.12115619331598282,0.6292581558227539,0.10794461518526077,0.0009848695481196046,0.14209908246994019,patient49094/study1/view1_frontal.jpg,,
1.0,1.0,0.23600924744897958,2.0,1.0,0.3787562847137451,0.2589772343635559,2.952922955046233e-07,2.0,2.0,0.8439725637435913,0.016457345336675644,0.9064928889274597,0.06397029012441635,0.003112096106633544,0.14478978514671326,patient49094/study1/view2_frontal.jpg,,
1.0,1.0,0.20854591836734693,4.0,1.0,0.3900299370288849,0.2704857289791107,0.1124904528260231,1.0,1.0,0.7617127299308777,0.8053351640701294,0.11721628904342651,0.05371089279651642,0.08990122377872467,0.1741202473640442,patient49162/study1/view1_frontal.jpg,,
1.0,1.0,0.2530492665816326,3.0,1.0,0.3842146396636963,0.2679891586303711,0.11928507685661316,2.0,2.0,0.12993302941322327,0.19195441901683807,0.4438178241252899,0.06449928879737854,0.0373198576271534,0.17134490609169006,patient49162/study2/view1_frontal.jpg,,
1.0,1.0,0.2262236926020408,1.0,1.0,0.38257309794425964,0.2604916989803314,0.1535867154598236,1.0,1.0,0.637697696685791,0.7256624102592468,0.16028611361980438,0.06454215943813324,0.13344624638557434,0.18408973515033722,patient49162/study3/view1_frontal.jpg,,
1.0,1.0,0.1753826530612245,1.0,1.0,0.3875497281551361,0.2662769854068756,0.13460932672023773,2.0,2.0,0.27608466148376465,0.2558304965496063,0.48106950521469116,0.08801904320716858,0.8745155930519104,0.1687423139810562,patient49449/study1/view1_frontal.jpg,,
1.0,1.0,0.3098692602040816,1.0,1.0,0.37843161821365356,0.26667991280555725,0.3557620942592621,0.0,0.0,0.0,0.15069524943828583,0.402023047208786,0.21372857689857483,0.17336711287498474,0.17304101586341858,patient49581/study1/view1_frontal.jpg,,
1.0,1.0,0.295719068877551,4.0,1.0,0.38547155261039734,0.2617557942867279,0.21949069201946259,0.0,0.0,0.0,0.31275707483291626,0.2962491810321808,0.20213080942630768,0.016223009675741196,0.16748014092445374,patient49581/study2/view1_frontal.jpg,,
1.0,1.0,0.18674266581632654,1.0,1.0,0.3420559763908386,0.26143598556518555,0.049860987812280655,2.0,2.0,0.5174805521965027,0.08090654015541077,0.7192562818527222,0.13983909785747528,0.15834788978099823,0.1707446426153183,patient49581/study3/view1_frontal.jpg,,
1.0,1.0,0.30203683035714285,3.0,1.0,0.343622624874115,0.25877469778060913,0.15799261629581451,1.0,1.0,0.35821694135665894,0.5569683313369751,0.23701471090316772,0.21042181551456451,0.16406232118606567,0.2022906392812729,patient49608/study1/view1_frontal.jpg,1.0,
1.0,1.0,0.23343829719387754,5.0,1.0,0.3346461057662964,0.26231199502944946,0.10876958817243576,1.0,1.0,0.16803935170173645,0.4127748906612396,0.2720223665237427,0.23879273235797882,0.32666465640068054,0.15304388105869293,patient49608/study2/view1_frontal.jpg,1.0,
1.0,1.0,0.234375,1.0,1.0,0.35391899943351746,0.25831708312034607,0.14058823883533478,2.0,2.0,0.1819232702255249,0.14078590273857117,0.5196372866630554,0.06890718638896942,0.07110036909580231,0.19696375727653503,patient49633/study1/view1_frontal.jpg,,
1.0,1.0,0.35853794642857145,3.0,1.0,0.34768375754356384,0.26252928376197815,0.08367758989334106,2.0,2.0,0.1325410008430481,0.1939581334590912,0.41607269644737244,0.10139457136392593,0.30440089106559753,0.11936946958303452,patient49736/study1/view1_frontal.jpg,,
1.0,1.0,0.21187420280612246,2.0,1.0,0.3342718780040741,0.25652876496315,0.08514322340488434,2.0,2.0,0.3359047770500183,0.0987112894654274,0.6169417500495911,0.2737202048301697,0.10974432528018951,0.16998571157455444,patient49803/study1/view1_frontal.jpg,,
1.0,1.0,0.21111686862244897,2.0,1.0,0.3277031183242798,0.25365522503852844,0.08504458516836166,2.0,2.0,0.3651600778102875,0.10346070677042007,0.6382205486297607,0.24059581756591797,0.4180452227592468,0.183883398771286,patient49803/study2/view1_frontal.jpg,,
1.0,1.0,0.24850526147959184,2.0,1.0,0.33652251958847046,0.2573511302471161,0.06196305528283119,2.0,2.0,0.21185019612312317,0.37932726740837097,0.40916019678115845,0.0938374251127243,0.032686326652765274,0.19111481308937073,patient49992/study1/view1_frontal.jpg,,
1.0,1.0,0.2276187818877551,3.0,1.0,0.33991214632987976,0.2552478015422821,0.07153818011283875,2.0,2.0,0.1856800615787506,0.22881488502025604,0.45746925473213196,0.1589544415473938,0.16787642240524292,0.18318632245063782,patient50073/study1/view1_frontal.jpg,,
1.0,1.0,0.2806919642857143,4.0,1.0,0.34032538533210754,0.26189929246902466,0.18307481706142426,0.0,0.0,0.0,0.27003026008605957,0.30645373463630676,0.11248774826526642,0.031113728880882263,0.1732214093208313,patient50224/study1/view1_frontal.jpg,,
1.0,1.0,0.3258529974489796,1.0,1.0,0.3372589945793152,0.2524285912513733,0.08851680904626846,2.0,2.0,0.14441023766994476,0.27711763978004456,0.3934871554374695,0.07016513496637344,0.1248864158987999,0.1792609542608261,patient50224/study2/view1_frontal.jpg,,
1.0,1.0,0.22393176020408162,4.0,1.0,0.3311004936695099,0.25314709544181824,0.23363424837589264,0.0,0.0,0.0,0.16126425564289093,0.360559344291687,0.4534432590007782,0.5330836176872253,0.18912245333194733,patient50276/study1/view1_frontal.jpg,,
1.0,1.0,0.2298907844387755,5.0,1.0,0.3114798367023468,0.25468575954437256,0.10114818811416626,2.0,2.0,0.19196313619613647,0.16166146099567413,0.5144817233085632,0.414535254240036,0.20979057252407074,0.21165120601654053,patient50276/study2/view1_frontal.jpg,,
1.0,1.0,0.22293526785714285,6.0,1.0,0.3474886119365692,0.26409903168678284,0.05274730175733566,2.0,2.0,0.15391410887241364,0.3671795725822449,0.3933672606945038,0.05906304717063904,0.004459320101886988,0.1601136177778244,patient50282/study1/view1_frontal.jpg,,
1.0,1.0,0.26022401147959184,1.0,1.0,0.3451443016529083,0.2511657774448395,0.16048063337802887,2.0,2.0,0.0927182137966156,0.3090757131576538,0.38541677594184875,0.13765102624893188,0.0479905903339386,0.1842370331287384,patient50730/study1/view1_frontal.jpg,,
1.0,1.0,0.26102120535714285,2.0,1.0,0.34710583090782166,0.2620713412761688,0.07000593841075897,2.0,2.0,0.40015751123428345,0.09063155949115753,0.6340801119804382,0.13387499749660492,0.0440247468650341,0.20541884005069733,patient50730/study2/view1_frontal.jpg,,
1.0,1.0,0.3079161352040816,1.0,1.0,0.4359666109085083,0.30614736676216125,0.2755967378616333,1.0,1.0,0.15137997269630432,0.4254460036754608,0.3004879355430603,0.358489990234375,0.39129042625427246,0.24582922458648682,patient50777/study1/view1_frontal.jpg,,
1.0,1.0,0.29360650510204084,3.0,1.0,0.4445302486419678,0.3006696105003357,0.23695847392082214,0.0,0.0,0.0,0.20616814494132996,0.2888644337654114,0.3444783389568329,0.2512876093387604,0.13757720589637756,patient50777/study2/view1_frontal.jpg,,
1.0,1.0,0.22118144132653061,2.0,1.0,0.4130065441131592,0.30221763253211975,0.13962163031101227,2.0,2.0,0.1090298593044281,0.15196910500526428,0.4799232482910156,0.2831191122531891,0.3195685148239136,0.14458706974983215,patient50777/study3/view1_frontal.jpg,,
1.0,1.0,0.38343032525510207,2.0,1.0,0.4153866171836853,0.3008008897304535,0.16519375145435333,2.0,2.0,0.08860218524932861,0.1937628984451294,0.4589250385761261,0.08878981322050095,0.14549797773361206,0.213644340634346,patient50777/study4/view1_frontal.jpg,,
1.0,1.0,0.31118463010204084,1.0,1.0,0.40634483098983765,0.30081048607826233,0.23142507672309875,2.0,2.0,0.09851336479187012,0.10678300261497498,0.49766361713409424,0.17328375577926636,0.2998913824558258,0.14671523869037628,patient50777/study5/view1_frontal.jpg,,
1.0,1.0,0.2516342474489796,3.0,1.0,0.4306976795196533,0.30642133951187134,0.1999184936285019,0.0,0.0,0.0,0.17984460294246674,0.3821432888507843,0.2751888036727905,0.4363549053668976,0.1298297792673111,patient50777/study6/view1_frontal.jpg,,
1.0,1.0,0.21876992984693877,3.0,1.0,0.4284539520740509,0.31578508019447327,0.21972618997097015,0.0,0.0,0.0,0.18792951107025146,0.3645457923412323,0.22768422961235046,0.5373966693878174,0.17674259841442108,patient51250/study1/view1_frontal.jpg,,
1.0,1.0,0.30141900510204084,4.0,1.0,0.4398120045661926,0.3097561001777649,0.3541380763053894,0.0,0.0,0.0,0.20974794030189514,0.3775651752948761,0.5489728450775146,0.8323050737380981,0.18203920125961304,patient51250/study2/view1_frontal.jpg,,
1.0,1.0,0.32035235969387754,2.0,1.0,0.4690130054950714,0.304991215467453,0.3834860026836395,2.0,2.0,0.024767011404037476,0.24445247650146484,0.4036741852760315,0.5643345713615417,0.3949282765388489,0.1309780329465866,patient51250/study3/view1_frontal.jpg,,
1.0,1.0,0.3633410395408163,1.0,1.0,0.46958595514297485,0.30292952060699463,0.43762722611427307,2.0,2.0,0.07882174849510193,0.2315116822719574,0.4236550033092499,0.8249362707138062,0.6188684105873108,0.22119872272014618,patient51514/study1/view1_frontal.jpg,,
1.0,1.0,0.31897720025510207,1.0,1.0,0.42097342014312744,0.30320724844932556,0.20250257849693298,2.0,2.0,0.07677638530731201,0.15792326629161835,0.4733964502811432,0.6793283224105835,0.6285209655761719,0.16190768778324127,patient51754/study1/view1_frontal.jpg,,
1.0,1.0,0.3371532206632653,2.0,1.0,0.4315798282623291,0.3104919493198395,0.004418973810970783,2.0,2.0,0.6532346606254578,0.059495940804481506,0.7818141579627991,0.03486128896474838,0.0019008814124390483,0.19143551588058472,patient52055/study1/view1_frontal.jpg,,
1.0,1.0,0.19694674744897958,1.0,1.0,0.4237711727619171,0.3093750476837158,0.007003320846706629,2.0,2.0,0.5229641795158386,0.06799133121967316,0.7170940041542053,0.19145114719867706,0.004056455101817846,0.19169223308563232,patient52334/study1/view1_frontal.jpg,,
1.0,1.0,0.26207748724489793,1.0,1.0,0.4252876341342926,0.3153141140937805,0.4748339056968689,2.0,2.0,0.32041028141975403,0.13076184689998627,0.5858517289161682,0.975054919719696,0.9575075507164001,0.18013271689414978,patient52409/study1/view1_frontal.jpg,1.0,
1.0,1.0,0.23571029974489796,2.0,1.0,0.43037301301956177,0.3012392222881317,0.3743598461151123,2.0,2.0,0.05643954873085022,0.1467399150133133,0.47573739290237427,0.5825757384300232,0.40698742866516113,0.17787715792655945,patient52711/study1/view1_frontal.jpg,,
1.0,1.0,0.25290975765306123,1.0,1.0,0.4202779531478882,0.31980422139167786,0.07450886815786362,2.0,2.0,0.5330687761306763,0.05558981001377106,0.7545205950737,0.14517949521541595,0.037990450859069824,0.1695219725370407,patient52868/study1/view1_frontal.jpg,,
1.0,1.0,0.29428411989795916,3.0,1.0,0.4265263080596924,0.3047705292701721,0.023309560492634773,2.0,2.0,0.6989725828170776,0.041404444724321365,0.8087137937545776,0.08183878660202026,0.035857781767845154,0.1935720294713974,patient53161/study1/view1_frontal.jpg,,
1.0,1.0,0.20129145408163265,1.0,1.0,0.3844185769557953,0.30343782901763916,0.34116655588150024,2.0,2.0,0.40406596660614014,0.13687753677368164,0.6215212941169739,0.265005499124527,0.9243013858795166,0.17414715886116028,patient53235/study1/view1_frontal.jpg,,
1.0,1.0,0.2179328762755102,2.0,1.0,0.3769882321357727,0.30470070242881775,0.15194173157215118,2.0,2.0,0.2632518708705902,0.2789947986602783,0.47679969668388367,0.06980886310338974,0.24861888587474823,0.23581109941005707,patient53438/study1/view1_frontal.jpg,,
1.0,1.0,0.1670719068877551,2.0,1.0,0.3909349739551544,0.30008018016815186,0.3853157162666321,2.0,2.0,0.45162177085876465,0.14413848519325256,0.6169169545173645,0.1115981861948967,0.6521500945091248,0.11489412933588028,patient53830/study1/view1_frontal.jpg,,
1.0,1.0,0.3377311862244898,2.0,1.0,0.40578514337539673,0.3002709150314331,0.5023966431617737,2.0,2.0,0.29696735739707947,0.1387370526790619,0.5791151523590088,0.008866192772984505,0.014837107621133327,0.1223316565155983,patient53918/study1/view1_frontal.jpg,,
1.0,1.0,0.3055843431122449,3.0,1.0,0.3982798457145691,0.30839619040489197,0.08070335537195206,1.0,1.0,0.41100800037384033,0.5611096024513245,0.3011312782764435,0.043429192155599594,0.015717750415205956,0.1727520227432251,patient53918/study1/view2_frontal.jpg,,
1.0,1.0,0.28310347576530615,3.0,1.0,0.41269782185554504,0.2991023361682892,0.13512872159481049,1.0,1.0,0.17265914380550385,0.40325137972831726,0.36615633964538574,0.05000603571534157,0.0024629782419651747,0.15316417813301086,patient53923/study1/view1_frontal.jpg,,
1.0,1.0,0.31564891581632654,2.0,1.0,0.4064598083496094,0.30459949374198914,0.19720761477947235,1.0,1.0,0.8286300301551819,0.8738475441932678,0.08093490451574326,0.061048783361911774,0.08438543230295181,0.16387049853801727,patient54083/study1/view1_frontal.jpg,,
1.0,1.0,0.5006576849489796,2.0,1.0,0.45883920788764954,0.30371183156967163,0.6430371999740601,2.0,2.0,0.38512122631073,0.32828423380851746,0.508647084236145,0.09169764071702957,0.13505078852176666,0.16905562579631805,patient54444/study1/view1_frontal.jpg,,
1.0,1.0,0.5890864158163265,3.0,1.0,0.49188217520713806,0.28415441513061523,0.3104567527770996,1.0,1.0,0.7507272958755493,0.8268588781356812,0.09829146414995193,0.033507637679576874,0.05195372924208641,0.19233718514442444,patient54534/study1/view1_frontal.jpg,,
1.0,1.0,0.022919323979591837,2.0,1.0,0.4347772002220154,0.2597995102405548,0.0201290100812912,2.0,2.0,0.8102471828460693,0.01581570878624916,0.8924983143806458,0.9532455205917358,0.904690682888031,0.15577717125415802,patient54717/study1/view1_frontal.jpg,1.0,
1.0,1.0,0.025769292091836735,1.0,1.0,0.4472399353981018,0.24972671270370483,0.08303465694189072,2.0,2.0,0.35959985852241516,0.06922008097171783,0.630890965461731,0.32229381799697876,0.0019923385698348284,0.13787239789962769,patient54905/study1/view1_frontal.jpg,,
1.0,1.0,0.02556999362244898,1.0,1.0,0.42456483840942383,0.2493664026260376,0.007893208414316177,2.0,2.0,0.8280898332595825,0.015101101249456406,0.9043446779251099,0.6032979488372803,0.09131161123514175,0.15862222015857697,patient54997/study1/view1_frontal.jpg,,
1.0,1.0,0.023417570153061226,1.0,1.0,0.42950594425201416,0.25005385279655457,0.008817775174975395,2.0,2.0,0.8295807242393494,0.015092502348124981,0.9051640629768372,0.5189911127090454,0.2422679364681244,0.15218620002269745,patient55129/study1/view1_frontal.jpg,,
1.0,1.0,0.020886479591836735,2.0,1.0,0.42851781845092773,0.25485512614250183,0.01020909659564495,2.0,2.0,0.8174880743026733,0.014800763688981533,0.8966797590255737,0.8002099394798279,0.02195742167532444,0.15420642495155334,patient55824/study1/view1_frontal.jpg,,
1.0,1.0,0.02489237882653061,1.0,1.0,0.42999759316444397,0.2463989406824112,0.012311294674873352,2.0,2.0,0.8232709169387817,0.015987152233719826,0.9016223549842834,0.6367729306221008,0.003203071653842926,0.1799745410680771,patient56069/study1/view1_frontal.jpg,,
1.0,1.0,0.022002551020408163,1.0,1.0,0.4210802912712097,0.24911577999591827,0.0037970105186104774,2.0,2.0,0.6421710252761841,0.045347586274147034,0.791253924369812,0.3894638121128082,0.016985680907964706,0.139149472117424,patient56105/study1/view1_frontal.jpg,,
1.0,1.0,0.01610331632653061,1.0,1.0,0.42594748735427856,0.25114157795906067,0.006342595908790827,2.0,2.0,0.7520244717597961,0.029037440195679665,0.856860876083374,0.5445310473442078,0.020842643454670906,0.13603979349136353,patient56105/study2/view1_frontal.jpg,,
1.0,1.0,0.00843032525510204,1.0,1.0,0.432828426361084,0.24517081677913666,0.0160633847117424,2.0,2.0,0.2981308698654175,0.08570406585931778,0.5360034704208374,0.8680087924003601,0.3718496263027191,0.13413023948669434,patient56666/study1/view1_frontal.jpg,1.0,
1.0,1.0,0.02307876275510204,1.0,1.0,0.4217604696750641,0.24977129697799683,0.006964697036892176,2.0,2.0,0.8311069011688232,0.014567011035978794,0.9061034917831421,0.9161669611930847,0.9578035473823547,0.22168108820915222,patient57224/study1/view1_frontal.jpg,,
1.0,1.0,0.04055723852040816,1.0,1.0,0.38851359486579895,0.26665520668029785,0.10660291463136673,2.0,2.0,0.6736376285552979,0.02412327565252781,0.8340974450111389,0.38496318459510803,0.023831069469451904,0.16971822082996368,patient57283/study1/view1_frontal.jpg,,
1.0,1.0,0.023158482142857144,1.0,1.0,0.4375189244747162,0.24475635588169098,0.007387088146060705,2.0,2.0,0.8231787085533142,0.016130367293953896,0.9014655351638794,0.8427709937095642,0.04785976931452751,0.18644317984580994,patient57283/study2/view1_frontal.jpg,,
1.0,1.0,0.022341358418367346,1.0,1.0,0.43177157640457153,0.24575456976890564,0.003558908822014928,2.0,2.0,0.8326616883277893,0.014761974103748798,0.9068569540977478,0.9578997492790222,0.07474742829799652,0.16761915385723114,patient57283/study3/view1_frontal.jpg,,
1.0,1.0,0.0398796237244898,2.0,1.0,0.40793952345848083,0.2609216272830963,0.056222137063741684,2.0,2.0,0.702481210231781,0.02826557494699955,0.8316389322280884,0.43109703063964844,0.5897039175033569,0.15220461785793304,patient57355/study1/view1_frontal.jpg,,
1.0,1.0,0.16005660076530612,3.0,1.0,0.41979482769966125,0.25987014174461365,0.23911580443382263,2.0,2.0,0.19029174745082855,0.3428419530391693,0.4046120047569275,0.22249487042427063,0.15615732967853546,0.19717472791671753,patient58304/study1/view1_frontal.jpg,,
1.0,1.0,0.16175063775510204,1.0,1.0,0.40767958760261536,0.26417452096939087,0.33613476157188416,2.0,2.0,0.3871552050113678,0.1972036361694336,0.5583027601242065,0.8009682893753052,0.3322182595729828,0.15578486025333405,patient58304/study2/view1_frontal.jpg,,
1.0,1.0,0.17410714285714285,4.0,1.0,0.4227603077888489,0.2642901837825775,0.35598745942115784,2.0,2.0,0.2561660408973694,0.14699530601501465,0.5309628844261169,0.3565012216567993,0.10125604271888733,0.13225191831588745,patient58730/study1/view1_frontal.jpg,,
1.0,1.0,0.1956513073979592,5.0,1.0,0.4436176121234894,0.24109387397766113,0.3260449171066284,2.0,2.0,0.13332706689834595,0.1278950423002243,0.4573402404785156,0.5638390779495239,0.07704148441553116,0.16965095698833466,patient59002/study1/view1_frontal.jpg,,
1.0,1.0,0.09225526147959184,3.0,1.0,0.3622366487979889,0.26504480838775635,0.23318052291870117,2.0,2.0,0.22950798273086548,0.11629149317741394,0.5204029083251953,0.4962882697582245,0.7853491306304932,0.1251724809408188,patient59141/study1/view1_frontal.jpg,,
1.0,1.0,0.15369897959183673,1.0,1.0,0.39346742630004883,0.27776193618774414,0.3665603995323181,2.0,2.0,0.4444824755191803,0.1656147539615631,0.60207200050354,0.1755845844745636,0.0688830316066742,0.16831985116004944,patient59271/study1/view1_frontal.jpg,,
1.0,1.0,0.04783163265306122,1.0,1.0,0.38023990392684937,0.2804854214191437,0.060144927352666855,1.0,1.0,0.43642765283584595,0.5401136875152588,0.31785452365875244,0.18728452920913696,0.04915010184049606,0.10587377846240997,patient59271/study2/view1_frontal.jpg,,
1.0,1.0,0.04858896683673469,1.0,1.0,0.3686444163322449,0.28232815861701965,0.0,2.0,2.0,0.3078272342681885,0.2597070336341858,0.435297429561615,0.07253263145685196,0.008404427208006382,0.10500131547451019,patient59611/study1/view1_frontal.jpg,,
1.0,1.0,0.032505580357142856,1.0,1.0,0.3706468939781189,0.28235307335853577,0.027832839637994766,2.0,2.0,0.35926109552383423,0.1444450318813324,0.5348461866378784,0.7595950365066528,0.5473179221153259,0.20648357272148132,patient60342/study1/view1_frontal.jpg,,
1.0,1.0,0.0983139349489796,1.0,1.0,0.3744720220565796,0.2809830904006958,0.004173227120190859,2.0,2.0,0.32801270484924316,0.12294632196426392,0.5518269538879395,0.08229812234640121,0.04169116169214249,0.10474220663309097,patient60355/study1/view1_frontal.jpg,,
1.0,1.0,0.02977519132653061,1.0,1.0,0.36891627311706543,0.27791765332221985,0.11536198109388351,2.0,2.0,0.5728064179420471,0.031338904052972794,0.7818366885185242,0.15579046308994293,0.4314939081668854,0.1472773402929306,patient60649/study1/view1_frontal.jpg,1.0,
1.0,1.0,0.06417410714285714,3.0,1.0,0.37303632497787476,0.25812503695487976,0.12977086007595062,2.0,2.0,0.2212136685848236,0.10247789323329926,0.5313053727149963,0.3340318500995636,0.021640237420797348,0.10321757942438126,patient60807/study1/view1_frontal.jpg,,
1.0,1.0,0.20344387755102042,1.0,1.0,0.374227911233902,0.25195080041885376,0.3264612555503845,2.0,2.0,0.2901954650878906,0.28685566782951355,0.4653947949409485,0.29036110639572144,0.14770855009555817,0.16882650554180145,patient60876/study1/view1_frontal.jpg,,
1.0,1.0,0.16404257015306123,1.0,1.0,0.3575693666934967,0.25711697340011597,0.32154083251953125,2.0,2.0,0.3724299669265747,0.20434188842773438,0.5440528392791748,0.13203547894954681,0.18654020130634308,0.10791298002004623,patient60970/study1/view1_frontal.jpg,,
1.0,1.0,0.26534598214285715,2.0,1.0,0.46243417263031006,0.29254016280174255,0.11764561384916306,1.0,1.0,0.5828941464424133,0.6929391026496887,0.1970159113407135,0.615982174873352,0.0061073750257492065,0.1856498122215271,patient60971/study1/view1_frontal.jpg,,
1.0,1.0,0.4618343431122449,4.0,1.0,0.42792218923568726,0.28033238649368286,0.40022164583206177,1.0,1.0,0.03680196404457092,0.3710610568523407,0.3117499351501465,0.022728409618139267,0.003025176003575325,0.190582275390625,patient61514/study1/view1_frontal.jpg,,
1.0,1.0,0.26305404974489793,2.0,1.0,0.45965152978897095,0.2795204520225525,0.4935019612312317,2.0,2.0,0.42695847153663635,0.10668321698904037,0.6270638704299927,0.05229431390762329,0.05045505613088608,0.12136189639568329,patient61551/study1/view1_frontal.jpg,,
1.0,1.0,0.37717235331632654,1.0,1.0,0.4564425051212311,0.28101348876953125,0.4070771634578705,2.0,2.0,0.10707694292068481,0.27659323811531067,0.3877153694629669,0.01147113461047411,0.002628016984090209,0.13729718327522278,patient61627/study1/view1_frontal.jpg,,
1.0,1.0,0.36641023596938777,2.0,1.0,0.4509776830673218,0.2858507037162781,0.7252219319343567,2.0,2.0,0.6607360243797302,0.033101148903369904,0.8178482055664062,0.297982394695282,0.28217947483062744,0.14001081883907318,patient61750/study1/view1_frontal.jpg,,
1.0,1.0,0.2948620854591837,1.0,1.0,0.4530390501022339,0.2877621650695801,0.44439342617988586,2.0,2.0,0.307783842086792,0.2331497073173523,0.5223957896232605,0.2772454619407654,0.7890627384185791,0.16802211105823517,patient62040/study1/view1_frontal.jpg,,
1.0,1.0,0.37240911989795916,4.0,1.0,0.4266014099121094,0.28683409094810486,0.4843713045120239,1.0,1.0,0.2698010206222534,0.42582419514656067,0.40065526962280273,0.03555835038423538,0.05830980837345123,0.13777108490467072,patient62282/study1/view1_frontal.jpg,,
1.0,1.0,0.40198501275510207,5.0,1.0,0.43367883563041687,0.2991061806678772,0.5935831069946289,2.0,2.0,0.40677276253700256,0.3210030198097229,0.524001955986023,0.7143197059631348,0.12562444806098938,0.18376514315605164,patient62845/study1/view1_frontal.jpg,,
1.0,1.0,0.3707748724489796,1.0,1.0,0.4333076477050781,0.29613426327705383,0.13140130043029785,1.0,1.0,0.3580857813358307,0.518767237663269,0.29418960213661194,0.07175697386264801,0.003235642332583666,0.1825883388519287,patient62981/study1/view1_frontal.jpg,,
1.0,1.0,0.32491629464285715,3.0,1.0,0.44285497069358826,0.30060046911239624,0.5766201615333557,2.0,2.0,0.5373823642730713,0.15798503160476685,0.6912581324577332,0.7719176411628723,0.8987811207771301,0.14934420585632324,patient63045/study1/view1_frontal.jpg,1.0,
1.0,1.0,0.3528579400510204,5.0,1.0,0.46115952730178833,0.30766114592552185,0.2426740527153015,1.0,1.0,0.6473017930984497,0.7304878234863281,0.18322548270225525,0.05335760861635208,0.01595143973827362,0.17478778958320618,patient63077/study1/view1_frontal.jpg,,
